dataset,subject,model,target_session,drift,first_session,forward_expanding,future_matched,last_session,loso,loso_matched,delta,delta_last,delta_first,T,sessions_after,is_structural_zero,log_t,log_Tm1,log_ratio,subject_uid,drift_z
BNCI2014_004,1,csp_lda,1,0.6206793840523797,0.7044444444444444,0.7044444444444444,0.6894444444444444,0.7044444444444444,0.7147222222222221,0.7059444444444444,0.010277777777777719,0.010277777777777719,0.010277777777777719,5,3.0,False,0.0,1.3862943611198906,1.3862943611198906,BNCI2014_004/1,0.386745102279831
BNCI2014_004,1,csp_lda,2,0.897845439700943,0.8440624999999999,0.85640625,0.8656249999999999,0.67625,0.86109375,0.84671875,0.004687499999999956,0.18484374999999997,0.017031250000000053,5,2.0,False,0.6931471805599453,1.3862943611198906,0.6931471805599453,BNCI2014_004/1,1.5516225666285721
BNCI2014_004,1,csp_lda,3,0.6274151442991216,0.9196875,0.9340625,,0.94953125,0.9290625,0.910875,-0.0050000000000000044,-0.020468750000000036,0.009375000000000022,5,1.0,False,1.0986122886681098,1.3862943611198906,0.2876820724517808,BNCI2014_004/1,0.41505425181953753
BNCI2014_004,1,csp_lda,4,0.795257363147098,0.72421875,0.75296875,,0.7654687499999999,0.75296875,0.75296875,0.0,-0.012499999999999956,0.028749999999999942,5,0.0,True,1.3862943611198906,1.3862943611198906,0.0,BNCI2014_004/1,1.1204639306663733
BNCI2014_004,1,ts_lr,1,0.6206793840523797,0.6944444444444445,0.6944444444444445,0.7016666666666667,0.6944444444444445,0.6986111111111111,0.6934444444444445,0.004166666666666541,0.004166666666666541,0.004166666666666541,5,3.0,False,0.0,1.3862943611198906,1.3862943611198906,BNCI2014_004/1,0.386745102279831
BNCI2014_004,1,ts_lr,2,0.897845439700943,0.8273437499999999,0.8725,0.86953125,0.859375,0.878125,0.8663437500000001,0.005624999999999991,0.018750000000000044,0.05078125000000011,5,2.0,False,0.6931471805599453,1.3862943611198906,0.6931471805599453,BNCI2014_004/1,1.5516225666285721
BNCI2014_004,1,ts_lr,3,0.6274151442991216,0.90328125,0.94,,0.931875,0.9290625,0.9250625,-0.010937499999999933,-0.0028124999999999956,0.025781249999999978,5,1.0,False,1.0986122886681098,1.3862943611198906,0.2876820724517808,BNCI2014_004/1,0.41505425181953753
BNCI2014_004,1,ts_lr,4,0.795257363147098,0.7065625,0.7568750000000001,,0.77578125,0.7568750000000001,0.7568750000000001,0.0,-0.018906249999999902,0.05031250000000009,5,0.0,True,1.3862943611198906,1.3862943611198906,0.0,BNCI2014_004/1,1.1204639306663733
BNCI2014_004,2,csp_lda,1,0.8255095933338057,0.605,0.605,0.4781111111111111,0.605,0.6088888888888889,0.5748333333333334,0.0038888888888889417,0.0038888888888889417,0.0038888888888889417,5,3.0,False,0.0,1.3862943611198906,1.3862943611198906,BNCI2014_004/2,1.2476084365414712
BNCI2014_004,2,csp_lda,2,0.5919509101376014,0.5142187500000001,0.5159375,0.598125,0.52078125,0.53125,0.5235000000000001,0.015312499999999951,0.010468750000000027,0.017031249999999942,5,2.0,False,0.6931471805599453,1.3862943611198906,0.6931471805599453,BNCI2014_004/2,0.2660046610661764
BNCI2014_004,2,csp_lda,3,0.5280917698939078,0.5977777777777777,0.5930555555555556,,0.6013888888888889,0.5794444444444444,0.5862777777777778,-0.01361111111111113,-0.021944444444444433,-0.018333333333333313,5,1.0,False,1.0986122886681098,1.3862943611198906,0.2876820724517808,BNCI2014_004/2,-0.0023834472413063056
BNCI2014_004,2,csp_lda,4,0.4114009815496947,0.5743750000000001,0.61953125,,0.57171875,0.61953125,0.61953125,0.0,0.047812499999999925,0.0451562499999999,5,0.0,True,1.3862943611198906,1.3862943611198906,0.0,BNCI2014_004/2,-0.49281316209649634
BNCI2014_004,2,ts_lr,1,0.8255095933338057,0.6172222222222222,0.6172222222222222,0.516611111111111,0.6172222222222222,0.6230555555555556,0.595,0.005833333333333357,0.005833333333333357,0.005833333333333357,5,3.0,False,0.0,1.3862943611198906,1.3862943611198906,BNCI2014_004/2,1.2476084365414712
BNCI2014_004,2,ts_lr,2,0.5919509101376014,0.5589062499999999,0.5850000000000001,0.6040625000000001,0.54015625,0.604375,0.5949375,0.01937499999999992,0.06421874999999999,0.04546875000000006,5,2.0,False,0.6931471805599453,1.3862943611198906,0.6931471805599453,BNCI2014_004/2,0.2660046610661764
BNCI2014_004,2,ts_lr,3,0.5280917698939078,0.6361111111111111,0.6308333333333334,,0.6116666666666668,0.6058333333333333,0.584,-0.025000000000000022,-0.005833333333333468,-0.030277777777777737,5,1.0,False,1.0986122886681098,1.3862943611198906,0.2876820724517808,BNCI2014_004/2,-0.0023834472413063056
BNCI2014_004,2,ts_lr,4,0.4114009815496947,0.5874999999999999,0.60890625,,0.5753124999999999,0.60890625,0.60890625,0.0,0.03359375000000009,0.02140625000000007,5,0.0,True,1.3862943611198906,1.3862943611198906,0.0,BNCI2014_004/2,-0.49281316209649634
BNCI2014_004,3,csp_lda,1,0.1919270284535371,0.6327777777777777,0.6327777777777777,0.5818333333333333,0.6327777777777777,0.5163888888888888,0.5292222222222221,-0.11638888888888888,-0.11638888888888888,-0.11638888888888888,5,3.0,False,0.0,1.3862943611198906,1.3862943611198906,BNCI2014_004/3,-1.4152214323841634
BNCI2014_004,3,csp_lda,2,0.2773987848239761,0.5237499999999999,0.5203125,0.5246875,0.54875,0.52828125,0.5285624999999999,0.00796875000000008,-0.020468749999999925,0.004531250000000098,5,2.0,False,0.6931471805599453,1.3862943611198906,0.6931471805599453,BNCI2014_004/3,-1.0559995117876741
BNCI2014_004,3,csp_lda,3,0.3132128866225632,0.6214062499999999,0.5979687499999999,,0.5378124999999999,0.4753124999999999,0.4742499999999999,-0.12265625000000002,-0.0625,-0.14609375000000002,5,1.0,False,1.0986122886681098,1.3862943611198906,0.2876820724517808,BNCI2014_004/3,-0.9054794923233712
BNCI2014_004,3,csp_lda,4,0.6460708667092909,0.49171875,0.5484374999999999,,0.5193749999999999,0.5484374999999999,0.5484374999999999,0.0,0.02906249999999999,0.05671874999999993,5,0.0,True,1.3862943611198906,1.3862943611198906,0.0,BNCI2014_004/3,0.49346078888952766
BNCI2014_004,3,ts_lr,1,0.1919270284535371,0.656388888888889,0.656388888888889,0.6052777777777778,0.656388888888889,0.6269444444444445,0.5662777777777778,-0.029444444444444495,-0.029444444444444495,-0.029444444444444495,5,3.0,False,0.0,1.3862943611198906,1.3862943611198906,BNCI2014_004/3,-1.4152214323841634
BNCI2014_004,3,ts_lr,2,0.2773987848239761,0.5540625,0.550625,0.5265625,0.54515625,0.54046875,0.5448125,-0.010156249999999978,-0.004687499999999956,-0.01359374999999996,5,2.0,False,0.6931471805599453,1.3862943611198906,0.6931471805599453,BNCI2014_004/3,-1.0559995117876741
BNCI2014_004,3,ts_lr,3,0.3132128866225632,0.5921875,0.61328125,,0.5671875,0.6342187499999999,0.6185937499999999,0.020937499999999942,0.06703124999999999,0.042031249999999964,5,1.0,False,1.0986122886681098,1.3862943611198906,0.2876820724517808,BNCI2014_004/3,-0.9054794923233712
BNCI2014_004,3,ts_lr,4,0.6460708667092909,0.545625,0.5265625,,0.5596875,0.5265625,0.5265625,0.0,-0.03312499999999996,-0.019062499999999982,5,0.0,True,1.3862943611198906,1.3862943611198906,0.0,BNCI2014_004/3,0.49346078888952766
BNCI2014_004,4,csp_lda,1,0.4846837403115868,0.9689795918367348,0.9689795918367348,0.9611428571428572,0.9689795918367348,0.9675510204081632,0.9648163265306122,-0.0014285714285715567,-0.0014285714285715567,-0.0014285714285715567,5,3.0,False,0.0,1.3862943611198906,1.3862943611198906,BNCI2014_004/4,-0.18481933504837578
BNCI2014_004,4,csp_lda,2,0.4118782430400285,0.99625,0.996875,0.9978125,0.9975,0.9984375,0.9981875,0.0015625000000000222,0.0009374999999999245,0.002187500000000009,5,2.0,False,0.6931471805599453,1.3862943611198906,0.6931471805599453,BNCI2014_004/4,-0.49080732067630345
BNCI2014_004,4,csp_lda,3,0.5975995283160268,0.99125,0.9921875,,0.9940625,0.99203125,0.9920625,-0.00015624999999996891,-0.002031249999999929,0.0007812500000000666,5,1.0,False,1.0986122886681098,1.3862943611198906,0.2876820724517808,BNCI2014_004/4,0.28974475436642366
BNCI2014_004,4,csp_lda,4,0.9095388425243556,0.9721875,0.9771875,,0.97953125,0.9771875,0.9771874999999998,0.0,-0.002343749999999978,0.0050000000000000044,5,0.0,True,1.3862943611198906,1.3862943611198906,0.0,BNCI2014_004/4,1.6007677673230492
BNCI2014_004,4,ts_lr,1,0.4846837403115868,0.9712244897959184,0.9712244897959184,0.9673877551020408,0.9712244897959184,0.9753061224489796,0.9725714285714286,0.004081632653061273,0.004081632653061273,0.004081632653061273,5,3.0,False,0.0,1.3862943611198906,1.3862943611198906,BNCI2014_004/4,-0.18481933504837578
BNCI2014_004,4,ts_lr,2,0.4118782430400285,0.9975,0.99703125,0.9985937499999998,0.99734375,0.99796875,0.997,0.0009374999999999245,0.0006249999999999867,0.00046874999999990674,5,2.0,False,0.6931471805599453,1.3862943611198906,0.6931471805599453,BNCI2014_004/4,-0.49080732067630345
BNCI2014_004,4,ts_lr,3,0.5975995283160268,0.9925,0.99296875,,0.99375,0.9928125,0.99275,-0.00015624999999996891,-0.0009375000000000355,0.00031249999999993783,5,1.0,False,1.0986122886681098,1.3862943611198906,0.2876820724517808,BNCI2014_004/4,0.28974475436642366
BNCI2014_004,4,ts_lr,4,0.9095388425243556,0.9746875,0.9740625,,0.98140625,0.9740625,0.9740625000000002,0.0,-0.007343749999999982,-0.0006249999999999867,5,0.0,True,1.3862943611198906,1.3862943611198906,0.0,BNCI2014_004/4,1.6007677673230492
BNCI2014_004,5,csp_lda,1,0.3155982444809053,0.889795918367347,0.889795918367347,0.8883673469387755,0.889795918367347,0.8759183673469387,0.8771020408163265,-0.013877551020408219,-0.013877551020408219,-0.013877551020408219,5,3.0,False,0.0,1.3862943611198906,1.3862943611198906,BNCI2014_004/5,-0.8954542761868285
BNCI2014_004,5,csp_lda,2,0.6877012787253602,0.9146875,0.90609375,0.9225,0.90625,0.9215625,0.91421875,0.01546874999999992,0.015312499999999951,0.0068749999999999645,5,2.0,False,0.6931471805599453,1.3862943611198906,0.6931471805599453,BNCI2014_004/5,0.6684256801551496
BNCI2014_004,5,csp_lda,3,0.462289570849649,0.9134375,0.91859375,,0.928125,0.91734375,0.91728125,-0.0012499999999999734,-0.010781249999999964,0.00390625,5,1.0,False,1.0986122886681098,1.3862943611198906,0.2876820724517808,BNCI2014_004/5,-0.27893787087692906
BNCI2014_004,5,csp_lda,4,0.7244249644659547,0.8346875000000001,0.8309375,,0.8214062500000001,0.8309375,0.8309374999999999,0.0,0.00953124999999988,-0.003750000000000142,5,0.0,True,1.3862943611198906,1.3862943611198906,0.0,BNCI2014_004/5,0.8227685120251728
BNCI2014_004,5,ts_lr,1,0.3155982444809053,0.8814285714285715,0.8814285714285715,0.8828979591836734,0.8814285714285715,0.8657142857142857,0.8746938775510203,-0.01571428571428579,-0.01571428571428579,-0.01571428571428579,5,3.0,False,0.0,1.3862943611198906,1.3862943611198906,BNCI2014_004/5,-0.8954542761868285
BNCI2014_004,5,ts_lr,2,0.6877012787253602,0.91765625,0.90734375,0.92125,0.910625,0.92265625,0.91840625,0.015312499999999951,0.012031249999999938,0.0050000000000000044,5,2.0,False,0.6931471805599453,1.3862943611198906,0.6931471805599453,BNCI2014_004/5,0.6684256801551496
BNCI2014_004,5,ts_lr,3,0.462289570849649,0.914375,0.92703125,,0.934375,0.92359375,0.9274687499999998,-0.0034374999999999822,-0.010781249999999964,0.009218749999999942,5,1.0,False,1.0986122886681098,1.3862943611198906,0.2876820724517808,BNCI2014_004/5,-0.27893787087692906
BNCI2014_004,5,ts_lr,4,0.7244249644659547,0.8320312499999999,0.8309375000000001,,0.828125,0.8309375000000001,0.8309375000000001,0.0,0.0028125000000001066,-0.0010937499999997824,5,0.0,True,1.3862943611198906,1.3862943611198906,0.0,BNCI2014_004/5,0.8227685120251728
BNCI2014_004,6,csp_lda,1,0.3818921046712118,0.7191666666666667,0.7191666666666667,0.8202777777777778,0.7191666666666667,0.8319444444444444,0.8150000000000001,0.11277777777777764,0.11277777777777764,0.11277777777777764,5,3.0,False,0.0,1.3862943611198906,1.3862943611198906,BNCI2014_004/6,-0.6168334920519495
BNCI2014_004,6,csp_lda,2,0.2982344234950193,0.7096875000000001,0.7975,0.86484375,0.70984375,0.8620312499999999,0.8429375,0.06453124999999993,0.15218749999999992,0.15234374999999978,5,2.0,False,0.6931471805599453,1.3862943611198906,0.6931471805599453,BNCI2014_004/6,-0.9684311914664222
BNCI2014_004,6,csp_lda,3,0.2017327631533601,0.685625,0.884375,,0.8446875,0.88203125,0.8830937499999999,-0.002343749999999978,0.03734375000000001,0.19640625,5,1.0,False,1.0986122886681098,1.3862943611198906,0.2876820724517808,BNCI2014_004/6,-1.3740097502881077
BNCI2014_004,6,csp_lda,4,0.2276925771895087,0.6940625,0.9409375,,0.940625,0.9409375,0.9409375,0.0,0.00031249999999993783,0.24687499999999996,5,0.0,True,1.3862943611198906,1.3862943611198906,0.0,BNCI2014_004/6,-1.2649054724261142
BNCI2014_004,6,ts_lr,1,0.3818921046712118,0.8497222222222222,0.8497222222222222,0.8280000000000001,0.8497222222222222,0.8380555555555556,0.8395555555555555,-0.011666666666666603,-0.011666666666666603,-0.011666666666666603,5,3.0,False,0.0,1.3862943611198906,1.3862943611198906,BNCI2014_004/6,-0.6168334920519495
BNCI2014_004,6,ts_lr,2,0.2982344234950193,0.8617187500000001,0.85703125,0.868125,0.8421875000000001,0.8759375,0.8588125,0.018906250000000013,0.03374999999999995,0.014218749999999947,5,2.0,False,0.6931471805599453,1.3862943611198906,0.6931471805599453,BNCI2014_004/6,-0.9684311914664222
BNCI2014_004,6,ts_lr,3,0.2017327631533601,0.870625,0.88015625,,0.8857812500000001,0.88296875,0.8806875,0.0028124999999999956,-0.0028125000000001066,0.012343749999999987,5,1.0,False,1.0986122886681098,1.3862943611198906,0.2876820724517808,BNCI2014_004/6,-1.3740097502881077
BNCI2014_004,6,ts_lr,4,0.2276925771895087,0.914375,0.9259375,,0.93921875,0.9259375,0.9259375,0.0,-0.013281250000000022,0.01156249999999992,5,0.0,True,1.3862943611198906,1.3862943611198906,0.0,BNCI2014_004/6,-1.2649054724261142
BNCI2014_004,7,csp_lda,1,0.4925168626211541,0.5972222222222222,0.5972222222222222,0.5903888888888889,0.5972222222222222,0.5769444444444444,0.5936666666666668,-0.02027777777777784,-0.02027777777777784,-0.02027777777777784,5,3.0,False,0.0,1.3862943611198906,1.3862943611198906,BNCI2014_004/7,-0.1518981765300614
BNCI2014_004,7,csp_lda,2,0.4930082236138932,0.89234375,0.7634374999999999,0.90875,0.76515625,0.91109375,0.9045,0.14765625000000016,0.14593750000000005,0.018750000000000044,5,2.0,False,0.6931471805599453,1.3862943611198906,0.6931471805599453,BNCI2014_004/7,-0.14983307751942512
BNCI2014_004,7,csp_lda,3,0.2786619007128388,0.74546875,0.7567187500000001,,0.7506250000000001,0.7578125,0.75684375,0.0010937499999998934,0.007187499999999902,0.012343749999999987,5,1.0,False,1.0986122886681098,1.3862943611198906,0.2876820724517808,BNCI2014_004/7,-1.0506908702574045
BNCI2014_004,7,csp_lda,4,0.4355388638424729,0.846875,0.86828125,,0.80625,0.86828125,0.8682812500000001,0.0,0.06203124999999998,0.02140624999999996,5,0.0,True,1.3862943611198906,1.3862943611198906,0.0,BNCI2014_004/7,-0.3913661250335881
BNCI2014_004,7,ts_lr,1,0.4925168626211541,0.6397222222222222,0.6397222222222222,0.6103333333333333,0.6397222222222222,0.6194444444444445,0.6374444444444445,-0.020277777777777728,-0.020277777777777728,-0.020277777777777728,5,3.0,False,0.0,1.3862943611198906,1.3862943611198906,BNCI2014_004/7,-0.1518981765300614
BNCI2014_004,7,ts_lr,2,0.4930082236138932,0.89515625,0.90765625,0.9296874999999998,0.92453125,0.93109375,0.9294375,0.0234375,0.006562500000000027,0.03593750000000007,5,2.0,False,0.6931471805599453,1.3862943611198906,0.6931471805599453,BNCI2014_004/7,-0.14983307751942512
BNCI2014_004,7,ts_lr,3,0.2786619007128388,0.735625,0.7796875,,0.77625,0.779375,0.7768750000000001,-0.00031249999999993783,0.0031250000000000444,0.04375000000000007,5,1.0,False,1.0986122886681098,1.3862943611198906,0.2876820724517808,BNCI2014_004/7,-1.0506908702574045
BNCI2014_004,7,ts_lr,4,0.4355388638424729,0.8123437499999999,0.8634375,,0.8678125,0.8634375,0.8634375000000001,0.0,-0.004375000000000018,0.05109375000000005,5,0.0,True,1.3862943611198906,1.3862943611198906,0.0,BNCI2014_004/7,-0.3913661250335881
BNCI2014_004,8,csp_lda,1,0.3385491756388233,0.6050000000000001,0.6050000000000001,0.6739444444444445,0.6050000000000001,0.68,0.6471666666666667,0.07499999999999996,0.07499999999999996,0.07499999999999996,5,3.0,False,0.0,1.3862943611198906,1.3862943611198906,BNCI2014_004/8,-0.7989957743363092
BNCI2014_004,8,csp_lda,2,0.5068841267282499,0.80046875,0.81109375,0.9390625,0.9290625,0.93390625,0.9319375,0.1228125000000001,0.0048437500000000355,0.1334375000000001,5,2.0,False,0.6931471805599453,1.3862943611198906,0.6931471805599453,BNCI2014_004/8,-0.09151523337513467
BNCI2014_004,8,csp_lda,3,0.5658172602184922,0.803125,0.93578125,,0.93484375,0.93734375,0.93621875,0.0015625000000000222,0.0025000000000000577,0.13421875000000005,5,1.0,False,1.0986122886681098,1.3862943611198906,0.2876820724517808,BNCI2014_004/8,0.1561697832680467
BNCI2014_004,8,csp_lda,4,0.7038226187774624,0.90953125,0.9859375,,0.98671875,0.9859375,0.9859375,0.0,-0.0007812499999999556,0.07640625000000001,5,0.0,True,1.3862943611198906,1.3862943611198906,0.0,BNCI2014_004/8,0.7361806787889223
BNCI2014_004,8,ts_lr,1,0.3385491756388233,0.6827777777777777,0.6827777777777777,0.6882222222222223,0.6827777777777777,0.7108333333333333,0.6864444444444444,0.02805555555555561,0.02805555555555561,0.02805555555555561,5,3.0,False,0.0,1.3862943611198906,1.3862943611198906,BNCI2014_004/8,-0.7989957743363092
BNCI2014_004,8,ts_lr,2,0.5068841267282499,0.88734375,0.90875,0.9428125000000002,0.9096875,0.93546875,0.9346250000000002,0.026718750000000013,0.025781249999999978,0.04812499999999997,5,2.0,False,0.6931471805599453,1.3862943611198906,0.6931471805599453,BNCI2014_004/8,-0.09151523337513467
BNCI2014_004,8,ts_lr,3,0.5658172602184922,0.8820312499999999,0.9234375,,0.9365625,0.9265625,0.9249375,0.0031249999999999334,-0.010000000000000009,0.04453125000000002,5,1.0,False,1.0986122886681098,1.3862943611198906,0.2876820724517808,BNCI2014_004/8,0.1561697832680467
BNCI2014_004,8,ts_lr,4,0.7038226187774624,0.96046875,0.98546875,,0.98734375,0.98546875,0.98546875,0.0,-0.00187499999999996,0.025000000000000022,5,0.0,True,1.3862943611198906,1.3862943611198906,0.0,BNCI2014_004/8,0.7361806787889223
BNCI2014_004,9,csp_lda,1,0.4873110952077716,0.6391666666666668,0.6391666666666668,0.6847777777777777,0.6391666666666668,0.7,0.6810555555555556,0.060833333333333184,0.060833333333333184,0.060833333333333184,5,3.0,False,0.0,1.3862943611198906,1.3862943611198906,BNCI2014_004/9,-0.17377705029871407
BNCI2014_004,9,csp_lda,2,1.3670264294503234,0.7959375,0.8023437499999999,0.8682812500000001,0.8692187499999999,0.8714062499999999,0.8556562499999998,0.06906250000000003,0.002187500000000009,0.07546874999999997,5,2.0,False,0.6931471805599453,1.3862943611198906,0.6931471805599453,BNCI2014_004/9,3.5235031433499944
BNCI2014_004,9,csp_lda,3,0.6454477082237454,0.7550000000000001,0.8931250000000001,,0.90453125,0.8896875000000001,0.8920625,-0.0034374999999999822,-0.014843749999999933,0.13468749999999996,5,1.0,False,1.0986122886681098,1.3862943611198906,0.2876820724517808,BNCI2014_004/9,0.49084176949037706
BNCI2014_004,9,csp_lda,4,0.2871088848531031,0.69796875,0.86203125,,0.85671875,0.86203125,0.86203125,0.0,0.005312500000000053,0.1640625,5,0.0,True,1.3862943611198906,1.3862943611198906,0.0,BNCI2014_004/9,-1.0151897644539525
BNCI2014_004,9,ts_lr,1,0.4873110952077716,0.6861111111111111,0.6861111111111111,0.6943888888888889,0.6861111111111111,0.6925,0.6913888888888888,0.006388888888888888,0.006388888888888888,0.006388888888888888,5,3.0,False,0.0,1.3862943611198906,1.3862943611198906,BNCI2014_004/9,-0.17377705029871407
BNCI2014_004,9,ts_lr,2,1.3670264294503234,0.875,0.8729687500000001,0.8743749999999999,0.858125,0.87453125,0.87340625,0.0015624999999999112,0.016406249999999956,-0.00046875000000001776,5,2.0,False,0.6931471805599453,1.3862943611198906,0.6931471805599453,BNCI2014_004/9,3.5235031433499944
BNCI2014_004,9,ts_lr,3,0.6454477082237454,0.90203125,0.9015625,,0.9034375,0.893125,0.8960625,-0.008437500000000098,-0.010312500000000058,-0.008906250000000004,5,1.0,False,1.0986122886681098,1.3862943611198906,0.2876820724517808,BNCI2014_004/9,0.49084176949037706
BNCI2014_004,9,ts_lr,4,0.2871088848531031,0.87171875,0.87109375,,0.86015625,0.87109375,0.87109375,0.0,0.010937500000000044,-0.0006249999999999867,5,0.0,True,1.3862943611198906,1.3862943611198906,0.0,BNCI2014_004/9,-1.0151897644539525
Kumar2024,1,csp_lda,1,1.384759578759453,0.66125,0.66125,0.7391249999999999,0.66125,0.764375,0.673125,0.10312500000000002,0.10312500000000002,0.10312500000000002,6,4.0,False,0.0,1.6094379124341003,1.6094379124341003,Kumar2024/1,-0.9185068951844927
Kumar2024,1,csp_lda,2,0.9092091045458492,0.6866666666666668,0.8233333333333334,0.5762222222222222,0.7533333333333334,0.741111111111111,0.6771111111111111,-0.08222222222222231,-0.012222222222222356,0.054444444444444295,6,3.0,False,0.6931471805599453,1.6094379124341003,0.916290731874155,Kumar2024/1,-1.644542203712492
Kumar2024,1,csp_lda,3,1.1285724614946389,0.6911111111111111,0.8133333333333334,,0.5933333333333333,0.7477777777777779,0.7917777777777778,-0.06555555555555548,0.1544444444444446,0.056666666666666754,6,2.0,False,1.0986122886681098,1.6094379124341003,0.5108256237659905,Kumar2024/1,-1.3096344469587589
Kumar2024,1,csp_lda,4,1.3202640359144953,0.528888888888889,0.6377777777777778,,0.5855555555555556,0.6633333333333333,0.6488888888888888,0.025555555555555554,0.07777777777777772,0.13444444444444437,6,1.0,False,1.3862943611198906,1.6094379124341003,0.2231435513142097,Kumar2024/1,-1.0169739221085092
Kumar2024,1,csp_lda,5,1.1559894899774623,0.5811111111111111,0.6644444444444444,,0.74,0.6644444444444444,0.6644444444444444,0.0,-0.0755555555555556,0.08333333333333326,6,0.0,True,1.6094379124341003,1.6094379124341003,0.0,Kumar2024/1,-1.2677761546999509
Kumar2024,1,ts_lr,1,1.384759578759453,0.65625,0.65625,0.75425,0.65625,0.7975,0.67175,0.14125,0.14125,0.14125,6,4.0,False,0.0,1.6094379124341003,1.6094379124341003,Kumar2024/1,-0.9185068951844927
Kumar2024,1,ts_lr,2,0.9092091045458492,0.7511111111111111,0.8044444444444445,0.6508888888888889,0.7666666666666667,0.7488888888888888,0.7022222222222222,-0.05555555555555569,-0.017777777777777892,-0.0022222222222222365,6,3.0,False,0.6931471805599453,1.6094379124341003,0.916290731874155,Kumar2024/1,-1.644542203712492
Kumar2024,1,ts_lr,3,1.1285724614946389,0.7011111111111111,0.7577777777777778,,0.6677777777777778,0.75,0.7353333333333334,-0.007777777777777772,0.0822222222222222,0.04888888888888887,6,2.0,False,1.0986122886681098,1.6094379124341003,0.5108256237659905,Kumar2024/1,-1.3096344469587589
Kumar2024,1,ts_lr,4,1.3202640359144953,0.4922222222222221,0.6288888888888889,,0.6188888888888889,0.67,0.6757777777777777,0.0411111111111111,0.05111111111111111,0.17777777777777792,6,1.0,False,1.3862943611198906,1.6094379124341003,0.2231435513142097,Kumar2024/1,-1.0169739221085092
Kumar2024,1,ts_lr,5,1.1559894899774623,0.62,0.7299999999999999,,0.7266666666666667,0.7299999999999999,0.7299999999999999,0.0,0.0033333333333331883,0.10999999999999988,6,0.0,True,1.6094379124341003,1.6094379124341003,0.0,Kumar2024/1,-1.2677761546999509
Kumar2024,2,csp_lda,1,3.0812123647474867,0.68125,0.68125,0.930375,0.68125,0.92875,0.812375,0.24749999999999994,0.24749999999999994,0.24749999999999994,6,4.0,False,0.0,1.6094379124341003,1.6094379124341003,Kumar2024/2,1.6715118066468668
Kumar2024,2,csp_lda,2,1.7575917854079153,0.4866666666666667,0.9555555555555556,0.9953333333333332,0.9888888888888888,0.9966666666666668,0.9968888888888888,0.04111111111111121,0.007777777777777994,0.5100000000000001,6,3.0,False,0.6931471805599453,1.6094379124341003,0.916290731874155,Kumar2024/2,-0.3492942440335973
Kumar2024,2,csp_lda,3,2.2847163733968743,0.66,0.9733333333333334,,0.9788888888888888,0.9766666666666668,0.9622222222222224,0.0033333333333334103,-0.0022222222222220145,0.31666666666666676,6,2.0,False,1.0986122886681098,1.6094379124341003,0.5108256237659905,Kumar2024/2,0.4554806087433453
Kumar2024,2,csp_lda,4,3.36493969308904,0.4511111111111111,0.9844444444444445,,0.9733333333333334,0.9922222222222222,0.9871111111111112,0.007777777777777772,0.018888888888888844,0.5411111111111111,6,1.0,False,1.3862943611198906,1.6094379124341003,0.2231435513142097,Kumar2024/2,2.104685716757946
Kumar2024,2,csp_lda,5,1.237170712689507,0.3755555555555555,0.9922222222222222,,0.9877777777777778,0.9922222222222222,0.9922222222222222,0.0,0.004444444444444473,0.6166666666666667,6,0.0,True,1.6094379124341003,1.6094379124341003,0.0,Kumar2024/2,-1.1438346652589264
Kumar2024,2,ts_lr,1,3.0812123647474867,0.724375,0.724375,0.90825,0.724375,0.889375,0.866,0.16500000000000004,0.16500000000000004,0.16500000000000004,6,4.0,False,0.0,1.6094379124341003,1.6094379124341003,Kumar2024/2,1.6715118066468668
Kumar2024,2,ts_lr,2,1.7575917854079153,0.6866666666666668,0.9533333333333334,0.9953333333333332,0.9733333333333334,0.9955555555555556,0.987777777777778,0.04222222222222227,0.022222222222222254,0.3088888888888889,6,3.0,False,0.6931471805599453,1.6094379124341003,0.916290731874155,Kumar2024/2,-0.3492942440335973
Kumar2024,2,ts_lr,3,2.2847163733968743,0.65,0.9744444444444444,,0.971111111111111,0.9788888888888888,0.9588888888888888,0.004444444444444362,0.007777777777777772,0.3288888888888888,6,2.0,False,1.0986122886681098,1.6094379124341003,0.5108256237659905,Kumar2024/2,0.4554806087433453
Kumar2024,2,ts_lr,4,3.36493969308904,0.6533333333333333,0.982222222222222,,0.9755555555555556,0.9833333333333332,0.9831111111111112,0.0011111111111111738,0.00777777777777755,0.32999999999999985,6,1.0,False,1.3862943611198906,1.6094379124341003,0.2231435513142097,Kumar2024/2,2.104685716757946
Kumar2024,2,ts_lr,5,1.237170712689507,0.4,0.9811111111111112,,1.0,0.9811111111111112,0.9811111111111112,0.0,-0.018888888888888844,0.5811111111111111,6,0.0,True,1.6094379124341003,1.6094379124341003,0.0,Kumar2024/2,-1.1438346652589264
Kumar2024,3,csp_lda,1,2.189030193998544,0.463125,0.463125,0.6058749999999999,0.463125,0.6487499999999999,0.6058749999999999,0.18562499999999993,0.18562499999999993,0.18562499999999993,6,4.0,False,0.0,1.6094379124341003,1.6094379124341003,Kumar2024/3,0.3093940237258158
Kumar2024,3,csp_lda,2,2.2286040467209167,0.3633333333333333,0.7922222222222223,0.7731111111111111,0.8955555555555557,0.8855555555555555,0.8513333333333334,0.09333333333333327,-0.01000000000000012,0.5222222222222223,6,3.0,False,0.6931471805599453,1.6094379124341003,0.916290731874155,Kumar2024/3,0.36981245652927835
Kumar2024,3,csp_lda,3,1.9773113982845365,0.4333333333333333,0.88,,0.7866666666666667,0.7477777777777779,0.6855555555555555,-0.13222222222222213,-0.03888888888888886,0.3144444444444446,6,2.0,False,1.0986122886681098,1.6094379124341003,0.5108256237659905,Kumar2024/3,-0.01384258206579437
Kumar2024,3,csp_lda,4,1.632583436661953,0.4922222222222221,0.7111111111111111,,0.7022222222222223,0.7444444444444445,0.7182222222222222,0.033333333333333326,0.04222222222222216,0.25222222222222235,6,1.0,False,1.3862943611198906,1.6094379124341003,0.2231435513142097,Kumar2024/3,-0.5401477495430533
Kumar2024,3,csp_lda,5,2.0548717048296323,0.3377777777777777,0.6722222222222223,,0.6433333333333333,0.6722222222222223,0.6722222222222223,0.0,0.028888888888888964,0.3344444444444446,6,0.0,True,1.6094379124341003,1.6094379124341003,0.0,Kumar2024/3,0.10457076025105357
Kumar2024,3,ts_lr,1,2.189030193998544,0.500625,0.500625,0.676125,0.500625,0.74,0.676125,0.239375,0.239375,0.239375,6,4.0,False,0.0,1.6094379124341003,1.6094379124341003,Kumar2024/3,0.3093940237258158
Kumar2024,3,ts_lr,2,2.2286040467209167,0.4577777777777777,0.7000000000000001,0.8457777777777779,0.8433333333333334,0.7633333333333333,0.8373333333333333,0.06333333333333324,-0.08000000000000007,0.30555555555555564,6,3.0,False,0.6931471805599453,1.6094379124341003,0.916290731874155,Kumar2024/3,0.36981245652927835
Kumar2024,3,ts_lr,3,1.9773113982845365,0.5966666666666667,0.768888888888889,,0.8622222222222221,0.7288888888888889,0.6622222222222223,-0.040000000000000036,-0.1333333333333332,0.13222222222222224,6,2.0,False,1.0986122886681098,1.6094379124341003,0.5108256237659905,Kumar2024/3,-0.01384258206579437
Kumar2024,3,ts_lr,4,1.632583436661953,0.5722222222222222,0.7277777777777779,,0.6866666666666668,0.7522222222222222,0.7457777777777779,0.02444444444444438,0.06555555555555548,0.18000000000000005,6,1.0,False,1.3862943611198906,1.6094379124341003,0.2231435513142097,Kumar2024/3,-0.5401477495430533
Kumar2024,3,ts_lr,5,2.0548717048296323,0.4955555555555555,0.6133333333333333,,0.7655555555555555,0.6133333333333333,0.6133333333333333,0.0,-0.15222222222222226,0.11777777777777776,6,0.0,True,1.6094379124341003,1.6094379124341003,0.0,Kumar2024/3,0.10457076025105357
Kumar2024,4,csp_lda,1,1.6502910820520016,0.6318750000000001,0.6318750000000001,0.637125,0.6318750000000001,0.6925,0.6315000000000002,0.06062499999999993,0.06062499999999993,0.06062499999999993,6,4.0,False,0.0,1.6094379124341003,1.6094379124341003,Kumar2024/4,-0.5131130256153181
Kumar2024,4,csp_lda,2,2.165314196797039,0.7844444444444446,0.7933333333333333,0.7628888888888888,0.7922222222222223,0.8022222222222223,0.7933333333333332,0.008888888888888946,0.010000000000000009,0.01777777777777767,6,3.0,False,0.6931471805599453,1.6094379124341003,0.916290731874155,Kumar2024/4,0.2731861924252213
Kumar2024,4,csp_lda,3,2.682348558289477,0.6155555555555555,0.7011111111111111,,0.7255555555555555,0.8055555555555555,0.76,0.10444444444444434,0.07999999999999996,0.18999999999999995,6,2.0,False,1.0986122886681098,1.6094379124341003,0.5108256237659905,Kumar2024/4,1.0625560333164468
Kumar2024,4,csp_lda,4,1.3059928735535424,0.7155555555555556,0.8311111111111111,,0.6444444444444445,0.7944444444444444,0.8026666666666668,-0.036666666666666736,0.1499999999999999,0.07888888888888879,6,1.0,False,1.3862943611198906,1.6094379124341003,0.2231435513142097,Kumar2024/4,-1.0387620777925546
Kumar2024,4,csp_lda,5,1.509475988454226,0.7833333333333333,0.8977777777777779,,0.8666666666666667,0.8977777777777779,0.897777777777778,0.0,0.0311111111111112,0.11444444444444457,6,0.0,True,1.6094379124341003,1.6094379124341003,0.0,Kumar2024/4,-0.7280991006365329
Kumar2024,4,ts_lr,1,1.6502910820520016,0.6037500000000001,0.6037500000000001,0.6512499999999999,0.6037500000000001,0.629375,0.6623749999999999,0.025624999999999898,0.025624999999999898,0.025624999999999898,6,4.0,False,0.0,1.6094379124341003,1.6094379124341003,Kumar2024/4,-0.5131130256153181
Kumar2024,4,ts_lr,2,2.165314196797039,0.7133333333333334,0.7733333333333333,0.7464444444444445,0.8166666666666667,0.7866666666666667,0.8031111111111111,0.01333333333333342,-0.029999999999999916,0.07333333333333336,6,3.0,False,0.6931471805599453,1.6094379124341003,0.916290731874155,Kumar2024/4,0.2731861924252213
Kumar2024,4,ts_lr,3,2.682348558289477,0.6622222222222222,0.768888888888889,,0.7955555555555556,0.8022222222222223,0.7948888888888889,0.033333333333333326,0.00666666666666671,0.14000000000000012,6,2.0,False,1.0986122886681098,1.6094379124341003,0.5108256237659905,Kumar2024/4,1.0625560333164468
Kumar2024,4,ts_lr,4,1.3059928735535424,0.6666666666666667,0.7377777777777778,,0.8066666666666668,0.7444444444444445,0.754,0.00666666666666671,-0.06222222222222229,0.07777777777777772,6,1.0,False,1.3862943611198906,1.6094379124341003,0.2231435513142097,Kumar2024/4,-1.0387620777925546
Kumar2024,4,ts_lr,5,1.509475988454226,0.8777777777777778,0.8477777777777779,,0.6388888888888888,0.8477777777777779,0.8477777777777777,0.0,0.208888888888889,-0.029999999999999916,6,0.0,True,1.6094379124341003,1.6094379124341003,0.0,Kumar2024/4,-0.7280991006365329
Kumar2024,5,csp_lda,1,1.5630482153408447,0.628125,0.628125,0.5875,0.628125,0.599375,0.60625,-0.028750000000000053,-0.028750000000000053,-0.028750000000000053,6,4.0,False,0.0,1.6094379124341003,1.6094379124341003,Kumar2024/5,-0.6463089850016412
Kumar2024,5,csp_lda,2,2.401865399466426,0.7288888888888889,0.89,0.5633333333333332,0.9055555555555556,0.8355555555555556,0.7677777777777777,-0.054444444444444406,-0.06999999999999995,0.10666666666666669,6,3.0,False,0.6931471805599453,1.6094379124341003,0.916290731874155,Kumar2024/5,0.6343350813980349
Kumar2024,5,csp_lda,3,3.8231488874135504,0.7922222222222222,0.7566666666666667,,0.8455555555555555,0.8455555555555556,0.8153333333333335,0.0888888888888889,1.1102230246251565e-16,0.053333333333333455,6,2.0,False,1.0986122886681098,1.6094379124341003,0.5108256237659905,Kumar2024/5,2.8042456411211654
Kumar2024,5,csp_lda,4,1.7688037506104302,0.79,0.5255555555555556,,0.7455555555555555,0.5677777777777777,0.5913333333333333,0.04222222222222216,-0.1777777777777778,-0.22222222222222232,6,1.0,False,1.3862943611198906,1.6094379124341003,0.2231435513142097,Kumar2024/5,-0.33217664441712275
Kumar2024,5,csp_lda,5,1.9565779086931203,0.8344444444444444,0.8255555555555556,,0.7777777777777778,0.8255555555555556,0.8255555555555556,0.0,0.04777777777777781,-0.008888888888888835,6,0.0,True,1.6094379124341003,1.6094379124341003,0.0,Kumar2024/5,-0.045496941231892934
Kumar2024,5,ts_lr,1,1.5630482153408447,0.746875,0.746875,0.615625,0.746875,0.77125,0.6585,0.024375000000000036,0.024375000000000036,0.024375000000000036,6,4.0,False,0.0,1.6094379124341003,1.6094379124341003,Kumar2024/5,-0.6463089850016412
Kumar2024,5,ts_lr,2,2.401865399466426,0.8788888888888889,0.8777777777777778,0.5822222222222223,0.9133333333333334,0.8733333333333334,0.8175555555555555,-0.004444444444444362,-0.040000000000000036,-0.005555555555555536,6,3.0,False,0.6931471805599453,1.6094379124341003,0.916290731874155,Kumar2024/5,0.6343350813980349
Kumar2024,5,ts_lr,3,3.8231488874135504,0.8377777777777777,0.8455555555555555,,0.8611111111111112,0.8766666666666667,0.8693333333333333,0.0311111111111112,0.015555555555555545,0.03888888888888897,6,2.0,False,1.0986122886681098,1.6094379124341003,0.5108256237659905,Kumar2024/5,2.8042456411211654
Kumar2024,5,ts_lr,4,1.7688037506104302,0.7822222222222223,0.73,,0.7455555555555555,0.74,0.7462222222222223,0.010000000000000009,-0.005555555555555536,-0.04222222222222227,6,1.0,False,1.3862943611198906,1.6094379124341003,0.2231435513142097,Kumar2024/5,-0.33217664441712275
Kumar2024,5,ts_lr,5,1.9565779086931203,0.851111111111111,0.83,,0.7277777777777777,0.83,0.8299999999999998,0.0,0.10222222222222221,-0.02111111111111108,6,0.0,True,1.6094379124341003,1.6094379124341003,0.0,Kumar2024/5,-0.045496941231892934
Kumar2024,6,csp_lda,1,1.6640521449835766,0.52625,0.52625,0.480375,0.52625,0.588125,0.51075,0.06187500000000001,0.06187500000000001,0.06187500000000001,6,4.0,False,0.0,1.6094379124341003,1.6094379124341003,Kumar2024/6,-0.4921036520304827
Kumar2024,6,csp_lda,2,1.6888734791975395,0.4688888888888888,0.4688888888888888,0.5253333333333334,0.4322222222222223,0.4833333333333333,0.4993333333333333,0.014444444444444482,0.051111111111110996,0.014444444444444482,6,3.0,False,0.6931471805599453,1.6094379124341003,0.916290731874155,Kumar2024/6,-0.45420827389231144
Kumar2024,6,csp_lda,3,1.872687075568268,0.7300000000000001,0.6533333333333333,,0.5622222222222222,0.6811111111111111,0.6575555555555554,0.02777777777777779,0.11888888888888893,-0.04888888888888898,6,2.0,False,1.0986122886681098,1.6094379124341003,0.5108256237659905,Kumar2024/6,-0.1735752635407778
Kumar2024,6,csp_lda,4,1.4990503748786252,0.5566666666666668,0.4333333333333333,,0.4933333333333334,0.5111111111111111,0.5375555555555556,0.07777777777777778,0.01777777777777767,-0.04555555555555568,6,1.0,False,1.3862943611198906,1.6094379124341003,0.2231435513142097,Kumar2024/6,-0.7440161567207941
Kumar2024,6,csp_lda,5,1.8641000028066792,0.6077777777777778,0.5677777777777777,,0.5522222222222222,0.5677777777777777,0.5677777777777777,0.0,0.015555555555555545,-0.040000000000000036,6,0.0,True,1.6094379124341003,1.6094379124341003,0.0,Kumar2024/6,-0.18668537142600763
Kumar2024,6,ts_lr,1,1.6640521449835766,0.521875,0.521875,0.544125,0.521875,0.59375,0.5233749999999999,0.07187500000000002,0.07187500000000002,0.07187500000000002,6,4.0,False,0.0,1.6094379124341003,1.6094379124341003,Kumar2024/6,-0.4921036520304827
Kumar2024,6,ts_lr,2,1.6888734791975395,0.4766666666666666,0.4633333333333333,0.5828888888888889,0.51,0.5455555555555556,0.5691111111111111,0.08222222222222225,0.03555555555555556,0.06888888888888894,6,3.0,False,0.6931471805599453,1.6094379124341003,0.916290731874155,Kumar2024/6,-0.45420827389231144
Kumar2024,6,ts_lr,3,1.872687075568268,0.71,0.7077777777777777,,0.5611111111111111,0.6866666666666668,0.6613333333333333,-0.02111111111111097,0.12555555555555564,-0.023333333333333206,6,2.0,False,1.0986122886681098,1.6094379124341003,0.5108256237659905,Kumar2024/6,-0.1735752635407778
Kumar2024,6,ts_lr,4,1.4990503748786252,0.4766666666666667,0.5555555555555556,,0.4888888888888889,0.5288888888888889,0.5313333333333332,-0.026666666666666727,0.03999999999999998,0.05222222222222217,6,1.0,False,1.3862943611198906,1.6094379124341003,0.2231435513142097,Kumar2024/6,-0.7440161567207941
Kumar2024,6,ts_lr,5,1.8641000028066792,0.5833333333333334,0.5955555555555555,,0.5555555555555556,0.5955555555555555,0.5955555555555555,0.0,0.039999999999999925,0.012222222222222134,6,0.0,True,1.6094379124341003,1.6094379124341003,0.0,Kumar2024/6,-0.18668537142600763
Kumar2024,7,csp_lda,1,3.0498502261052125,0.59,0.59,0.8811249999999999,0.59,0.93375,0.6389999999999999,0.34375,0.34375,0.34375,6,4.0,False,0.0,1.6094379124341003,1.6094379124341003,Kumar2024/7,1.6236304118424665
Kumar2024,7,csp_lda,2,1.5804709605581988,0.7344444444444445,0.8744444444444445,0.9393333333333336,0.9033333333333332,0.9477777777777778,0.9273333333333332,0.07333333333333336,0.04444444444444462,0.21333333333333337,6,3.0,False,0.6931471805599453,1.6094379124341003,0.916290731874155,Kumar2024/7,-0.6197092255960717
Kumar2024,7,csp_lda,3,1.1403341799060032,0.7100000000000001,0.8955555555555555,,0.8544444444444446,0.9233333333333332,0.9124444444444444,0.02777777777777768,0.06888888888888867,0.21333333333333315,6,2.0,False,1.0986122886681098,1.6094379124341003,0.5108256237659905,Kumar2024/7,-1.2916775247840189
Kumar2024,7,csp_lda,4,1.3622071134365363,0.6077777777777778,0.9377777777777778,,0.94,0.9533333333333334,0.9484444444444444,0.015555555555555545,0.01333333333333342,0.3455555555555556,6,1.0,False,1.3862943611198906,1.6094379124341003,0.2231435513142097,Kumar2024/7,-0.952938332028011
Kumar2024,7,csp_lda,5,1.6291877152491192,0.6977777777777778,0.9944444444444444,,0.8933333333333333,0.9944444444444444,0.9944444444444444,0.0,0.10111111111111104,0.2966666666666665,6,0.0,True,1.6094379124341003,1.6094379124341003,0.0,Kumar2024/7,-0.545332085964374
Kumar2024,7,ts_lr,1,3.0498502261052125,0.7325,0.7325,0.91875,0.7325,0.899375,0.766625,0.166875,0.166875,0.166875,6,4.0,False,0.0,1.6094379124341003,1.6094379124341003,Kumar2024/7,1.6236304118424665
Kumar2024,7,ts_lr,2,1.5804709605581988,0.8277777777777777,0.8988888888888888,0.9457777777777776,0.91,0.9455555555555556,0.9364444444444444,0.046666666666666745,0.03555555555555556,0.11777777777777787,6,3.0,False,0.6931471805599453,1.6094379124341003,0.916290731874155,Kumar2024/7,-0.6197092255960717
Kumar2024,7,ts_lr,3,1.1403341799060032,0.8288888888888888,0.95,,0.9222222222222224,0.9555555555555556,0.9326666666666668,0.005555555555555647,0.033333333333333215,0.12666666666666682,6,2.0,False,1.0986122886681098,1.6094379124341003,0.5108256237659905,Kumar2024/7,-1.2916775247840189
Kumar2024,7,ts_lr,4,1.3622071134365363,0.7233333333333334,0.9155555555555556,,0.9344444444444444,0.9333333333333332,0.934,0.01777777777777767,-0.0011111111111111738,0.20999999999999985,6,1.0,False,1.3862943611198906,1.6094379124341003,0.2231435513142097,Kumar2024/7,-0.952938332028011
Kumar2024,7,ts_lr,5,1.6291877152491192,0.861111111111111,0.9944444444444444,,0.9688888888888888,0.9944444444444444,0.9944444444444444,0.0,0.025555555555555554,0.1333333333333333,6,0.0,True,1.6094379124341003,1.6094379124341003,0.0,Kumar2024/7,-0.545332085964374
Kumar2024,8,csp_lda,1,1.643190949565499,0.615,0.615,0.8084999999999999,0.615,0.66125,0.739625,0.04625000000000001,0.04625000000000001,0.04625000000000001,6,4.0,False,0.0,1.6094379124341003,1.6094379124341003,Kumar2024/8,-0.5239529830119584
Kumar2024,8,csp_lda,2,1.545956747815466,0.3422222222222222,0.7033333333333334,0.6488888888888888,0.8366666666666667,0.6444444444444444,0.7506666666666668,-0.05888888888888899,-0.1922222222222223,0.30222222222222217,6,3.0,False,0.6931471805599453,1.6094379124341003,0.916290731874155,Kumar2024/8,-0.6724029741171074
Kumar2024,8,csp_lda,3,1.660906862319709,0.5633333333333334,0.8866666666666667,,0.6055555555555555,0.8044444444444444,0.7531111111111111,-0.08222222222222231,0.1988888888888889,0.24111111111111105,6,2.0,False,1.0986122886681098,1.6094379124341003,0.5108256237659905,Kumar2024/8,-0.4969056370837941
Kumar2024,8,csp_lda,4,2.2553249846811307,0.6766666666666666,0.6288888888888888,,0.6333333333333333,0.5811111111111111,0.6475555555555557,-0.0477777777777777,-0.05222222222222217,-0.0955555555555555,6,1.0,False,1.3862943611198906,1.6094379124341003,0.2231435513142097,Kumar2024/8,0.41060800923729107
Kumar2024,8,csp_lda,5,1.3939664355108616,0.7133333333333334,0.65,,0.8766666666666667,0.65,0.65,0.0,-0.22666666666666668,-0.06333333333333335,6,0.0,True,1.6094379124341003,1.6094379124341003,0.0,Kumar2024/8,-0.9044505469217013
Kumar2024,8,ts_lr,1,1.643190949565499,0.60125,0.60125,0.8842500000000001,0.60125,0.9025,0.8175000000000001,0.30125,0.30125,0.30125,6,4.0,False,0.0,1.6094379124341003,1.6094379124341003,Kumar2024/8,-0.5239529830119584
Kumar2024,8,ts_lr,2,1.545956747815466,0.3766666666666666,0.7100000000000001,0.8162222222222223,0.8422222222222222,0.7822222222222223,0.7664444444444445,0.07222222222222219,-0.05999999999999994,0.40555555555555567,6,3.0,False,0.6931471805599453,1.6094379124341003,0.916290731874155,Kumar2024/8,-0.6724029741171074
Kumar2024,8,ts_lr,3,1.660906862319709,0.5455555555555556,0.7844444444444444,,0.78,0.87,0.8206666666666667,0.0855555555555556,0.08999999999999997,0.3244444444444444,6,2.0,False,1.0986122886681098,1.6094379124341003,0.5108256237659905,Kumar2024/8,-0.4969056370837941
Kumar2024,8,ts_lr,4,2.2553249846811307,0.6311111111111111,0.8044444444444444,,0.7688888888888888,0.8177777777777778,0.8191111111111112,0.01333333333333342,0.04888888888888898,0.18666666666666676,6,1.0,False,1.3862943611198906,1.6094379124341003,0.2231435513142097,Kumar2024/8,0.41060800923729107
Kumar2024,8,ts_lr,5,1.3939664355108616,0.7044444444444444,0.9333333333333332,,0.8111111111111111,0.9333333333333332,0.9333333333333332,0.0,0.12222222222222212,0.2288888888888888,6,0.0,True,1.6094379124341003,1.6094379124341003,0.0,Kumar2024/8,-0.9044505469217013
Kumar2024,9,csp_lda,1,2.2649156844623257,0.58875,0.58875,0.6992499999999999,0.58875,0.7224999999999999,0.693875,0.13374999999999992,0.13374999999999992,0.13374999999999992,6,4.0,False,0.0,1.6094379124341003,1.6094379124341003,Kumar2024/9,0.42525038066201526
Kumar2024,9,csp_lda,2,3.2288798818400313,0.8666666666666667,0.93,0.8224444444444444,0.7933333333333333,0.8344444444444444,0.8459999999999999,-0.09555555555555562,0.0411111111111111,-0.03222222222222226,6,3.0,False,0.6931471805599453,1.6094379124341003,0.916290731874155,Kumar2024/9,1.8969596552882555
Kumar2024,9,csp_lda,3,2.8813252817698167,0.9166666666666666,0.9577777777777778,,0.9111111111111112,0.91,0.9284444444444446,-0.04777777777777781,-0.0011111111111111738,-0.006666666666666599,6,2.0,False,1.0986122886681098,1.6094379124341003,0.5108256237659905,Kumar2024/9,1.3663389851909717
Kumar2024,9,csp_lda,4,1.868217373673436,0.9466666666666668,0.96,,0.9266666666666666,0.9666666666666668,0.9497777777777776,0.006666666666666821,0.04000000000000015,0.020000000000000018,6,1.0,False,1.3862943611198906,1.6094379124341003,0.2231435513142097,Kumar2024/9,-0.18039927396702954
Kumar2024,9,csp_lda,5,2.4392808848781775,0.87,0.981111111111111,,0.9866666666666668,0.981111111111111,0.981111111111111,0.0,-0.005555555555555758,0.11111111111111105,6,0.0,True,1.6094379124341003,1.6094379124341003,0.0,Kumar2024/9,0.6914582785509076
Kumar2024,9,ts_lr,1,2.2649156844623257,0.7693749999999999,0.7693749999999999,0.7902500000000001,0.7693749999999999,0.84875,0.784,0.07937500000000008,0.07937500000000008,0.07937500000000008,6,4.0,False,0.0,1.6094379124341003,1.6094379124341003,Kumar2024/9,0.42525038066201526
Kumar2024,9,ts_lr,2,3.2288798818400313,0.9455555555555556,0.9055555555555556,0.9426666666666668,0.8777777777777778,0.9477777777777778,0.9466666666666668,0.04222222222222227,0.07000000000000006,0.0022222222222222365,6,3.0,False,0.6931471805599453,1.6094379124341003,0.916290731874155,Kumar2024/9,1.8969596552882555
Kumar2024,9,ts_lr,3,2.8813252817698167,0.8944444444444445,0.9733333333333334,,0.9166666666666666,0.9633333333333334,0.9317777777777778,-0.010000000000000009,0.046666666666666745,0.06888888888888889,6,2.0,False,1.0986122886681098,1.6094379124341003,0.5108256237659905,Kumar2024/9,1.3663389851909717
Kumar2024,9,ts_lr,4,1.868217373673436,0.9455555555555556,0.9511111111111112,,0.9333333333333332,0.9566666666666668,0.9520000000000002,0.005555555555555536,0.02333333333333354,0.011111111111111183,6,1.0,False,1.3862943611198906,1.6094379124341003,0.2231435513142097,Kumar2024/9,-0.18039927396702954
Kumar2024,9,ts_lr,5,2.4392808848781775,0.9055555555555556,0.9766666666666668,,0.977777777777778,0.9766666666666668,0.9766666666666668,0.0,-0.0011111111111111738,0.07111111111111124,6,0.0,True,1.6094379124341003,1.6094379124341003,0.0,Kumar2024/9,0.6914582785509076
Kumar2024,10,csp_lda,1,1.424065783137876,0.6637500000000001,0.6637500000000001,0.6523749999999999,0.6637500000000001,0.748125,0.6625,0.08437499999999998,0.08437499999999998,0.08437499999999998,6,4.0,False,0.0,1.6094379124341003,1.6094379124341003,Kumar2024/10,-0.8584970880864252
Kumar2024,10,csp_lda,2,1.1802070577461898,0.6322222222222222,0.56,0.8048888888888888,0.5955555555555555,0.7633333333333334,0.6951111111111111,0.20333333333333337,0.16777777777777791,0.13111111111111118,6,3.0,False,0.6931471805599453,1.6094379124341003,0.916290731874155,Kumar2024/10,-1.2308025625363817
Kumar2024,10,csp_lda,3,1.1515993549668275,0.7566666666666667,0.8244444444444444,,0.8644444444444445,0.918888888888889,0.8606666666666667,0.09444444444444455,0.05444444444444452,0.16222222222222227,6,2.0,False,1.0986122886681098,1.6094379124341003,0.5108256237659905,Kumar2024/10,-1.2744786882894645
Kumar2024,10,csp_lda,4,1.1546648789257388,0.7466666666666666,0.8822222222222222,,0.8866666666666667,0.9044444444444444,0.8857777777777779,0.022222222222222143,0.01777777777777767,0.1577777777777778,6,1.0,False,1.3862943611198906,1.6094379124341003,0.2231435513142097,Kumar2024/10,-1.2697984729306457
Kumar2024,10,csp_lda,5,1.1157854895028747,0.6422222222222222,0.8944444444444445,,0.8911111111111111,0.8944444444444445,0.8944444444444445,0.0,0.0033333333333334103,0.25222222222222224,6,0.0,True,1.6094379124341003,1.6094379124341003,0.0,Kumar2024/10,-1.3291566505072496
Kumar2024,10,ts_lr,1,1.424065783137876,0.681875,0.681875,0.65175,0.681875,0.710625,0.671875,0.028749999999999942,0.028749999999999942,0.028749999999999942,6,4.0,False,0.0,1.6094379124341003,1.6094379124341003,Kumar2024/10,-0.8584970880864252
Kumar2024,10,ts_lr,2,1.1802070577461898,0.5611111111111111,0.6244444444444444,0.7611111111111111,0.6211111111111112,0.7255555555555555,0.7264444444444444,0.10111111111111115,0.10444444444444434,0.1644444444444444,6,3.0,False,0.6931471805599453,1.6094379124341003,0.916290731874155,Kumar2024/10,-1.2308025625363817
Kumar2024,10,ts_lr,3,1.1515993549668275,0.6944444444444444,0.8533333333333334,,0.8555555555555555,0.8977777777777778,0.8835555555555556,0.0444444444444444,0.04222222222222227,0.20333333333333337,6,2.0,False,1.0986122886681098,1.6094379124341003,0.5108256237659905,Kumar2024/10,-1.2744786882894645
Kumar2024,10,ts_lr,4,1.1546648789257388,0.6622222222222223,0.88,,0.8955555555555555,0.9044444444444444,0.8817777777777778,0.02444444444444438,0.008888888888888835,0.24222222222222212,6,1.0,False,1.3862943611198906,1.6094379124341003,0.2231435513142097,Kumar2024/10,-1.2697984729306457
Kumar2024,10,ts_lr,5,1.1157854895028747,0.7,0.8855555555555555,,0.8844444444444445,0.8855555555555555,0.8855555555555557,0.0,0.0011111111111110628,0.18555555555555558,6,0.0,True,1.6094379124341003,1.6094379124341003,0.0,Kumar2024/10,-1.3291566505072496
Kumar2024,11,csp_lda,1,2.8824487272501127,0.748125,0.748125,0.895875,0.748125,0.9225,0.868375,0.17437499999999995,0.17437499999999995,0.17437499999999995,6,4.0,False,0.0,1.6094379124341003,1.6094379124341003,Kumar2024/11,1.3680541786985587
Kumar2024,11,csp_lda,2,1.6719488093418315,0.7911111111111111,0.9511111111111112,0.9791111111111112,0.9122222222222224,0.9944444444444444,0.9788888888888888,0.04333333333333311,0.08222222222222197,0.20333333333333325,6,3.0,False,0.6931471805599453,1.6094379124341003,0.916290731874155,Kumar2024/11,-0.48004760865639384
Kumar2024,11,csp_lda,3,2.2552640745161057,0.94,0.9733333333333334,,0.9966666666666668,0.9911111111111112,0.9955555555555556,0.01777777777777778,-0.005555555555555647,0.05111111111111122,6,2.0,False,1.0986122886681098,1.6094379124341003,0.5108256237659905,Kumar2024/11,0.41051501610017016
Kumar2024,11,csp_lda,4,2.252425761413115,0.8433333333333333,0.987777777777778,,1.0,0.99,0.990222222222222,0.0022222222222220145,-0.010000000000000009,0.14666666666666672,6,1.0,False,1.3862943611198906,1.6094379124341003,0.2231435513142097,Kumar2024/11,0.4061816894794015
Kumar2024,11,csp_lda,5,2.7156660927491445,0.7888888888888889,0.95,,0.9711111111111111,0.95,0.95,0.0,-0.02111111111111119,0.1611111111111111,6,0.0,True,1.6094379124341003,1.6094379124341003,0.0,Kumar2024/11,1.113422781900429
Kumar2024,11,ts_lr,1,2.8824487272501127,0.77625,0.77625,0.9045,0.77625,0.9425,0.890125,0.16625,0.16625,0.16625,6,4.0,False,0.0,1.6094379124341003,1.6094379124341003,Kumar2024/11,1.3680541786985587
Kumar2024,11,ts_lr,2,1.6719488093418315,0.8222222222222222,0.9577777777777776,0.9439999999999996,0.9488888888888888,0.9766666666666668,0.9528888888888888,0.018888888888889177,0.027777777777778012,0.1544444444444446,6,3.0,False,0.6931471805599453,1.6094379124341003,0.916290731874155,Kumar2024/11,-0.48004760865639384
Kumar2024,11,ts_lr,3,2.2552640745161057,0.8877777777777778,0.9977777777777778,,0.9922222222222222,0.9988888888888888,0.9988888888888888,0.0011111111111110628,0.006666666666666599,0.11111111111111105,6,2.0,False,1.0986122886681098,1.6094379124341003,0.5108256237659905,Kumar2024/11,0.41051501610017016
Kumar2024,11,ts_lr,4,2.252425761413115,0.9122222222222224,0.9977777777777778,,1.0,1.0,0.9988888888888888,0.0022222222222222365,0.0,0.08777777777777762,6,1.0,False,1.3862943611198906,1.6094379124341003,0.2231435513142097,Kumar2024/11,0.4061816894794015
Kumar2024,11,ts_lr,5,2.7156660927491445,0.8733333333333333,0.9944444444444444,,0.99,0.9944444444444444,0.9944444444444444,0.0,0.004444444444444362,0.12111111111111106,6,0.0,True,1.6094379124341003,1.6094379124341003,0.0,Kumar2024/11,1.113422781900429
Kumar2024,12,csp_lda,1,2.0487123752922,0.444375,0.444375,0.8333749999999999,0.444375,0.929375,0.775875,0.48499999999999993,0.48499999999999993,0.48499999999999993,6,4.0,False,0.0,1.6094379124341003,1.6094379124341003,Kumar2024/12,0.09516715124734011
Kumar2024,12,csp_lda,2,1.7426833681830465,0.518888888888889,0.8211111111111111,0.8491111111111111,0.8777777777777778,0.8477777777777777,0.8157777777777777,0.026666666666666616,-0.030000000000000027,0.3288888888888888,6,3.0,False,0.6931471805599453,1.6094379124341003,0.916290731874155,Kumar2024/12,-0.3720553133342241
Kumar2024,12,csp_lda,3,1.7745873072154623,0.5411111111111111,0.7888888888888889,,0.7888888888888889,0.81,0.7706666666666666,0.02111111111111119,0.02111111111111119,0.26888888888888896,6,2.0,False,1.0986122886681098,1.6094379124341003,0.5108256237659905,Kumar2024/12,-0.323346737747242
Kumar2024,12,csp_lda,4,1.3557030908820171,0.4277777777777778,0.9333333333333332,,0.7422222222222223,0.9911111111111112,0.9831111111111112,0.05777777777777793,0.24888888888888883,0.5633333333333334,6,1.0,False,1.3862943611198906,1.6094379124341003,0.2231435513142097,Kumar2024/12,-0.962868192848468
Kumar2024,12,csp_lda,5,2.3863934489121257,0.6844444444444445,0.9811111111111112,,0.9966666666666668,0.9811111111111112,0.9811111111111112,0.0,-0.015555555555555656,0.29666666666666663,6,0.0,True,1.6094379124341003,1.6094379124341003,0.0,Kumar2024/12,0.6107136510697458
Kumar2024,12,ts_lr,1,2.0487123752922,0.5868749999999999,0.5868749999999999,0.742625,0.5868749999999999,0.915,0.716625,0.3281250000000001,0.3281250000000001,0.3281250000000001,6,4.0,False,0.0,1.6094379124341003,1.6094379124341003,Kumar2024/12,0.09516715124734011
Kumar2024,12,ts_lr,2,1.7426833681830465,0.5555555555555556,0.8055555555555556,0.812,0.8544444444444446,0.86,0.8333333333333336,0.054444444444444406,0.005555555555555425,0.3044444444444444,6,3.0,False,0.6931471805599453,1.6094379124341003,0.916290731874155,Kumar2024/12,-0.3720553133342241
Kumar2024,12,ts_lr,3,1.7745873072154623,0.6066666666666667,0.8122222222222222,,0.8099999999999999,0.8544444444444445,0.8304444444444444,0.04222222222222227,0.04444444444444451,0.24777777777777776,6,2.0,False,1.0986122886681098,1.6094379124341003,0.5108256237659905,Kumar2024/12,-0.323346737747242
Kumar2024,12,ts_lr,4,1.3557030908820171,0.581111111111111,0.9911111111111112,,0.9388888888888888,0.9944444444444444,0.988,0.0033333333333331883,0.05555555555555558,0.41333333333333333,6,1.0,False,1.3862943611198906,1.6094379124341003,0.2231435513142097,Kumar2024/12,-0.962868192848468
Kumar2024,12,ts_lr,5,2.3863934489121257,0.7622222222222222,0.9977777777777778,,1.0,0.9977777777777778,0.9977777777777778,0.0,-0.0022222222222222365,0.23555555555555552,6,0.0,True,1.6094379124341003,1.6094379124341003,0.0,Kumar2024/12,0.6107136510697458
Kumar2024,13,csp_lda,1,1.970650912789713,0.5075,0.5075,0.4840000000000001,0.5075,0.7081250000000001,0.518,0.20062500000000016,0.20062500000000016,0.20062500000000016,6,4.0,False,0.0,1.6094379124341003,1.6094379124341003,Kumar2024/13,-0.024011318936842906
Kumar2024,13,csp_lda,2,2.2468713991345446,0.7166666666666666,0.6322222222222222,0.8864444444444445,0.5666666666666667,0.9066666666666666,0.8951111111111111,0.2744444444444444,0.33999999999999997,0.19000000000000006,6,3.0,False,0.6931471805599453,1.6094379124341003,0.916290731874155,Kumar2024/13,0.3977016997637636
Kumar2024,13,csp_lda,3,1.7686807792775157,0.7766666666666667,0.7788888888888889,,0.8677777777777779,0.8866666666666667,0.8268888888888888,0.10777777777777786,0.018888888888888844,0.10999999999999999,6,2.0,False,1.0986122886681098,1.6094379124341003,0.5108256237659905,Kumar2024/13,-0.332364387957449
Kumar2024,13,csp_lda,4,1.464228895371774,0.6588888888888889,0.7633333333333334,,0.8688888888888888,0.7977777777777778,0.7824444444444444,0.03444444444444439,-0.07111111111111101,0.13888888888888895,6,1.0,False,1.3862943611198906,1.6094379124341003,0.2231435513142097,Kumar2024/13,-0.7971790174223111
Kumar2024,13,csp_lda,5,1.2507453142278648,0.7344444444444445,0.7944444444444444,,0.7722222222222224,0.7944444444444444,0.7944444444444444,0.0,0.022222222222222032,0.05999999999999994,6,0.0,True,1.6094379124341003,1.6094379124341003,0.0,Kumar2024/13,-1.123109967144927
Kumar2024,13,ts_lr,1,1.970650912789713,0.603125,0.603125,0.592875,0.603125,0.644375,0.6252500000000001,0.04125000000000001,0.04125000000000001,0.04125000000000001,6,4.0,False,0.0,1.6094379124341003,1.6094379124341003,Kumar2024/13,-0.024011318936842906
Kumar2024,13,ts_lr,2,2.2468713991345446,0.6033333333333333,0.5388888888888889,0.8711111111111112,0.5122222222222222,0.8355555555555556,0.8131111111111112,0.29666666666666675,0.32333333333333336,0.23222222222222233,6,3.0,False,0.6931471805599453,1.6094379124341003,0.916290731874155,Kumar2024/13,0.3977016997637636
Kumar2024,13,ts_lr,3,1.7686807792775157,0.7055555555555556,0.8077777777777777,,0.8777777777777777,0.8633333333333333,0.8388888888888889,0.05555555555555558,-0.014444444444444371,0.15777777777777768,6,2.0,False,1.0986122886681098,1.6094379124341003,0.5108256237659905,Kumar2024/13,-0.332364387957449
Kumar2024,13,ts_lr,4,1.464228895371774,0.5855555555555556,0.8022222222222223,,0.8411111111111111,0.8488888888888889,0.8186666666666668,0.046666666666666634,0.007777777777777772,0.2633333333333333,6,1.0,False,1.3862943611198906,1.6094379124341003,0.2231435513142097,Kumar2024/13,-0.7971790174223111
Kumar2024,13,ts_lr,5,1.2507453142278648,0.5966666666666667,0.8533333333333334,,0.8066666666666666,0.8533333333333334,0.8533333333333333,0.0,0.046666666666666745,0.2566666666666667,6,0.0,True,1.6094379124341003,1.6094379124341003,0.0,Kumar2024/13,-1.123109967144927
Kumar2024,14,csp_lda,1,4.22979983272626,0.548125,0.548125,0.6547499999999999,0.548125,0.829375,0.61975,0.28125,0.28125,0.28125,6,4.0,False,0.0,1.6094379124341003,1.6094379124341003,Kumar2024/14,3.4250902423836194
Kumar2024,14,csp_lda,2,2.022750237789474,0.4411111111111111,0.6844444444444444,0.6675555555555556,0.6566666666666666,0.6422222222222221,0.6168888888888888,-0.04222222222222227,-0.014444444444444482,0.20111111111111102,6,3.0,False,0.6931471805599453,1.6094379124341003,0.916290731874155,Kumar2024/14,0.055530078982806284
Kumar2024,14,csp_lda,3,2.0959812960839015,0.6522222222222223,0.6611111111111111,,0.6588888888888889,0.6599999999999999,0.616,-0.0011111111111111738,0.0011111111111110628,0.007777777777777661,6,2.0,False,1.0986122886681098,1.6094379124341003,0.5108256237659905,Kumar2024/14,0.16733384511414806
Kumar2024,14,csp_lda,4,2.777526187066961,0.3722222222222222,0.5144444444444445,,0.5311111111111111,0.6488888888888888,0.6055555555555555,0.13444444444444437,0.11777777777777776,0.27666666666666667,6,1.0,False,1.3862943611198906,1.6094379124341003,0.2231435513142097,Kumar2024/14,1.2078662008411354
Kumar2024,14,csp_lda,5,1.9697931132882815,0.4844444444444444,0.7311111111111112,,0.6055555555555555,0.7311111111111112,0.7311111111111112,0.0,0.12555555555555564,0.24666666666666676,6,0.0,True,1.6094379124341003,1.6094379124341003,0.0,Kumar2024/14,-0.02532094380202002
Kumar2024,14,ts_lr,1,4.22979983272626,0.5337500000000001,0.5337500000000001,0.687375,0.5337500000000001,0.7362499999999998,0.621875,0.2024999999999998,0.2024999999999998,0.2024999999999998,6,4.0,False,0.0,1.6094379124341003,1.6094379124341003,Kumar2024/14,3.4250902423836194
Kumar2024,14,ts_lr,2,2.022750237789474,0.5155555555555555,0.7244444444444444,0.599111111111111,0.71,0.7155555555555556,0.6726666666666666,-0.008888888888888835,0.005555555555555647,0.20000000000000007,6,3.0,False,0.6931471805599453,1.6094379124341003,0.916290731874155,Kumar2024/14,0.055530078982806284
Kumar2024,14,ts_lr,3,2.0959812960839015,0.5888888888888889,0.6433333333333333,,0.6266666666666667,0.7088888888888889,0.6735555555555555,0.06555555555555559,0.0822222222222222,0.12,6,2.0,False,1.0986122886681098,1.6094379124341003,0.5108256237659905,Kumar2024/14,0.16733384511414806
Kumar2024,14,ts_lr,4,2.777526187066961,0.4088888888888889,0.5655555555555556,,0.6044444444444445,0.601111111111111,0.5935555555555554,0.03555555555555545,-0.0033333333333334103,0.19222222222222213,6,1.0,False,1.3862943611198906,1.6094379124341003,0.2231435513142097,Kumar2024/14,1.2078662008411354
Kumar2024,14,ts_lr,5,1.9697931132882815,0.56,0.7611111111111111,,0.7088888888888889,0.7611111111111111,0.7611111111111111,0.0,0.05222222222222217,0.20111111111111102,6,0.0,True,1.6094379124341003,1.6094379124341003,0.0,Kumar2024/14,-0.02532094380202002
Kumar2024,15,csp_lda,1,3.5821020833760704,0.70875,0.70875,0.8030000000000002,0.70875,0.896875,0.727125,0.188125,0.188125,0.188125,6,4.0,False,0.0,1.6094379124341003,1.6094379124341003,Kumar2024/15,2.436233200320967
Kumar2024,15,csp_lda,2,2.100463588882827,0.758888888888889,0.8833333333333333,0.7795555555555556,0.8066666666666666,0.8622222222222222,0.796888888888889,-0.02111111111111108,0.05555555555555558,0.10333333333333328,6,3.0,False,0.6931471805599453,1.6094379124341003,0.916290731874155,Kumar2024/15,0.17417707840197547
Kumar2024,15,csp_lda,3,2.0832223664529166,0.7322222222222222,0.8622222222222222,,0.7955555555555556,0.8733333333333333,0.8448888888888888,0.011111111111111072,0.07777777777777772,0.14111111111111108,6,2.0,False,1.0986122886681098,1.6094379124341003,0.5108256237659905,Kumar2024/15,0.14785445456903784
Kumar2024,15,csp_lda,4,1.7035694437811817,0.7533333333333334,0.7733333333333333,,0.6755555555555555,0.7455555555555556,0.7515555555555555,-0.02777777777777768,0.07000000000000017,-0.007777777777777772,6,1.0,False,1.3862943611198906,1.6094379124341003,0.2231435513142097,Kumar2024/15,-0.43177156157855473
Kumar2024,15,csp_lda,5,2.0276687728104243,0.5033333333333334,0.5944444444444444,,0.601111111111111,0.5944444444444444,0.5944444444444444,0.0,-0.006666666666666599,0.09111111111111103,6,0.0,True,1.6094379124341003,1.6094379124341003,0.0,Kumar2024/15,0.06303933464561808
Kumar2024,15,ts_lr,1,3.5821020833760704,0.8412499999999999,0.8412499999999999,0.84975,0.8412499999999999,0.86625,0.833625,0.025000000000000022,0.025000000000000022,0.025000000000000022,6,4.0,False,0.0,1.6094379124341003,1.6094379124341003,Kumar2024/15,2.436233200320967
Kumar2024,15,ts_lr,2,2.100463588882827,0.8144444444444445,0.8722222222222222,0.8157777777777777,0.8677777777777778,0.8522222222222222,0.820888888888889,-0.020000000000000018,-0.015555555555555545,0.03777777777777769,6,3.0,False,0.6931471805599453,1.6094379124341003,0.916290731874155,Kumar2024/15,0.17417707840197547
Kumar2024,15,ts_lr,3,2.0832223664529166,0.8633333333333333,0.8622222222222222,,0.8377777777777777,0.8911111111111112,0.8697777777777779,0.028888888888888964,0.053333333333333455,0.0277777777777779,6,2.0,False,1.0986122886681098,1.6094379124341003,0.5108256237659905,Kumar2024/15,0.14785445456903784
Kumar2024,15,ts_lr,4,1.7035694437811817,0.8155555555555556,0.77,,0.6844444444444444,0.7477777777777778,0.7684444444444445,-0.022222222222222254,0.06333333333333335,-0.06777777777777783,6,1.0,False,1.3862943611198906,1.6094379124341003,0.2231435513142097,Kumar2024/15,-0.43177156157855473
Kumar2024,15,ts_lr,5,2.0276687728104243,0.6411111111111111,0.7311111111111112,,0.5922222222222222,0.7311111111111112,0.7311111111111112,0.0,0.13888888888888895,0.09000000000000008,6,0.0,True,1.6094379124341003,1.6094379124341003,0.0,Kumar2024/15,0.06303933464561808
Kumar2024,16,csp_lda,1,2.4206418122613633,0.69875,0.69875,0.646,0.69875,0.8475,0.69475,0.14875000000000005,0.14875000000000005,0.14875000000000005,6,4.0,False,0.0,1.6094379124341003,1.6094379124341003,Kumar2024/16,0.6630015203899515
Kumar2024,16,csp_lda,2,2.5446084917541167,0.7133333333333334,0.7844444444444445,0.8495555555555555,0.6811111111111111,0.8133333333333334,0.7731111111111112,0.028888888888888853,0.13222222222222224,0.09999999999999998,6,3.0,False,0.6931471805599453,1.6094379124341003,0.916290731874155,Kumar2024/16,0.8522646822899552
Kumar2024,16,csp_lda,3,2.2427256590127267,0.5888888888888889,0.6277777777777778,,0.5633333333333334,0.7999999999999999,0.7331111111111112,0.17222222222222217,0.23666666666666658,0.21111111111111103,6,2.0,False,1.0986122886681098,1.6094379124341003,0.5108256237659905,Kumar2024/16,0.3913722902233812
Kumar2024,16,csp_lda,4,2.1568927152434187,0.6911111111111111,0.7822222222222224,,0.6455555555555557,0.8422222222222222,0.8442222222222222,0.05999999999999983,0.19666666666666655,0.15111111111111108,6,1.0,False,1.3862943611198906,1.6094379124341003,0.2231435513142097,Kumar2024/16,0.2603288969548372
Kumar2024,16,csp_lda,5,2.281626741851273,0.76,0.9222222222222224,,0.8455555555555555,0.9222222222222224,0.9222222222222224,0.0,0.07666666666666688,0.16222222222222238,6,0.0,True,1.6094379124341003,1.6094379124341003,0.0,Kumar2024/16,0.4507635877033434
Kumar2024,16,ts_lr,1,2.4206418122613633,0.685625,0.685625,0.7070000000000001,0.685625,0.86125,0.758875,0.17562499999999992,0.17562499999999992,0.17562499999999992,6,4.0,False,0.0,1.6094379124341003,1.6094379124341003,Kumar2024/16,0.6630015203899515
Kumar2024,16,ts_lr,2,2.5446084917541167,0.6655555555555556,0.7511111111111111,0.7677777777777777,0.6977777777777778,0.778888888888889,0.7464444444444445,0.0277777777777779,0.08111111111111113,0.1133333333333334,6,3.0,False,0.6931471805599453,1.6094379124341003,0.916290731874155,Kumar2024/16,0.8522646822899552
Kumar2024,16,ts_lr,3,2.2427256590127267,0.7088888888888888,0.7733333333333333,,0.6888888888888889,0.8255555555555556,0.7877777777777778,0.05222222222222228,0.13666666666666671,0.11666666666666681,6,2.0,False,1.0986122886681098,1.6094379124341003,0.5108256237659905,Kumar2024/16,0.3913722902233812
Kumar2024,16,ts_lr,4,2.1568927152434187,0.7033333333333334,0.8477777777777777,,0.7366666666666667,0.8688888888888889,0.8593333333333334,0.02111111111111119,0.13222222222222224,0.16555555555555557,6,1.0,False,1.3862943611198906,1.6094379124341003,0.2231435513142097,Kumar2024/16,0.2603288969548372
Kumar2024,16,ts_lr,5,2.281626741851273,0.8322222222222223,0.9333333333333332,,0.8677777777777778,0.9333333333333332,0.9333333333333332,0.0,0.06555555555555548,0.10111111111111093,6,0.0,True,1.6094379124341003,1.6094379124341003,0.0,Kumar2024/16,0.4507635877033434
Kumar2024,17,csp_lda,1,3.5898375631588957,0.9925,0.9925,0.974375,0.9925,0.995625,0.94375,0.0031249999999999334,0.0031249999999999334,0.0031249999999999334,6,4.0,False,0.0,1.6094379124341003,1.6094379124341003,Kumar2024/17,2.4480431590010063
Kumar2024,17,csp_lda,2,2.0180820542254634,0.9422222222222224,0.9544444444444444,0.954,0.97,0.9655555555555556,0.956,0.011111111111111183,-0.004444444444444362,0.023333333333333206,6,3.0,False,0.6931471805599453,1.6094379124341003,0.916290731874155,Kumar2024/17,0.048403041416990436
Kumar2024,17,csp_lda,3,1.833316664226747,0.9411111111111112,0.9788888888888888,,0.9544444444444444,0.9855555555555556,0.9873333333333336,0.006666666666666821,0.0311111111111112,0.0444444444444444,6,2.0,False,1.0986122886681098,1.6094379124341003,0.5108256237659905,Kumar2024/17,-0.2336830970835452
Kumar2024,17,csp_lda,4,1.2900122972906587,0.8866666666666667,0.9844444444444445,,0.9911111111111112,0.9888888888888888,0.988222222222222,0.004444444444444362,-0.0022222222222223476,0.1022222222222221,6,1.0,False,1.3862943611198906,1.6094379124341003,0.2231435513142097,Kumar2024/17,-1.0631600402520904
Kumar2024,17,csp_lda,5,1.962853573375697,0.8944444444444445,0.9888888888888888,,0.9933333333333334,0.9888888888888888,0.9888888888888888,0.0,-0.004444444444444584,0.09444444444444433,6,0.0,True,1.6094379124341003,1.6094379124341003,0.0,Kumar2024/17,-0.03591572032875423
Kumar2024,17,ts_lr,1,3.5898375631588957,0.9875,0.9875,0.969375,0.9875,0.9925,0.96825,0.0050000000000000044,0.0050000000000000044,0.0050000000000000044,6,4.0,False,0.0,1.6094379124341003,1.6094379124341003,Kumar2024/17,2.4480431590010063
Kumar2024,17,ts_lr,2,2.0180820542254634,0.94,0.9488888888888888,0.9731111111111111,0.9644444444444444,0.9633333333333334,0.9568888888888888,0.014444444444444593,-0.0011111111111110628,0.023333333333333428,6,3.0,False,0.6931471805599453,1.6094379124341003,0.916290731874155,Kumar2024/17,0.048403041416990436
Kumar2024,17,ts_lr,3,1.833316664226747,0.9288888888888888,0.9766666666666668,,0.9566666666666666,0.9977777777777778,0.988,0.02111111111111097,0.04111111111111121,0.068888888888889,6,2.0,False,1.0986122886681098,1.6094379124341003,0.5108256237659905,Kumar2024/17,-0.2336830970835452
Kumar2024,17,ts_lr,4,1.2900122972906587,0.9011111111111112,0.977777777777778,,0.9977777777777778,0.99,0.9882222222222224,0.012222222222222023,-0.007777777777777772,0.0888888888888888,6,1.0,False,1.3862943611198906,1.6094379124341003,0.2231435513142097,Kumar2024/17,-1.0631600402520904
Kumar2024,17,ts_lr,5,1.962853573375697,0.9177777777777778,0.9833333333333334,,0.9844444444444445,0.9833333333333334,0.9833333333333334,0.0,-0.0011111111111110628,0.06555555555555559,6,0.0,True,1.6094379124341003,1.6094379124341003,0.0,Kumar2024/17,-0.03591572032875423
Kumar2024,18,csp_lda,1,2.39648123295692,0.6293749999999999,0.6293749999999999,0.8491249999999999,0.6293749999999999,0.7399999999999999,0.75725,0.11062499999999997,0.11062499999999997,0.11062499999999997,6,4.0,False,0.0,1.6094379124341003,1.6094379124341003,Kumar2024/18,0.6261149340007273
Kumar2024,18,csp_lda,2,1.7772611417333304,0.938888888888889,0.9622222222222222,0.9788888888888888,0.9588888888888888,0.9722222222222224,0.9595555555555556,0.010000000000000231,0.013333333333333641,0.03333333333333344,6,3.0,False,0.6931471805599453,1.6094379124341003,0.916290731874155,Kumar2024/18,-0.31926452487100965
Kumar2024,18,csp_lda,3,1.0960591435686038,0.9855555555555556,1.0,,0.9988888888888888,1.0,0.9997777777777778,0.0,0.0011111111111111738,0.014444444444444371,6,2.0,False,1.0986122886681098,1.6094379124341003,0.5108256237659905,Kumar2024/18,-1.3592733771916297
Kumar2024,18,csp_lda,4,2.1709158700450346,0.9877777777777776,0.9933333333333334,,1.0,0.9966666666666668,0.9955555555555556,0.0033333333333334103,-0.0033333333333331883,0.008888888888889168,6,1.0,False,1.3862943611198906,1.6094379124341003,0.2231435513142097,Kumar2024/18,0.2817384130314712
Kumar2024,18,csp_lda,5,1.5200451020258152,1.0,1.0,,1.0,1.0,1.0,0.0,0.0,0.0,6,0.0,True,1.6094379124341003,1.6094379124341003,0.0,Kumar2024/18,-0.711962959366764
Kumar2024,18,ts_lr,1,2.39648123295692,0.5493750000000001,0.5493750000000001,0.8649999999999999,0.5493750000000001,0.72,0.74725,0.17062499999999992,0.17062499999999992,0.17062499999999992,6,4.0,False,0.0,1.6094379124341003,1.6094379124341003,Kumar2024/18,0.6261149340007273
Kumar2024,18,ts_lr,2,1.7772611417333304,0.7655555555555555,0.9333333333333332,0.9751111111111112,0.9622222222222222,0.9566666666666668,0.971777777777778,0.02333333333333354,-0.005555555555555425,0.19111111111111123,6,3.0,False,0.6931471805599453,1.6094379124341003,0.916290731874155,Kumar2024/18,-0.31926452487100965
Kumar2024,18,ts_lr,3,1.0960591435686038,0.7188888888888888,0.9966666666666668,,1.0,1.0,0.9991111111111112,0.0033333333333331883,0.0,0.2811111111111112,6,2.0,False,1.0986122886681098,1.6094379124341003,0.5108256237659905,Kumar2024/18,-1.3592733771916297
Kumar2024,18,ts_lr,4,2.1709158700450346,0.8577777777777778,0.9955555555555556,,0.9988888888888888,0.9977777777777778,0.998,0.0022222222222221255,-0.0011111111111110628,0.14,6,1.0,False,1.3862943611198906,1.6094379124341003,0.2231435513142097,Kumar2024/18,0.2817384130314712
Kumar2024,18,ts_lr,5,1.5200451020258152,0.68,0.9922222222222222,,1.0,0.9922222222222222,0.9922222222222222,0.0,-0.007777777777777772,0.3122222222222222,6,0.0,True,1.6094379124341003,1.6094379124341003,0.0,Kumar2024/18,-0.711962959366764
Ma2020,1,csp_lda,1,3.558309363360525,0.5075000000000001,0.5075000000000001,0.5755,0.5075000000000001,0.4975,0.45,-0.010000000000000064,-0.010000000000000064,-0.010000000000000064,15,13.0,False,0.0,2.6390573296152584,2.6390573296152584,Ma2020/1,0.5887011692467563
Ma2020,1,csp_lda,2,3.716860982079319,0.4625,0.5650000000000001,0.5209999999999999,0.45,0.525,0.557,-0.040000000000000036,0.07500000000000001,0.0625,15,12.0,False,0.6931471805599453,2.6390573296152584,1.945910149055313,Ma2020/1,0.6995757533519126
Ma2020,1,csp_lda,3,3.0408658601845184,0.73,0.6075,0.4894999999999999,0.77,0.6499999999999999,0.613,0.04249999999999987,-0.1200000000000001,-0.08000000000000007,15,11.0,False,1.0986122886681098,2.6390573296152584,1.5404450409471486,Ma2020/1,0.2268547644219126
Ma2020,1,csp_lda,4,2.454814087352385,0.75,0.7375,0.7140000000000001,0.7224999999999999,0.7525,0.651,0.014999999999999902,0.030000000000000027,0.0024999999999999467,15,10.0,False,1.3862943611198906,2.6390573296152584,1.2527629684953678,Ma2020/1,-0.18296915981122572
Ma2020,1,csp_lda,5,2.3899670366599457,0.6475,0.4725,0.5035000000000001,0.5675000000000001,0.53,0.518,0.05750000000000005,-0.03750000000000009,-0.11749999999999994,15,9.0,False,1.6094379124341003,2.6390573296152584,1.0296194171811581,Ma2020/1,-0.228316472150699
Ma2020,1,csp_lda,6,4.004878505402847,0.53,0.5825,0.7385,0.54,0.6575,0.5535000000000001,0.07499999999999996,0.11749999999999994,0.12749999999999995,15,8.0,False,1.791759469228055,2.6390573296152584,0.8472978603872034,Ma2020/1,0.9009853849377689
Ma2020,1,csp_lda,7,2.886760964790188,0.5599999999999999,0.52,0.6575,0.2925,0.6799999999999999,0.5680000000000001,0.15999999999999992,0.38749999999999996,0.12,15,7.0,False,1.9459101490553132,2.6390573296152584,0.6931471805599452,Ma2020/1,0.11908975815149908
Ma2020,1,csp_lda,8,4.09173862970525,0.4825,0.7024999999999999,,0.6325000000000001,0.535,0.6205,-0.16749999999999987,-0.09750000000000003,0.05250000000000005,15,6.0,False,2.0794415416798357,2.6390573296152584,0.5596157879354227,Ma2020/1,0.961726361505355
Ma2020,1,csp_lda,9,6.74516912384416,0.5775,0.725,,0.4825,0.6174999999999999,0.6290000000000001,-0.10750000000000004,0.13499999999999995,0.039999999999999925,15,5.0,False,2.1972245773362196,2.6390573296152584,0.44183275227903884,Ma2020/1,2.8172608862671558
Ma2020,1,csp_lda,10,4.385708502748138,0.7024999999999999,0.8225,,0.6475,0.66,0.5755,-0.16249999999999998,0.012500000000000067,-0.04249999999999987,15,4.0,False,2.302585092994046,2.6390573296152584,0.3364722366212125,Ma2020/1,1.1672984501188683
Ma2020,1,csp_lda,11,2.996403617483323,0.67,0.6749999999999999,,0.61,0.6625,0.696,-0.012499999999999956,0.05249999999999999,-0.007500000000000062,15,3.0,False,2.3978952727983707,2.6390573296152584,0.24116205681688774,Ma2020/1,0.195762475943793
Ma2020,1,csp_lda,12,4.36482062734192,0.6175,0.7350000000000001,,0.6900000000000001,0.6475000000000001,0.6144999999999999,-0.08750000000000002,-0.04249999999999998,0.030000000000000027,15,2.0,False,2.4849066497880004,2.6390573296152584,0.15415067982725805,Ma2020/1,1.1526916330001333
Ma2020,1,csp_lda,13,4.523455508753413,0.65,0.4975,,0.52,0.4649999999999999,0.5250000000000001,-0.032500000000000084,-0.055000000000000104,-0.1850000000000001,15,1.0,False,2.5649493574615367,2.6390573296152584,0.07410797215372167,Ma2020/1,1.2636244424107086
Ma2020,1,csp_lda,14,2.7289319319461733,0.7375,0.7025,,0.6799999999999999,0.7025,0.7025,0.0,0.022500000000000075,-0.03500000000000003,15,0.0,True,2.6390573296152584,2.6390573296152584,0.0,Ma2020/1,0.008720475783365583
Ma2020,1,ts_lr,1,3.558309363360525,0.5475000000000001,0.5475000000000001,0.5265000000000001,0.5475000000000001,0.505,0.5105000000000001,-0.04250000000000009,-0.04250000000000009,-0.04250000000000009,15,13.0,False,0.0,2.6390573296152584,2.6390573296152584,Ma2020/1,0.5887011692467563
Ma2020,1,ts_lr,2,3.716860982079319,0.4825,0.4975,0.5744999999999999,0.5375,0.63,0.5504999999999999,0.1325,0.09250000000000003,0.14750000000000002,15,12.0,False,0.6931471805599453,2.6390573296152584,1.945910149055313,Ma2020/1,0.6995757533519126
Ma2020,1,ts_lr,3,3.0408658601845184,0.69,0.6699999999999999,0.678,0.6775000000000001,0.6775,0.6615,0.007500000000000062,-1.1102230246251565e-16,-0.012499999999999956,15,11.0,False,1.0986122886681098,2.6390573296152584,1.5404450409471486,Ma2020/1,0.2268547644219126
Ma2020,1,ts_lr,4,2.454814087352385,0.5675,0.5774999999999999,0.7085,0.7075,0.65,0.696,0.07250000000000012,-0.057499999999999996,0.08250000000000002,15,10.0,False,1.3862943611198906,2.6390573296152584,1.2527629684953678,Ma2020/1,-0.18296915981122572
Ma2020,1,ts_lr,5,2.3899670366599457,0.635,0.61,0.5269999999999999,0.605,0.56,0.5775,-0.04999999999999993,-0.04499999999999993,-0.07499999999999996,15,9.0,False,1.6094379124341003,2.6390573296152584,1.0296194171811581,Ma2020/1,-0.228316472150699
Ma2020,1,ts_lr,6,4.004878505402847,0.8099999999999999,0.635,0.6435,0.5349999999999999,0.5825,0.6824999999999999,-0.05249999999999999,0.0475000000000001,-0.22749999999999992,15,8.0,False,1.791759469228055,2.6390573296152584,0.8472978603872034,Ma2020/1,0.9009853849377689
Ma2020,1,ts_lr,7,2.886760964790188,0.5625,0.625,0.7649999999999999,0.505,0.7325,0.716,0.10750000000000004,0.22750000000000004,0.17000000000000004,15,7.0,False,1.9459101490553132,2.6390573296152584,0.6931471805599452,Ma2020/1,0.11908975815149908
Ma2020,1,ts_lr,8,4.09173862970525,0.5549999999999999,0.645,,0.79,0.66,0.6725,0.015000000000000013,-0.13,0.1050000000000001,15,6.0,False,2.0794415416798357,2.6390573296152584,0.5596157879354227,Ma2020/1,0.961726361505355
Ma2020,1,ts_lr,9,6.74516912384416,0.575,0.865,,0.6349999999999999,0.8150000000000001,0.7825000000000001,-0.04999999999999993,0.18000000000000016,0.2400000000000001,15,5.0,False,2.1972245773362196,2.6390573296152584,0.44183275227903884,Ma2020/1,2.8172608862671558
Ma2020,1,ts_lr,10,4.385708502748138,0.66,0.6849999999999999,,0.6950000000000001,0.72,0.7075000000000001,0.03500000000000003,0.02499999999999991,0.05999999999999994,15,4.0,False,2.302585092994046,2.6390573296152584,0.3364722366212125,Ma2020/1,1.1672984501188683
Ma2020,1,ts_lr,11,2.996403617483323,0.5449999999999999,0.5674999999999999,,0.645,0.6900000000000001,0.636,0.12250000000000016,0.04500000000000004,0.14500000000000013,15,3.0,False,2.3978952727983707,2.6390573296152584,0.24116205681688774,Ma2020/1,0.195762475943793
Ma2020,1,ts_lr,12,4.36482062734192,0.6725,0.73,,0.6575,0.6575,0.603,-0.07250000000000001,0.0,-0.015000000000000013,15,2.0,False,2.4849066497880004,2.6390573296152584,0.15415067982725805,Ma2020/1,1.1526916330001333
Ma2020,1,ts_lr,13,4.523455508753413,0.4825,0.5075000000000001,,0.4475,0.4974999999999999,0.497,-0.010000000000000175,0.04999999999999988,0.014999999999999902,15,1.0,False,2.5649493574615367,2.6390573296152584,0.07410797215372167,Ma2020/1,1.2636244424107086
Ma2020,1,ts_lr,14,2.7289319319461733,0.7949999999999999,0.695,,0.6425,0.695,0.695,0.0,0.05249999999999999,-0.09999999999999998,15,0.0,True,2.6390573296152584,2.6390573296152584,0.0,Ma2020/1,0.008720475783365583
Ma2020,2,csp_lda,1,4.3097446944424735,0.595,0.595,0.5359999999999999,0.595,0.6325,0.422,0.03749999999999998,0.03749999999999998,0.03749999999999998,15,13.0,False,0.0,2.6390573296152584,2.6390573296152584,Ma2020/2,1.1141772286454223
Ma2020,2,csp_lda,2,3.656001793272281,0.63,0.615,0.5305,0.4975,0.585,0.586,-0.030000000000000027,0.08749999999999997,-0.04500000000000004,15,12.0,False,0.6931471805599453,2.6390573296152584,1.945910149055313,Ma2020/2,0.6570171386718238
Ma2020,2,csp_lda,3,5.557750766803542,0.4674999999999999,0.4925,0.5355,0.5,0.5974999999999999,0.5479999999999999,0.10499999999999993,0.09749999999999992,0.13,15,11.0,False,1.0986122886681098,2.6390573296152584,1.5404450409471486,Ma2020/2,1.9869034445736193
Ma2020,2,csp_lda,4,4.828648209640604,0.6799999999999999,0.6875000000000001,0.5895000000000001,0.4825,0.735,0.724,0.047499999999999876,0.2525,0.05500000000000005,15,10.0,False,1.3862943611198906,2.6390573296152584,1.2527629684953678,Ma2020/2,1.477044614694233
Ma2020,2,csp_lda,5,5.593090119254612,0.5275,0.7899999999999999,0.8495000000000001,0.765,0.885,0.836,0.09500000000000008,0.12,0.35750000000000004,15,9.0,False,1.6094379124341003,2.6390573296152584,1.0296194171811581,Ma2020/2,2.011616128286469
Ma2020,2,csp_lda,6,2.639966880370785,0.5775,0.635,0.693,0.7175,0.7474999999999999,0.7145,0.11249999999999993,0.029999999999999916,0.16999999999999993,15,8.0,False,1.791759469228055,2.6390573296152584,0.8472978603872034,Ma2020/2,-0.053492468953639224
Ma2020,2,csp_lda,7,4.034413927620289,0.565,0.4675,0.5375,0.6325000000000001,0.51,0.481,0.04249999999999998,-0.12250000000000005,-0.05499999999999994,15,7.0,False,1.9459101490553132,2.6390573296152584,0.6931471805599452,Ma2020/2,0.9216394008424381
Ma2020,2,csp_lda,8,3.8721974692726975,0.445,0.6375,,0.51,0.74,0.7995,0.10250000000000004,0.22999999999999998,0.295,15,6.0,False,2.0794415416798357,2.6390573296152584,0.5596157879354227,Ma2020/2,0.808202007395198
Ma2020,2,csp_lda,9,3.18693990439033,0.4975,0.7324999999999999,,0.585,0.7725000000000001,0.735,0.04000000000000015,0.1875000000000001,0.2750000000000001,15,5.0,False,2.1972245773362196,2.6390573296152584,0.44183275227903884,Ma2020/2,0.3290038249660533
Ma2020,2,csp_lda,10,3.1691027340627422,0.6599999999999999,0.73,,0.6325,0.6875,0.7150000000000001,-0.04249999999999998,0.05500000000000005,0.02750000000000008,15,4.0,False,2.302585092994046,2.6390573296152584,0.3364722366212125,Ma2020/2,0.316530355078674
Ma2020,2,csp_lda,11,4.8129960237605625,0.5075000000000001,0.775,,0.6699999999999999,0.73,0.72,-0.04500000000000004,0.06000000000000005,0.22249999999999992,15,3.0,False,2.3978952727983707,2.6390573296152584,0.24116205681688774,Ma2020/2,1.4660990966742367
Ma2020,2,csp_lda,12,3.3774497610079655,0.47,0.7,,0.6025,0.6575,0.6849999999999999,-0.04249999999999998,0.05499999999999994,0.1875,15,2.0,False,2.4849066497880004,2.6390573296152584,0.15415067982725805,Ma2020/2,0.46222669138078487
Ma2020,2,csp_lda,13,4.4674915569893345,0.5925,0.6300000000000001,,0.5800000000000001,0.5575,0.5854999999999999,-0.07250000000000012,-0.022500000000000075,-0.03500000000000003,15,1.0,False,2.5649493574615367,2.6390573296152584,0.07410797215372167,Ma2020/2,1.2244890496164644
Ma2020,2,csp_lda,14,2.6547019404604004,0.5725,0.6525,,0.5625,0.6525,0.6525,0.0,0.08999999999999997,0.07999999999999996,15,0.0,True,2.6390573296152584,2.6390573296152584,0.0,Ma2020/2,-0.04318829374305245
Ma2020,2,ts_lr,1,4.3097446944424735,0.5449999999999999,0.5449999999999999,0.575,0.5449999999999999,0.715,0.59,0.17000000000000004,0.17000000000000004,0.17000000000000004,15,13.0,False,0.0,2.6390573296152584,2.6390573296152584,Ma2020/2,1.1141772286454223
Ma2020,2,ts_lr,2,3.656001793272281,0.495,0.5,0.6445000000000001,0.5150000000000001,0.7375,0.6085,0.23750000000000004,0.22249999999999992,0.24250000000000005,15,12.0,False,0.6931471805599453,2.6390573296152584,1.945910149055313,Ma2020/2,0.6570171386718238
Ma2020,2,ts_lr,3,5.557750766803542,0.435,0.51,0.635,0.5475,0.5475,0.6145,0.03749999999999998,0.0,0.11249999999999999,15,11.0,False,1.0986122886681098,2.6390573296152584,1.5404450409471486,Ma2020/2,1.9869034445736193
Ma2020,2,ts_lr,4,4.828648209640604,0.615,0.6025,0.6465,0.4374999999999999,0.66,0.6415,0.057499999999999996,0.22250000000000014,0.04500000000000004,15,10.0,False,1.3862943611198906,2.6390573296152584,1.2527629684953678,Ma2020/2,1.477044614694233
Ma2020,2,ts_lr,5,5.593090119254612,0.4225,0.7649999999999999,0.8195,0.6425,0.8425,0.8074999999999999,0.07750000000000012,0.20000000000000007,0.42000000000000004,15,9.0,False,1.6094379124341003,2.6390573296152584,1.0296194171811581,Ma2020/2,2.011616128286469
Ma2020,2,ts_lr,6,2.639966880370785,0.4875,0.835,0.7619999999999999,0.695,0.8699999999999999,0.7795000000000001,0.03499999999999992,0.17499999999999993,0.3824999999999999,15,8.0,False,1.791759469228055,2.6390573296152584,0.8472978603872034,Ma2020/2,-0.053492468953639224
Ma2020,2,ts_lr,7,4.034413927620289,0.4825,0.605,0.5999999999999999,0.5449999999999999,0.63,0.5720000000000001,0.025000000000000022,0.08500000000000008,0.14750000000000002,15,7.0,False,1.9459101490553132,2.6390573296152584,0.6931471805599452,Ma2020/2,0.9216394008424381
Ma2020,2,ts_lr,8,3.8721974692726975,0.3975,0.7075,,0.425,0.6825,0.6865000000000001,-0.025000000000000022,0.2575,0.285,15,6.0,False,2.0794415416798357,2.6390573296152584,0.5596157879354227,Ma2020/2,0.808202007395198
Ma2020,2,ts_lr,9,3.18693990439033,0.4,0.7075,,0.5674999999999999,0.735,0.7460000000000001,0.02749999999999997,0.1675000000000001,0.33499999999999996,15,5.0,False,2.1972245773362196,2.6390573296152584,0.44183275227903884,Ma2020/2,0.3290038249660533
Ma2020,2,ts_lr,10,3.1691027340627422,0.6525000000000001,0.69,,0.4425,0.7225000000000001,0.6865,0.032500000000000195,0.28000000000000014,0.07000000000000006,15,4.0,False,2.302585092994046,2.6390573296152584,0.3364722366212125,Ma2020/2,0.316530355078674
Ma2020,2,ts_lr,11,4.8129960237605625,0.48,0.6925,,0.56,0.71,0.7335,0.01749999999999996,0.1499999999999999,0.22999999999999998,15,3.0,False,2.3978952727983707,2.6390573296152584,0.24116205681688774,Ma2020/2,1.4660990966742367
Ma2020,2,ts_lr,12,3.3774497610079655,0.5125,0.73,,0.6475,0.7625,0.763,0.03249999999999997,0.11499999999999999,0.25,15,2.0,False,2.4849066497880004,2.6390573296152584,0.15415067982725805,Ma2020/2,0.46222669138078487
Ma2020,2,ts_lr,13,4.4674915569893345,0.4975,0.5475,,0.61,0.5125,0.5055,-0.03500000000000003,-0.09750000000000003,0.014999999999999958,15,1.0,False,2.5649493574615367,2.6390573296152584,0.07410797215372167,Ma2020/2,1.2244890496164644
Ma2020,2,ts_lr,14,2.6547019404604004,0.455,0.71,,0.6224999999999999,0.71,0.71,0.0,0.08750000000000002,0.25499999999999995,15,0.0,True,2.6390573296152584,2.6390573296152584,0.0,Ma2020/2,-0.04318829374305245
Ma2020,3,csp_lda,1,2.0583674521916073,0.6025,0.6025,0.5965,0.6025,0.6825,0.6145,0.07999999999999996,0.07999999999999996,0.07999999999999996,15,13.0,False,0.0,2.6390573296152584,2.6390573296152584,Ma2020/3,-0.46020288437697593
Ma2020,3,csp_lda,2,2.4716024753763586,0.665,0.7075,0.6559999999999999,0.61,0.765,0.5810000000000001,0.057499999999999996,0.15500000000000003,0.09999999999999998,15,12.0,False,0.6931471805599453,2.6390573296152584,1.945910149055313,Ma2020/3,-0.1712290996655427
Ma2020,3,csp_lda,3,2.812066592146843,0.675,0.5175000000000001,0.597,0.625,0.7025,0.6464999999999999,0.18499999999999994,0.07750000000000001,0.02749999999999997,15,11.0,False,1.0986122886681098,2.6390573296152584,1.5404450409471486,Ma2020/3,0.0668562485301634
Ma2020,3,csp_lda,4,2.4952140739172988,0.65,0.755,0.7245,0.6325000000000001,0.7849999999999999,0.72,0.029999999999999916,0.15249999999999986,0.1349999999999999,15,10.0,False,1.3862943611198906,2.6390573296152584,1.2527629684953678,Ma2020/3,-0.1547175926280283
Ma2020,3,csp_lda,5,2.3298201144480584,0.835,0.665,0.7525000000000001,0.6174999999999999,0.8225,0.6425000000000001,0.15749999999999997,0.20500000000000007,-0.012499999999999956,15,9.0,False,1.6094379124341003,2.6390573296152584,1.0296194171811581,Ma2020/3,-0.2703770013293754
Ma2020,3,csp_lda,6,1.3592379325558344,0.7575000000000001,0.72,0.639,0.7,0.7025,0.6995,-0.01749999999999996,0.0025000000000000577,-0.05500000000000005,15,8.0,False,1.791759469228055,2.6390573296152584,0.8472978603872034,Ma2020/3,-0.9491016755191558
Ma2020,3,csp_lda,7,1.4007997376432977,0.5900000000000001,0.5125,0.575,0.53,0.5449999999999999,0.5545,0.03249999999999997,0.014999999999999902,-0.04500000000000015,15,7.0,False,1.9459101490553132,2.6390573296152584,0.6931471805599452,Ma2020/3,-0.9200376527676439
Ma2020,3,csp_lda,8,2.220130150905257,0.6875,0.565,,0.385,0.7949999999999999,0.7070000000000001,0.22999999999999998,0.4099999999999999,0.10749999999999993,15,6.0,False,2.0794415416798357,2.6390573296152584,0.5596157879354227,Ma2020/3,-0.3470828034308855
Ma2020,3,csp_lda,9,1.4393468787487709,0.7050000000000001,0.7424999999999999,,0.8425,0.765,0.772,0.022500000000000075,-0.07750000000000001,0.05999999999999994,15,5.0,False,2.1972245773362196,2.6390573296152584,0.44183275227903884,Ma2020/3,-0.8930817738365541
Ma2020,3,csp_lda,10,2.050366512226196,0.6775,0.7675,,0.665,0.7925,0.7874999999999999,0.025000000000000022,0.12749999999999995,0.11499999999999999,15,4.0,False,2.302585092994046,2.6390573296152584,0.3364722366212125,Ma2020/3,-0.4657979132911156
Ma2020,3,csp_lda,11,2.809152637437107,0.4225,0.5549999999999999,,0.5225,0.5475,0.622,-0.007499999999999951,0.025000000000000022,0.125,15,3.0,False,2.3978952727983707,2.6390573296152584,0.24116205681688774,Ma2020/3,0.06481853034630669
Ma2020,3,csp_lda,12,2.471484813225007,0.61,0.5875,,0.6025,0.66,0.6745,0.07250000000000001,0.057499999999999996,0.050000000000000044,15,2.0,False,2.4849066497880004,2.6390573296152584,0.15415067982725805,Ma2020/3,-0.17131138039027718
Ma2020,3,csp_lda,13,1.4505756156048562,0.5625,0.7325,,0.62,0.7325,0.7409999999999999,0.0,0.11250000000000004,0.17000000000000004,15,1.0,False,2.5649493574615367,2.6390573296152584,0.07410797215372167,Ma2020/3,-0.8852295580155805
Ma2020,3,csp_lda,14,1.4269649553398234,0.745,0.6675,,0.5625,0.6675,0.6675,0.0,0.10499999999999998,-0.07750000000000001,15,0.0,True,2.6390573296152584,2.6390573296152584,0.0,Ma2020/3,-0.9017404089200837
Ma2020,3,ts_lr,1,2.0583674521916073,0.5525,0.5525,0.643,0.5525,0.83,0.6335,0.27749999999999997,0.27749999999999997,0.27749999999999997,15,13.0,False,0.0,2.6390573296152584,2.6390573296152584,Ma2020/3,-0.46020288437697593
Ma2020,3,ts_lr,2,2.4716024753763586,0.5475000000000001,0.665,0.708,0.69,0.865,0.7014999999999999,0.19999999999999996,0.17500000000000004,0.3174999999999999,15,12.0,False,0.6931471805599453,2.6390573296152584,1.945910149055313,Ma2020/3,-0.1712290996655427
Ma2020,3,ts_lr,3,2.812066592146843,0.6,0.76,0.7090000000000001,0.6199999999999999,0.8150000000000001,0.745,0.05500000000000005,0.19500000000000017,0.21500000000000008,15,11.0,False,1.0986122886681098,2.6390573296152584,1.5404450409471486,Ma2020/3,0.0668562485301634
Ma2020,3,ts_lr,4,2.4952140739172988,0.5325,0.7725,0.7515000000000001,0.695,0.83,0.7595,0.057499999999999996,0.135,0.2975,15,10.0,False,1.3862943611198906,2.6390573296152584,1.2527629684953678,Ma2020/3,-0.1547175926280283
Ma2020,3,ts_lr,5,2.3298201144480584,0.6975,0.7925,0.729,0.53,0.7999999999999999,0.7615000000000001,0.007499999999999951,0.2699999999999999,0.10249999999999992,15,9.0,False,1.6094379124341003,2.6390573296152584,1.0296194171811581,Ma2020/3,-0.2703770013293754
Ma2020,3,ts_lr,6,1.3592379325558344,0.52,0.8049999999999999,0.6485,0.6275,0.74,0.775,-0.06499999999999995,0.11250000000000004,0.21999999999999997,15,8.0,False,1.791759469228055,2.6390573296152584,0.8472978603872034,Ma2020/3,-0.9491016755191558
Ma2020,3,ts_lr,7,1.4007997376432977,0.5725,0.6125,0.66,0.4725,0.7150000000000001,0.658,0.10250000000000004,0.2425000000000001,0.14250000000000007,15,7.0,False,1.9459101490553132,2.6390573296152584,0.6931471805599452,Ma2020/3,-0.9200376527676439
Ma2020,3,ts_lr,8,2.220130150905257,0.675,0.79,,0.4549999999999999,0.8674999999999999,0.8404999999999999,0.0774999999999999,0.41250000000000003,0.1924999999999999,15,6.0,False,2.0794415416798357,2.6390573296152584,0.5596157879354227,Ma2020/3,-0.3470828034308855
Ma2020,3,ts_lr,9,1.4393468787487709,0.6375,0.8025,,0.7775,0.7925,0.7785,-0.010000000000000009,0.015000000000000013,0.15500000000000003,15,5.0,False,2.1972245773362196,2.6390573296152584,0.44183275227903884,Ma2020/3,-0.8930817738365541
Ma2020,3,ts_lr,10,2.050366512226196,0.65,0.865,,0.6175,0.8375,0.8160000000000001,-0.02749999999999997,0.21999999999999997,0.1875,15,4.0,False,2.302585092994046,2.6390573296152584,0.3364722366212125,Ma2020/3,-0.4657979132911156
Ma2020,3,ts_lr,11,2.809152637437107,0.3175,0.645,,0.6425000000000001,0.7525,0.7625,0.10749999999999993,0.10999999999999988,0.43499999999999994,15,3.0,False,2.3978952727983707,2.6390573296152584,0.24116205681688774,Ma2020/3,0.06481853034630669
Ma2020,3,ts_lr,12,2.471484813225007,0.5275000000000001,0.8425,,0.6525000000000001,0.8325,0.8175000000000001,-0.010000000000000009,0.17999999999999994,0.30499999999999994,15,2.0,False,2.4849066497880004,2.6390573296152584,0.15415067982725805,Ma2020/3,-0.17131138039027718
Ma2020,3,ts_lr,13,1.4505756156048562,0.5725,0.8274999999999999,,0.6675,0.835,0.8324999999999999,0.007500000000000062,0.16749999999999998,0.26249999999999996,15,1.0,False,2.5649493574615367,2.6390573296152584,0.07410797215372167,Ma2020/3,-0.8852295580155805
Ma2020,3,ts_lr,14,1.4269649553398234,0.6500000000000001,0.79,,0.6074999999999999,0.79,0.79,0.0,0.1825000000000001,0.1399999999999999,15,0.0,True,2.6390573296152584,2.6390573296152584,0.0,Ma2020/3,-0.9017404089200837
Ma2020,4,csp_lda,1,2.5127354188366735,0.7425,0.7425,0.56,0.7425,0.8525,0.5525,0.10999999999999999,0.10999999999999999,0.10999999999999999,15,13.0,False,0.0,2.6390573296152584,2.6390573296152584,Ma2020/4,-0.14246497832741886
Ma2020,4,csp_lda,2,1.8309820314708043,0.425,0.55,0.5504999999999999,0.55,0.7575000000000001,0.5970000000000001,0.20750000000000002,0.20750000000000002,0.3325000000000001,15,12.0,False,0.6931471805599453,2.6390573296152584,1.945910149055313,Ma2020/4,-0.6192127018592534
Ma2020,4,csp_lda,3,2.7769355534059814,0.5199999999999999,0.6025,0.55,0.5475000000000001,0.6375,0.6125,0.03499999999999992,0.08999999999999986,0.11750000000000005,15,11.0,False,1.0986122886681098,2.6390573296152584,1.5404450409471486,Ma2020/4,0.042289237855339924
Ma2020,4,csp_lda,4,2.8044400098460556,0.7225000000000001,0.5850000000000001,0.56,0.595,0.5725,0.6075000000000002,-0.012500000000000067,-0.022499999999999964,-0.15000000000000013,15,10.0,False,1.3862943611198906,2.6390573296152584,1.2527629684953678,Ma2020/4,0.06152300660190988
Ma2020,4,csp_lda,5,1.7785311261123016,0.6725,0.6225,0.6289999999999999,0.665,0.7075,0.6465000000000001,0.08499999999999996,0.04249999999999998,0.03500000000000003,15,9.0,False,1.6094379124341003,2.6390573296152584,1.0296194171811581,Ma2020/4,-0.6558914337735405
Ma2020,4,csp_lda,6,2.564977391556681,0.5700000000000001,0.7425,0.6129999999999999,0.5525,0.8049999999999999,0.696,0.06249999999999989,0.25249999999999995,0.23499999999999988,15,8.0,False,1.791759469228055,2.6390573296152584,0.8472978603872034,Ma2020/4,-0.1059323522655117
Ma2020,4,csp_lda,7,3.4824292363682723,0.6425,0.73,0.76,0.6075,0.82,0.612,0.08999999999999997,0.2124999999999999,0.1775,15,7.0,False,1.9459101490553132,2.6390573296152584,0.6931471805599452,Ma2020/4,0.5356384658187071
Ma2020,4,csp_lda,8,3.026913758320819,0.6675,0.6275,,0.455,0.5325,0.499,-0.09499999999999997,0.07749999999999996,-0.135,15,6.0,False,2.0794415416798357,2.6390573296152584,0.5596157879354227,Ma2020/4,0.21709810911917435
Ma2020,4,csp_lda,9,1.9239150393402435,0.6125,0.67,,0.5075000000000001,0.6849999999999999,0.5894999999999999,0.014999999999999902,0.17749999999999988,0.0724999999999999,15,5.0,False,2.1972245773362196,2.6390573296152584,0.44183275227903884,Ma2020/4,-0.55422497937223
Ma2020,4,csp_lda,10,2.6860624543950404,0.5850000000000001,0.695,,0.52,0.7675,0.6635000000000001,0.07250000000000001,0.24749999999999994,0.18249999999999988,15,4.0,False,2.302585092994046,2.6390573296152584,0.3364722366212125,Ma2020/4,-0.021257997679698413
Ma2020,4,csp_lda,11,2.011272776463219,0.6174999999999999,0.5899999999999999,,0.7250000000000001,0.7775,0.7105,0.1875000000000001,0.05249999999999988,0.16000000000000003,15,3.0,False,2.3978952727983707,2.6390573296152584,0.24116205681688774,Ma2020/4,-0.4931360239257639
Ma2020,4,csp_lda,12,1.5622734965333305,0.435,0.575,,0.6675000000000001,0.6175,0.642,0.04250000000000009,-0.050000000000000044,0.18250000000000005,15,2.0,False,2.4849066497880004,2.6390573296152584,0.15415067982725805,Ma2020/4,-0.8071196264144602
Ma2020,4,csp_lda,13,1.5428807762516732,0.7525,0.8675,,0.625,0.8775,0.8029999999999999,0.009999999999999898,0.25249999999999995,0.125,15,1.0,False,2.5649493574615367,2.6390573296152584,0.07410797215372167,Ma2020/4,-0.8206808868624528
Ma2020,4,csp_lda,14,3.4230739424173757,0.6475,0.745,,0.6799999999999999,0.745,0.745,0.0,0.06500000000000006,0.09750000000000003,15,0.0,True,2.6390573296152584,2.6390573296152584,0.0,Ma2020/4,0.494131519472628
Ma2020,4,ts_lr,1,2.5127354188366735,0.7475,0.7475,0.6,0.7475,0.8200000000000001,0.5984999999999999,0.07250000000000001,0.07250000000000001,0.07250000000000001,15,13.0,False,0.0,2.6390573296152584,2.6390573296152584,Ma2020/4,-0.14246497832741886
Ma2020,4,ts_lr,2,1.8309820314708043,0.7175,0.6475,0.624,0.6099999999999999,0.68,0.6505000000000001,0.032500000000000084,0.07000000000000017,-0.03749999999999998,15,12.0,False,0.6931471805599453,2.6390573296152584,1.945910149055313,Ma2020/4,-0.6192127018592534
Ma2020,4,ts_lr,3,2.7769355534059814,0.6425000000000001,0.5974999999999999,0.5945,0.5275,0.65,0.6700000000000002,0.0525000000000001,0.12250000000000005,0.007499999999999951,15,11.0,False,1.0986122886681098,2.6390573296152584,1.5404450409471486,Ma2020/4,0.042289237855339924
Ma2020,4,ts_lr,4,2.8044400098460556,0.6325000000000001,0.7175,0.5715000000000001,0.765,0.7324999999999999,0.6054999999999999,0.014999999999999902,-0.032500000000000084,0.09999999999999987,15,10.0,False,1.3862943611198906,2.6390573296152584,1.2527629684953678,Ma2020/4,0.06152300660190988
Ma2020,4,ts_lr,5,1.7785311261123016,0.655,0.6625,0.7035,0.685,0.7225,0.7114999999999999,0.06000000000000005,0.03749999999999998,0.0675,15,9.0,False,1.6094379124341003,2.6390573296152584,1.0296194171811581,Ma2020/4,-0.6558914337735405
Ma2020,4,ts_lr,6,2.564977391556681,0.55,0.78,0.7829999999999999,0.6575,0.8625,0.788,0.08250000000000002,0.20500000000000007,0.3125,15,8.0,False,1.791759469228055,2.6390573296152584,0.8472978603872034,Ma2020/4,-0.1059323522655117
Ma2020,4,ts_lr,7,3.4824292363682723,0.775,0.81,0.8574999999999999,0.6375,0.905,0.8164999999999999,0.09499999999999997,0.26750000000000007,0.13,15,7.0,False,1.9459101490553132,2.6390573296152584,0.6931471805599452,Ma2020/4,0.5356384658187071
Ma2020,4,ts_lr,8,3.026913758320819,0.78,0.7475,,0.4575,0.7224999999999999,0.7110000000000001,-0.025000000000000133,0.2649999999999999,-0.05750000000000011,15,6.0,False,2.0794415416798357,2.6390573296152584,0.5596157879354227,Ma2020/4,0.21709810911917435
Ma2020,4,ts_lr,9,1.9239150393402435,0.6275,0.7749999999999999,,0.5325,0.785,0.763,0.01000000000000012,0.25250000000000006,0.15750000000000008,15,5.0,False,2.1972245773362196,2.6390573296152584,0.44183275227903884,Ma2020/4,-0.55422497937223
Ma2020,4,ts_lr,10,2.6860624543950404,0.595,0.7575000000000001,,0.6174999999999999,0.82,0.7805,0.06249999999999989,0.2025,0.22499999999999998,15,4.0,False,2.302585092994046,2.6390573296152584,0.3364722366212125,Ma2020/4,-0.021257997679698413
Ma2020,4,ts_lr,11,2.011272776463219,0.56,0.7100000000000001,,0.755,0.7675,0.7295,0.057499999999999885,0.012499999999999956,0.2074999999999999,15,3.0,False,2.3978952727983707,2.6390573296152584,0.24116205681688774,Ma2020/4,-0.4931360239257639
Ma2020,4,ts_lr,12,1.5622734965333305,0.4225,0.6525000000000001,,0.7050000000000001,0.6975,0.672,0.04499999999999993,-0.007500000000000062,0.275,15,2.0,False,2.4849066497880004,2.6390573296152584,0.15415067982725805,Ma2020/4,-0.8071196264144602
Ma2020,4,ts_lr,13,1.5428807762516732,0.6625,0.765,,0.585,0.7975,0.7969999999999999,0.03249999999999997,0.21250000000000002,0.135,15,1.0,False,2.5649493574615367,2.6390573296152584,0.07410797215372167,Ma2020/4,-0.8206808868624528
Ma2020,4,ts_lr,14,3.4230739424173757,0.615,0.745,,0.6125,0.745,0.745,0.0,0.13249999999999995,0.13,15,0.0,True,2.6390573296152584,2.6390573296152584,0.0,Ma2020/4,0.494131519472628
Ma2020,5,csp_lda,1,2.125447458181524,0.5650000000000001,0.5650000000000001,0.4805,0.5650000000000001,0.6725,0.5805,0.10749999999999993,0.10749999999999993,0.10749999999999993,15,13.0,False,0.0,2.6390573296152584,2.6390573296152584,Ma2020/5,-0.41329407432506166
Ma2020,5,csp_lda,2,1.9801276388301916,0.5525,0.645,0.6405,0.635,0.795,0.643,0.15000000000000002,0.16000000000000003,0.24250000000000005,15,12.0,False,0.6931471805599453,2.6390573296152584,1.945910149055313,Ma2020/5,-0.5149157081059952
Ma2020,5,csp_lda,3,1.7646141658656918,0.5,0.4874999999999999,0.7205,0.535,0.7199999999999999,0.7485,0.23249999999999998,0.18499999999999983,0.21999999999999986,15,11.0,False,1.0986122886681098,2.6390573296152584,1.5404450409471486,Ma2020/5,-0.6656235146682022
Ma2020,5,csp_lda,4,1.3159770452832056,0.65,0.74,0.701,0.53,0.6775,0.7665,-0.0625,0.14749999999999996,0.02749999999999997,15,10.0,False,1.3862943611198906,2.6390573296152584,1.2527629684953678,Ma2020/5,-0.979353860410941
Ma2020,5,csp_lda,5,1.9454255995666232,0.6975,0.7275,0.7165,0.7825,0.6875,0.699,-0.040000000000000036,-0.09499999999999997,-0.010000000000000009,15,9.0,False,1.6094379124341003,2.6390573296152584,1.0296194171811581,Ma2020/5,-0.5391827209693137
Ma2020,5,csp_lda,6,1.7015347507937504,0.5674999999999999,0.735,0.7875,0.61,0.8300000000000001,0.7604999999999998,0.09500000000000008,0.22000000000000008,0.2625000000000002,15,8.0,False,1.791759469228055,2.6390573296152584,0.8472978603872034,Ma2020/5,-0.7097347256934418
Ma2020,5,csp_lda,7,1.7529600487648935,0.8099999999999999,0.68,0.6675,0.6725,0.79,0.7615000000000001,0.10999999999999999,0.11750000000000005,-0.019999999999999907,15,7.0,False,1.9459101490553132,2.6390573296152584,0.6931471805599452,Ma2020/5,-0.673773197384186
Ma2020,5,csp_lda,8,1.4378035438915624,0.6225,0.775,,0.5875,0.815,0.7859999999999999,0.039999999999999925,0.22749999999999992,0.1924999999999999,15,6.0,False,2.0794415416798357,2.6390573296152584,0.5596157879354227,Ma2020/5,-0.8941610224232965
Ma2020,5,csp_lda,9,1.4870512935017528,0.6699999999999999,0.7949999999999999,,0.62,0.8775000000000001,0.7604999999999998,0.08250000000000013,0.25750000000000006,0.20750000000000013,15,5.0,False,2.1972245773362196,2.6390573296152584,0.44183275227903884,Ma2020/5,-0.8597222459524669
Ma2020,5,csp_lda,10,1.6231193812305271,0.7775,0.7925000000000001,,0.735,0.8425,0.8379999999999999,0.04999999999999993,0.10750000000000004,0.06500000000000006,15,4.0,False,2.302585092994046,2.6390573296152584,0.3364722366212125,Ma2020/5,-0.7645703152511532
Ma2020,5,csp_lda,11,1.6619862331584283,0.6675,0.8075,,0.735,0.795,0.795,-0.012499999999999956,0.06000000000000005,0.12750000000000006,15,3.0,False,2.3978952727983707,2.6390573296152584,0.24116205681688774,Ma2020/5,-0.7373908636769263
Ma2020,5,csp_lda,12,2.306958975345195,0.6675,0.84,,0.7825,0.835,0.8155000000000001,-0.0050000000000000044,0.05249999999999999,0.16749999999999998,15,2.0,False,2.4849066497880004,2.6390573296152584,0.15415067982725805,Ma2020/5,-0.2863637147460051
Ma2020,5,csp_lda,13,1.1590205053108702,0.46,0.635,,0.5974999999999999,0.6375,0.6515000000000001,0.0024999999999999467,0.040000000000000036,0.17749999999999994,15,1.0,False,2.5649493574615367,2.6390573296152584,0.07410797215372167,Ma2020/5,-1.0891130116112955
Ma2020,5,csp_lda,14,1.7886731486500296,0.5474999999999999,0.7075,,0.7875,0.7075,0.7075,0.0,-0.07999999999999996,0.16000000000000014,15,0.0,True,2.6390573296152584,2.6390573296152584,0.0,Ma2020/5,-0.6487991534175127
Ma2020,5,ts_lr,1,2.125447458181524,0.5175,0.5175,0.563,0.5175,0.6425,0.5635,0.125,0.125,0.125,15,13.0,False,0.0,2.6390573296152584,2.6390573296152584,Ma2020/5,-0.41329407432506166
Ma2020,5,ts_lr,2,1.9801276388301916,0.62,0.6699999999999999,0.6639999999999999,0.6075,0.8975,0.6799999999999999,0.22750000000000004,0.2899999999999999,0.27749999999999997,15,12.0,False,0.6931471805599453,2.6390573296152584,1.945910149055313,Ma2020/5,-0.5149157081059952
Ma2020,5,ts_lr,3,1.7646141658656918,0.4825,0.63,0.7384999999999999,0.6575,0.74,0.698,0.10999999999999999,0.08250000000000002,0.2575,15,11.0,False,1.0986122886681098,2.6390573296152584,1.5404450409471486,Ma2020/5,-0.6656235146682022
Ma2020,5,ts_lr,4,1.3159770452832056,0.69,0.8075,0.7715000000000001,0.6174999999999999,0.8025,0.8389999999999999,-0.0050000000000000044,0.18500000000000005,0.11250000000000004,15,10.0,False,1.3862943611198906,2.6390573296152584,1.2527629684953678,Ma2020/5,-0.979353860410941
Ma2020,5,ts_lr,5,1.9454255995666232,0.585,0.7875,0.7235,0.7825000000000001,0.7875,0.724,0.0,0.004999999999999893,0.2025,15,9.0,False,1.6094379124341003,2.6390573296152584,1.0296194171811581,Ma2020/5,-0.5391827209693137
Ma2020,5,ts_lr,6,1.7015347507937504,0.6499999999999999,0.695,0.7625,0.615,0.7975,0.7515,0.10250000000000004,0.1825,0.14750000000000008,15,8.0,False,1.791759469228055,2.6390573296152584,0.8472978603872034,Ma2020/5,-0.7097347256934418
Ma2020,5,ts_lr,7,1.7529600487648935,0.765,0.7075,0.82,0.505,0.8250000000000001,0.7635,0.11750000000000005,0.32000000000000006,0.06000000000000005,15,7.0,False,1.9459101490553132,2.6390573296152584,0.6931471805599452,Ma2020/5,-0.673773197384186
Ma2020,5,ts_lr,8,1.4378035438915624,0.5800000000000001,0.75,,0.4674999999999999,0.8425,0.7805,0.09250000000000003,0.3750000000000001,0.26249999999999996,15,6.0,False,2.0794415416798357,2.6390573296152584,0.5596157879354227,Ma2020/5,-0.8941610224232965
Ma2020,5,ts_lr,9,1.4870512935017528,0.6675,0.8175,,0.605,0.8925000000000001,0.8504999999999999,0.07500000000000007,0.2875000000000001,0.2250000000000001,15,5.0,False,2.1972245773362196,2.6390573296152584,0.44183275227903884,Ma2020/5,-0.8597222459524669
Ma2020,5,ts_lr,10,1.6231193812305271,0.7250000000000001,0.9025,,0.6875,0.9375,0.8879999999999999,0.03500000000000003,0.25,0.2124999999999999,15,4.0,False,2.302585092994046,2.6390573296152584,0.3364722366212125,Ma2020/5,-0.7645703152511532
Ma2020,5,ts_lr,11,1.6619862331584283,0.615,0.89,,0.8,0.915,0.8825000000000001,0.025000000000000022,0.11499999999999999,0.30000000000000004,15,3.0,False,2.3978952727983707,2.6390573296152584,0.24116205681688774,Ma2020/5,-0.7373908636769263
Ma2020,5,ts_lr,12,2.306958975345195,0.67,0.8525,,0.815,0.8625,0.8435,0.010000000000000009,0.0475000000000001,0.1925,15,2.0,False,2.4849066497880004,2.6390573296152584,0.15415067982725805,Ma2020/5,-0.2863637147460051
Ma2020,5,ts_lr,13,1.1590205053108702,0.5774999999999999,0.7050000000000001,,0.53,0.7475,0.737,0.04249999999999998,0.21750000000000003,0.17000000000000015,15,1.0,False,2.5649493574615367,2.6390573296152584,0.07410797215372167,Ma2020/5,-1.0891130116112955
Ma2020,5,ts_lr,14,1.7886731486500296,0.59,0.855,,0.8025,0.855,0.8550000000000001,0.0,0.05249999999999999,0.265,15,0.0,True,2.6390573296152584,2.6390573296152584,0.0,Ma2020/5,-0.6487991534175127
Ma2020,6,csp_lda,1,18.82076548787107,0.7025,0.7025,0.5860000000000001,0.7025,0.5225,0.617,-0.18000000000000005,-0.18000000000000005,-0.18000000000000005,15,13.0,False,0.0,2.6390573296152584,2.6390573296152584,Ma2020/6,11.261682554757634
Ma2020,6,csp_lda,2,2.181321850763873,0.56,0.6425000000000001,0.6735,0.7474999999999999,0.5775000000000001,0.6569999999999998,-0.06499999999999995,-0.16999999999999982,0.01750000000000007,15,12.0,False,0.6931471805599453,2.6390573296152584,1.945910149055313,Ma2020/6,-0.37422130994866204
Ma2020,6,csp_lda,3,1.9234929132193157,0.39875,0.48,0.6285000000000001,0.5349999999999999,0.4049999999999999,0.568,-0.07500000000000007,-0.13,0.006249999999999922,15,11.0,False,1.0986122886681098,2.6390573296152584,1.5404450409471486,Ma2020/6,-0.5545201706700295
Ma2020,6,csp_lda,4,3.822234976697093,0.475,0.645,0.6405,0.4924999999999999,0.5125,0.621,-0.13250000000000006,0.020000000000000073,0.03749999999999998,15,10.0,False,1.3862943611198906,2.6390573296152584,1.2527629684953678,Ma2020/6,0.7732634137060218
Ma2020,6,csp_lda,5,1.421457854593075,0.525,0.6975,0.711,0.5174999999999998,0.4524999999999999,0.6609999999999999,-0.2450000000000001,-0.06499999999999995,-0.07250000000000012,15,9.0,False,1.6094379124341003,2.6390573296152584,1.0296194171811581,Ma2020/6,-0.9055915049218463
Ma2020,6,csp_lda,6,1.7233884332861784,0.5,0.5675,0.5890000000000001,0.6799999999999999,0.505,0.5845,-0.0625,-0.17499999999999993,0.0050000000000000044,15,8.0,False,1.791759469228055,2.6390573296152584,0.8472978603872034,Ma2020/6,-0.6944525231079762
Ma2020,6,csp_lda,7,1.5636738472809242,0.5,0.5425,0.7775,0.5,0.4475,0.5970000000000001,-0.09499999999999997,-0.05249999999999999,-0.05249999999999999,15,7.0,False,1.9459101490553132,2.6390573296152584,0.6931471805599452,Ma2020/6,-0.8061403661079718
Ma2020,6,csp_lda,8,1.508785517098394,0.5,0.7025,,0.66,0.6325,0.72,-0.07000000000000006,-0.02750000000000008,0.13249999999999995,15,6.0,False,2.0794415416798357,2.6390573296152584,0.5596157879354227,Ma2020/6,-0.8445235805487411
Ma2020,6,csp_lda,9,2.689941194463188,0.5,0.6275000000000001,,0.5675,0.39,0.521,-0.23750000000000004,-0.1775,-0.10999999999999999,15,5.0,False,2.1972245773362196,2.6390573296152584,0.44183275227903884,Ma2020/6,-0.018545608519732797
Ma2020,6,csp_lda,10,1.146946554098312,0.5,0.6275,,0.6375000000000001,0.6125,0.6195,-0.014999999999999902,-0.025000000000000022,0.11250000000000004,15,4.0,False,2.302585092994046,2.6390573296152584,0.3364722366212125,Ma2020/6,-1.0975562828312042
Ma2020,6,csp_lda,11,1.448419710909007,0.5,0.7050000000000001,,0.8899999999999999,0.55,0.6795,-0.15500000000000003,-0.33999999999999986,0.050000000000000044,15,3.0,False,2.3978952727983707,2.6390573296152584,0.24116205681688774,Ma2020/6,-0.8867371745158357
Ma2020,6,csp_lda,12,2.020341692079676,0.5,0.63,,0.3899999999999999,0.5575,0.5725,-0.07250000000000001,0.1675000000000001,0.057499999999999996,15,2.0,False,2.4849066497880004,2.6390573296152584,0.15415067982725805,Ma2020/6,-0.4867941634302063
Ma2020,6,csp_lda,13,2.1869148519815305,0.5,0.645,,0.615,0.56,0.5875,-0.08499999999999996,-0.05499999999999994,0.06000000000000005,15,1.0,False,2.5649493574615367,2.6390573296152584,0.07410797215372167,Ma2020/6,-0.3703101440525432
Ma2020,6,csp_lda,14,1.540834686807824,0.5,0.4775,,0.5925,0.4775,0.4775,0.0,-0.11500000000000005,-0.02250000000000002,15,0.0,True,2.6390573296152584,2.6390573296152584,0.0,Ma2020/6,-0.8221117099468332
Ma2020,6,ts_lr,1,18.82076548787107,0.6725,0.6725,0.5770000000000001,0.6725,0.6975,0.6179999999999999,0.025000000000000022,0.025000000000000022,0.025000000000000022,15,13.0,False,0.0,2.6390573296152584,2.6390573296152584,Ma2020/6,11.261682554757634
Ma2020,6,ts_lr,2,2.181321850763873,0.7575,0.715,0.688,0.6124999999999999,0.8475,0.6825000000000001,0.13250000000000006,0.2350000000000001,0.09000000000000008,15,12.0,False,0.6931471805599453,2.6390573296152584,1.945910149055313,Ma2020/6,-0.37422130994866204
Ma2020,6,ts_lr,3,1.9234929132193157,0.53,0.6625,0.693,0.72,0.7225,0.6335,0.06000000000000005,0.0025000000000000577,0.1925,15,11.0,False,1.0986122886681098,2.6390573296152584,1.5404450409471486,Ma2020/6,-0.5545201706700295
Ma2020,6,ts_lr,4,3.822234976697093,0.605,0.6825,0.6664999999999999,0.6275,0.7525000000000001,0.679,0.07000000000000006,0.1250000000000001,0.14750000000000008,15,10.0,False,1.3862943611198906,2.6390573296152584,1.2527629684953678,Ma2020/6,0.7732634137060218
Ma2020,6,ts_lr,5,1.421457854593075,0.6675000000000001,0.79,0.794,0.6325000000000001,0.7825,0.772,-0.007500000000000062,0.1499999999999999,0.11499999999999988,15,9.0,False,1.6094379124341003,2.6390573296152584,1.0296194171811581,Ma2020/6,-0.9055915049218463
Ma2020,6,ts_lr,6,1.7233884332861784,0.52,0.665,0.69,0.6750000000000002,0.6950000000000001,0.6405,0.030000000000000027,0.019999999999999907,0.17500000000000004,15,8.0,False,1.791759469228055,2.6390573296152584,0.8472978603872034,Ma2020/6,-0.6944525231079762
Ma2020,6,ts_lr,7,1.5636738472809242,0.49,0.67,0.6875,0.5525,0.725,0.6900000000000001,0.05499999999999994,0.1725,0.235,15,7.0,False,1.9459101490553132,2.6390573296152584,0.6931471805599452,Ma2020/6,-0.8061403661079718
Ma2020,6,ts_lr,8,1.508785517098394,0.7575000000000001,0.72,,0.5275,0.82,0.784,0.09999999999999998,0.2925,0.06249999999999989,15,6.0,False,2.0794415416798357,2.6390573296152584,0.5596157879354227,Ma2020/6,-0.8445235805487411
Ma2020,6,ts_lr,9,2.689941194463188,0.5375,0.7025,,0.56,0.765,0.666,0.0625,0.20499999999999996,0.22750000000000004,15,5.0,False,2.1972245773362196,2.6390573296152584,0.44183275227903884,Ma2020/6,-0.018545608519732797
Ma2020,6,ts_lr,10,1.146946554098312,0.6499999999999999,0.8274999999999999,,0.5825,0.7775000000000001,0.7555,-0.04999999999999982,0.19500000000000006,0.12750000000000017,15,4.0,False,2.302585092994046,2.6390573296152584,0.3364722366212125,Ma2020/6,-1.0975562828312042
Ma2020,6,ts_lr,11,1.448419710909007,0.815,0.7925,,0.8125,0.8375,0.8094999999999999,0.04500000000000004,0.025000000000000022,0.022500000000000075,15,3.0,False,2.3978952727983707,2.6390573296152584,0.24116205681688774,Ma2020/6,-0.8867371745158357
Ma2020,6,ts_lr,12,2.020341692079676,0.5125,0.6425000000000001,,0.575,0.6625,0.6515,0.019999999999999907,0.08750000000000002,0.15000000000000002,15,2.0,False,2.4849066497880004,2.6390573296152584,0.15415067982725805,Ma2020/6,-0.4867941634302063
Ma2020,6,ts_lr,13,2.1869148519815305,0.695,0.8,,0.7125,0.805,0.7975000000000001,0.0050000000000000044,0.09250000000000003,0.1100000000000001,15,1.0,False,2.5649493574615367,2.6390573296152584,0.07410797215372167,Ma2020/6,-0.3703101440525432
Ma2020,6,ts_lr,14,1.540834686807824,0.6425000000000001,0.74,,0.7,0.74,0.74,0.0,0.040000000000000036,0.09749999999999992,15,0.0,True,2.6390573296152584,2.6390573296152584,0.0,Ma2020/6,-0.8221117099468332
Ma2020,7,csp_lda,1,2.614688769823306,0.5225,0.5225,0.52525,0.5225,0.4574999999999999,0.59375,-0.06500000000000006,-0.06500000000000006,-0.06500000000000006,15,13.0,False,0.0,2.6390573296152584,2.6390573296152584,Ma2020/7,-0.07116936192113858
Ma2020,7,csp_lda,2,2.489623483721862,0.4024999999999999,0.365,0.5827500000000001,0.585,0.3374999999999999,0.5205,-0.02750000000000008,-0.24750000000000005,-0.065,15,12.0,False,0.6931471805599453,2.6390573296152584,1.945910149055313,Ma2020/7,-0.15862707250486754
Ma2020,7,csp_lda,3,2.77460860870152,0.5425,0.62,0.5605,0.5700000000000001,0.5825,0.5774999999999999,-0.03749999999999998,0.012499999999999956,0.040000000000000036,15,11.0,False,1.0986122886681098,2.6390573296152584,1.5404450409471486,Ma2020/7,0.040662013684261374
Ma2020,7,csp_lda,4,3.1608444407721876,0.485,0.4825,0.6455,0.5475,0.5575,0.4795,0.07500000000000001,0.010000000000000009,0.07250000000000001,15,10.0,False,1.3862943611198906,2.6390573296152584,1.2527629684953678,Ma2020/7,0.31075535989787667
Ma2020,7,csp_lda,5,3.029912459133822,0.3324999999999999,0.4049999999999999,0.5925,0.7125,0.4749999999999999,0.5349999999999999,0.07,-0.2375000000000001,0.14250000000000002,15,9.0,False,1.6094379124341003,2.6390573296152584,1.0296194171811581,Ma2020/7,0.2191950899521937
Ma2020,7,csp_lda,6,3.888035601881874,0.5725,0.5675,0.5805,0.6949999999999998,0.5925,0.498,0.025000000000000022,-0.10249999999999981,0.020000000000000018,15,8.0,False,1.791759469228055,2.6390573296152584,0.8472978603872034,Ma2020/7,0.8192775573027602
Ma2020,7,csp_lda,7,2.8908777386805853,0.6125,0.565,0.595,0.5625,0.57,0.5944999999999999,0.0050000000000000044,0.007499999999999951,-0.04250000000000009,15,7.0,False,1.9459101490553132,2.6390573296152584,0.6931471805599452,Ma2020/7,0.12196860351833397
Ma2020,7,csp_lda,8,2.3680170078613285,0.405,0.495,,0.6575,0.4925,0.6179999999999999,-0.0025000000000000022,-0.16499999999999998,0.08749999999999997,15,6.0,False,2.0794415416798357,2.6390573296152584,0.5596157879354227,Ma2020/7,-0.2436660493660492
Ma2020,7,csp_lda,9,3.0180247162052387,0.56,0.65,,0.48875,0.4975,0.6485000000000001,-0.15250000000000002,0.00874999999999998,-0.06250000000000006,15,5.0,False,2.1972245773362196,2.6390573296152584,0.44183275227903884,Ma2020/7,0.21088203352422136
Ma2020,7,csp_lda,10,3.010573626732851,0.535,0.4525,,0.5625,0.495,0.5285,0.04249999999999998,-0.0675,-0.040000000000000036,15,4.0,False,2.302585092994046,2.6390573296152584,0.3364722366212125,Ma2020/7,0.2056715131078607
Ma2020,7,csp_lda,11,3.2450627255506563,0.47,0.5925,,0.63,0.4925,0.6495,-0.10000000000000003,-0.1375,0.02250000000000002,15,3.0,False,2.3978952727983707,2.6390573296152584,0.24116205681688774,Ma2020/7,0.3696489074650168
Ma2020,7,csp_lda,12,3.6043931870083834,0.4075,0.5475,,0.4549999999999999,0.5575,0.5405,0.010000000000000009,0.10250000000000009,0.15000000000000002,15,2.0,False,2.4849066497880004,2.6390573296152584,0.15415067982725805,Ma2020/7,0.6209274235241968
Ma2020,7,csp_lda,13,2.593006933266614,0.4175,0.54,,0.6675,0.5675,0.5609999999999999,0.02749999999999997,-0.09999999999999998,0.15000000000000002,15,1.0,False,2.5649493574615367,2.6390573296152584,0.07410797215372167,Ma2020/7,-0.08633139325380418
Ma2020,7,csp_lda,14,2.902586119694859,0.51,0.55,,0.585,0.55,0.55,0.0,-0.03499999999999992,0.040000000000000036,15,0.0,True,2.6390573296152584,2.6390573296152584,0.0,Ma2020/7,0.13015623279637178
Ma2020,7,ts_lr,1,2.614688769823306,0.625,0.625,0.6035,0.625,0.7000000000000001,0.671,0.07500000000000007,0.07500000000000007,0.07500000000000007,15,13.0,False,0.0,2.6390573296152584,2.6390573296152584,Ma2020/7,-0.07116936192113858
Ma2020,7,ts_lr,2,2.489623483721862,0.5525,0.71,0.8329999999999999,0.755,0.9125,0.7915000000000001,0.2025,0.15749999999999997,0.36,15,12.0,False,0.6931471805599453,2.6390573296152584,1.945910149055313,Ma2020/7,-0.15862707250486754
Ma2020,7,ts_lr,3,2.77460860870152,0.645,0.7675000000000001,0.7889999999999999,0.635,0.8724999999999999,0.7695000000000001,0.10499999999999987,0.23749999999999993,0.22749999999999992,15,11.0,False,1.0986122886681098,2.6390573296152584,1.5404450409471486,Ma2020/7,0.040662013684261374
Ma2020,7,ts_lr,4,3.1608444407721876,0.7525,0.7775,0.8135,0.7375,0.8150000000000001,0.7625000000000001,0.03750000000000009,0.07750000000000001,0.06250000000000011,15,10.0,False,1.3862943611198906,2.6390573296152584,1.2527629684953678,Ma2020/7,0.31075535989787667
Ma2020,7,ts_lr,5,3.029912459133822,0.7575,0.9125,0.8244999999999999,0.8275000000000001,0.8674999999999999,0.8644999999999999,-0.04500000000000004,0.039999999999999813,0.10999999999999999,15,9.0,False,1.6094379124341003,2.6390573296152584,1.0296194171811581,Ma2020/7,0.2191950899521937
Ma2020,7,ts_lr,6,3.888035601881874,0.69,0.7875,0.751,0.715,0.865,0.7949999999999999,0.07750000000000001,0.15000000000000002,0.17500000000000004,15,8.0,False,1.791759469228055,2.6390573296152584,0.8472978603872034,Ma2020/7,0.8192775573027602
Ma2020,7,ts_lr,7,2.8908777386805853,0.62,0.7699999999999999,0.8550000000000001,0.635,0.93,0.849,0.16000000000000014,0.29500000000000004,0.31000000000000005,15,7.0,False,1.9459101490553132,2.6390573296152584,0.6931471805599452,Ma2020/7,0.12196860351833397
Ma2020,7,ts_lr,8,2.3680170078613285,0.6974999999999999,0.87,,0.7475,0.8674999999999999,0.8390000000000001,-0.0025000000000000577,0.11999999999999988,0.17000000000000004,15,6.0,False,2.0794415416798357,2.6390573296152584,0.5596157879354227,Ma2020/7,-0.2436660493660492
Ma2020,7,ts_lr,9,3.0180247162052387,0.4825,0.7475,,0.7,0.78,0.7795,0.03249999999999997,0.08000000000000007,0.29750000000000004,15,5.0,False,2.1972245773362196,2.6390573296152584,0.44183275227903884,Ma2020/7,0.21088203352422136
Ma2020,7,ts_lr,10,3.010573626732851,0.5874999999999999,0.89,,0.6875,0.885,0.8230000000000001,-0.0050000000000000044,0.1975,0.2975000000000001,15,4.0,False,2.302585092994046,2.6390573296152584,0.3364722366212125,Ma2020/7,0.2056715131078607
Ma2020,7,ts_lr,11,3.2450627255506563,0.575,0.8075,,0.6625000000000001,0.8075,0.779,0.0,0.1449999999999999,0.23250000000000004,15,3.0,False,2.3978952727983707,2.6390573296152584,0.24116205681688774,Ma2020/7,0.3696489074650168
Ma2020,7,ts_lr,12,3.6043931870083834,0.7975,0.915,,0.6300000000000001,0.92,0.9235,0.0050000000000000044,0.2899999999999999,0.12250000000000005,15,2.0,False,2.4849066497880004,2.6390573296152584,0.15415067982725805,Ma2020/7,0.6209274235241968
Ma2020,7,ts_lr,13,2.593006933266614,0.6175,0.7100000000000001,,0.6775,0.7125,0.7070000000000001,0.0024999999999999467,0.03500000000000003,0.09499999999999997,15,1.0,False,2.5649493574615367,2.6390573296152584,0.07410797215372167,Ma2020/7,-0.08633139325380418
Ma2020,7,ts_lr,14,2.902586119694859,0.7575,0.8775,,0.825,0.8775,0.8774999999999998,0.0,0.05249999999999999,0.12,15,0.0,True,2.6390573296152584,2.6390573296152584,0.0,Ma2020/7,0.13015623279637178
Ma2020,8,csp_lda,1,1.9840551907033757,0.39,0.39,0.54625,0.39,0.6625,0.59275,0.27249999999999996,0.27249999999999996,0.27249999999999996,15,13.0,False,0.0,2.6390573296152584,2.6390573296152584,Ma2020/8,-0.5121691850240514
Ma2020,8,csp_lda,2,1.4478778000790895,0.4975,0.575,0.5149999999999999,0.4175,0.4175,0.523,-0.15749999999999997,0.0,-0.08000000000000002,15,12.0,False,0.6931471805599453,2.6390573296152584,1.945910149055313,Ma2020/8,-0.8871161308353908
Ma2020,8,csp_lda,3,1.472927133329891,0.47,0.615,0.446,0.335,0.5700000000000001,0.5005,-0.04499999999999993,0.23500000000000004,0.10000000000000009,15,11.0,False,1.0986122886681098,2.6390573296152584,1.5404450409471486,Ma2020/8,-0.8695992210192889
Ma2020,8,csp_lda,4,1.3975242429905126,0.5175000000000001,0.51,0.588,0.4075,0.575,0.5195000000000001,0.06499999999999995,0.16749999999999998,0.057499999999999885,15,10.0,False,1.3862943611198906,2.6390573296152584,1.2527629684953678,Ma2020/8,-0.9223281945501931
Ma2020,8,csp_lda,5,1.6328864335802196,0.5650000000000001,0.4825,0.54,0.635,0.3175,0.534,-0.16499999999999998,-0.3175,-0.24750000000000005,15,9.0,False,1.6094379124341003,2.6390573296152584,1.0296194171811581,Ma2020/8,-0.7577402502164587
Ma2020,8,csp_lda,6,1.227750181928641,0.4975,0.4975,0.6095,0.475,0.6525,0.5799999999999998,0.15499999999999997,0.1775,0.15499999999999997,15,8.0,False,1.791759469228055,2.6390573296152584,0.8472978603872034,Ma2020/8,-1.041050592745723
Ma2020,8,csp_lda,7,0.9204281481507957,0.4275,0.5375000000000001,0.59,0.5125,0.635,0.512,0.09749999999999992,0.12250000000000005,0.20750000000000002,15,7.0,False,1.9459101490553132,2.6390573296152584,0.6931471805599452,Ma2020/8,-1.2559597999604613
Ma2020,8,csp_lda,8,1.674608739982513,0.5425,0.5099999999999999,,0.425,0.6025,0.5315,0.09250000000000014,0.17750000000000005,0.06000000000000005,15,6.0,False,2.0794415416798357,2.6390573296152584,0.5596157879354227,Ma2020/8,-0.7285639894652725
Ma2020,8,csp_lda,9,1.727326004301778,0.3325,0.6024999999999999,,0.7550000000000001,0.46,0.5635,-0.1424999999999999,-0.2950000000000001,0.1275,15,5.0,False,2.1972245773362196,2.6390573296152584,0.44183275227903884,Ma2020/8,-0.6916989936753097
Ma2020,8,csp_lda,10,1.4094431948644854,0.4,0.2075,,0.47,0.41,0.394,0.20249999999999999,-0.06,0.009999999999999953,15,4.0,False,2.302585092994046,2.6390573296152584,0.3364722366212125,Ma2020/8,-0.9139933138175029
Ma2020,8,csp_lda,11,1.2941920937132825,0.425,0.6225,,0.4649999999999999,0.7150000000000001,0.6354999999999998,0.09250000000000003,0.25000000000000017,0.2900000000000001,15,3.0,False,2.3978952727983707,2.6390573296152584,0.24116205681688774,Ma2020/8,-0.9945879997062965
Ma2020,8,csp_lda,12,0.9589723325478192,0.69,0.5325,,0.6625,0.49,0.5519999999999999,-0.04249999999999998,-0.1725,-0.19999999999999996,15,2.0,False,2.4849066497880004,2.6390573296152584,0.15415067982725805,Ma2020/8,-1.2290059886450937
Ma2020,8,csp_lda,13,2.450664670715543,0.3974999999999999,0.5325,,0.535,0.6000000000000001,0.6134999999999999,0.06750000000000012,0.06500000000000006,0.20250000000000018,15,1.0,False,2.5649493574615367,2.6390573296152584,0.07410797215372167,Ma2020/8,-0.18587083213476646
Ma2020,8,csp_lda,14,1.7126316034340794,0.63375,0.5025000000000001,,0.575,0.5025000000000001,0.5025000000000001,0.0,-0.0724999999999999,-0.13124999999999998,15,0.0,True,2.6390573296152584,2.6390573296152584,0.0,Ma2020/8,-0.701974736036352
Ma2020,8,ts_lr,1,1.9840551907033757,0.5575,0.5575,0.5455,0.5575,0.7150000000000001,0.5865,0.15750000000000008,0.15750000000000008,0.15750000000000008,15,13.0,False,0.0,2.6390573296152584,2.6390573296152584,Ma2020/8,-0.5121691850240514
Ma2020,8,ts_lr,2,1.4478778000790895,0.4575,0.4875,0.5475,0.4649999999999999,0.6275,0.5189999999999999,0.13999999999999996,0.16250000000000003,0.16999999999999993,15,12.0,False,0.6931471805599453,2.6390573296152584,1.945910149055313,Ma2020/8,-0.8871161308353908
Ma2020,8,ts_lr,3,1.472927133329891,0.5725,0.6749999999999999,0.491,0.615,0.5925,0.5685,-0.0824999999999999,-0.022499999999999964,0.020000000000000018,15,11.0,False,1.0986122886681098,2.6390573296152584,1.5404450409471486,Ma2020/8,-0.8695992210192889
Ma2020,8,ts_lr,4,1.3975242429905126,0.525,0.6025,0.5615,0.3325,0.6225,0.5245,0.020000000000000018,0.29000000000000004,0.09750000000000003,15,10.0,False,1.3862943611198906,2.6390573296152584,1.2527629684953678,Ma2020/8,-0.9223281945501931
Ma2020,8,ts_lr,5,1.6328864335802196,0.66,0.6675000000000001,0.6455,0.5900000000000001,0.6625000000000001,0.5994999999999999,-0.0050000000000000044,0.07250000000000001,0.0025000000000000577,15,9.0,False,1.6094379124341003,2.6390573296152584,1.0296194171811581,Ma2020/8,-0.7577402502164587
Ma2020,8,ts_lr,6,1.227750181928641,0.5175,0.6875,0.502,0.5525,0.5425,0.5375,-0.14500000000000002,-0.010000000000000009,0.025000000000000022,15,8.0,False,1.791759469228055,2.6390573296152584,0.8472978603872034,Ma2020/8,-1.041050592745723
Ma2020,8,ts_lr,7,0.9204281481507957,0.3999999999999999,0.5725,0.5325,0.635,0.5725,0.54,0.0,-0.0625,0.1725000000000001,15,7.0,False,1.9459101490553132,2.6390573296152584,0.6931471805599452,Ma2020/8,-1.2559597999604613
Ma2020,8,ts_lr,8,1.674608739982513,0.595,0.5525000000000001,,0.3924999999999999,0.6199999999999999,0.6184999999999999,0.06749999999999978,0.22749999999999998,0.02499999999999991,15,6.0,False,2.0794415416798357,2.6390573296152584,0.5596157879354227,Ma2020/8,-0.7285639894652725
Ma2020,8,ts_lr,9,1.727326004301778,0.6849999999999999,0.8725,,0.8324999999999999,0.8025,0.7695,-0.07000000000000006,-0.029999999999999916,0.11750000000000005,15,5.0,False,2.1972245773362196,2.6390573296152584,0.44183275227903884,Ma2020/8,-0.6916989936753097
Ma2020,8,ts_lr,10,1.4094431948644854,0.3749999999999999,0.4549999999999999,,0.3524999999999999,0.4775,0.4955,0.022500000000000075,0.12500000000000006,0.10250000000000009,15,4.0,False,2.302585092994046,2.6390573296152584,0.3364722366212125,Ma2020/8,-0.9139933138175029
Ma2020,8,ts_lr,11,1.2941920937132825,0.6225,0.6124999999999999,,0.6025,0.6475,0.6295,0.03500000000000003,0.04499999999999993,0.02499999999999991,15,3.0,False,2.3978952727983707,2.6390573296152584,0.24116205681688774,Ma2020/8,-0.9945879997062965
Ma2020,8,ts_lr,12,0.9589723325478192,0.5925,0.54,,0.6975,0.5225,0.522,-0.01750000000000007,-0.17500000000000004,-0.07000000000000006,15,2.0,False,2.4849066497880004,2.6390573296152584,0.15415067982725805,Ma2020/8,-1.2290059886450937
Ma2020,8,ts_lr,13,2.450664670715543,0.435,0.655,,0.5425,0.6525000000000001,0.6375,-0.0024999999999999467,0.1100000000000001,0.21750000000000008,15,1.0,False,2.5649493574615367,2.6390573296152584,0.07410797215372167,Ma2020/8,-0.18587083213476646
Ma2020,8,ts_lr,14,1.7126316034340794,0.5449999999999999,0.5725,,0.6025,0.5725,0.5725,0.0,-0.030000000000000027,0.02750000000000008,15,0.0,True,2.6390573296152584,2.6390573296152584,0.0,Ma2020/8,-0.701974736036352
Ma2020,9,csp_lda,1,1.1661402149375402,0.7450000000000001,0.7450000000000001,0.617,0.7450000000000001,0.715,0.6405000000000001,-0.030000000000000138,-0.030000000000000138,-0.030000000000000138,15,13.0,False,0.0,2.6390573296152584,2.6390573296152584,Ma2020/9,-1.084134223944633
Ma2020,9,csp_lda,2,2.353302579421771,0.7474999999999999,0.7474999999999999,0.7494999999999999,0.7650000000000001,0.82,0.701,0.07250000000000001,0.05499999999999983,0.07250000000000001,15,12.0,False,0.6931471805599453,2.6390573296152584,1.945910149055313,Ma2020/9,-0.2539557969369938
Ma2020,9,csp_lda,3,2.1216965780641117,0.6325000000000001,0.72,0.6695,0.7775,0.785,0.656,0.06500000000000006,0.007500000000000062,0.15249999999999997,15,11.0,False,1.0986122886681098,2.6390573296152584,1.5404450409471486,Ma2020/9,-0.41591705147538643
Ma2020,9,csp_lda,4,2.5073517070730067,0.8075,0.8049999999999999,0.7254999999999999,0.8474999999999999,0.8775,0.7905,0.07250000000000001,0.030000000000000027,0.06999999999999995,15,10.0,False,1.3862943611198906,2.6390573296152584,1.2527629684953678,Ma2020/9,-0.14622978885134852
Ma2020,9,csp_lda,5,2.455352294970828,0.7374999999999999,0.795,0.7585,0.6074999999999999,0.7575000000000001,0.7045,-0.03749999999999998,0.15000000000000013,0.02000000000000013,15,9.0,False,1.6094379124341003,2.6390573296152584,1.0296194171811581,Ma2020/9,-0.18259279313430812
Ma2020,9,csp_lda,6,1.4056845553006567,0.52,0.625,0.7255,0.7425,0.695,0.6765,0.06999999999999995,-0.0475000000000001,0.17499999999999993,15,8.0,False,1.791759469228055,2.6390573296152584,0.8472978603872034,Ma2020/9,-0.9166217171211603
Ma2020,9,csp_lda,7,2.967021999913443,0.645,0.7725000000000001,0.8474999999999999,0.71,0.7325,0.751,-0.040000000000000036,0.022500000000000075,0.08750000000000002,15,7.0,False,1.9459101490553132,2.6390573296152584,0.6931471805599452,Ma2020/9,0.17521601508315054
Ma2020,9,csp_lda,8,2.0594732022167306,0.5925,0.6875,,0.6975,0.7475,0.7735000000000001,0.06000000000000005,0.050000000000000044,0.15500000000000003,15,6.0,False,2.0794415416798357,2.6390573296152584,0.5596157879354227,Ma2020/9,-0.4594296373098662
Ma2020,9,csp_lda,9,1.8680525742568697,0.6825000000000001,0.705,,0.615,0.7274999999999999,0.7494999999999999,0.022499999999999964,0.11249999999999993,0.04499999999999982,15,5.0,False,2.1972245773362196,2.6390573296152584,0.44183275227903884,Ma2020/9,-0.5932894028909396
Ma2020,9,csp_lda,10,2.2093418631332655,0.585,0.5425000000000001,,0.4800000000000001,0.5625,0.5970000000000001,0.019999999999999907,0.0824999999999999,-0.022499999999999964,15,4.0,False,2.302585092994046,2.6390573296152584,0.3364722366212125,Ma2020/9,-0.35462701477096503
Ma2020,9,csp_lda,11,2.042319248547569,0.7075,0.7875,,0.5449999999999999,0.8099999999999999,0.8045,0.022499999999999964,0.265,0.10249999999999992,15,3.0,False,2.3978952727983707,2.6390573296152584,0.24116205681688774,Ma2020/9,-0.4714253362134558
Ma2020,9,csp_lda,12,2.010872746440362,0.5625,0.6275,,0.47,0.6175,0.6000000000000001,-0.009999999999999898,0.14750000000000008,0.05500000000000005,15,2.0,False,2.4849066497880004,2.6390573296152584,0.15415067982725805,Ma2020/9,-0.49341576350062444
Ma2020,9,csp_lda,13,1.3294400700394329,0.5874999999999999,0.705,,0.5475,0.6625,0.6465,-0.04249999999999998,0.11499999999999999,0.07500000000000007,15,1.0,False,2.5649493574615367,2.6390573296152584,0.07410797215372167,Ma2020/9,-0.9699392149932138
Ma2020,9,csp_lda,14,1.6044290543895072,0.4925,0.605,,0.65,0.605,0.605,0.0,-0.04500000000000004,0.11249999999999999,15,0.0,True,2.6390573296152584,2.6390573296152584,0.0,Ma2020/9,-0.7776403944596342
Ma2020,9,ts_lr,1,1.1661402149375402,0.77,0.77,0.6144999999999999,0.77,0.7875000000000001,0.611,0.01750000000000007,0.01750000000000007,0.01750000000000007,15,13.0,False,0.0,2.6390573296152584,2.6390573296152584,Ma2020/9,-1.084134223944633
Ma2020,9,ts_lr,2,2.353302579421771,0.7324999999999999,0.7675000000000001,0.8099999999999999,0.7424999999999999,0.8725,0.7815000000000001,0.10499999999999998,0.13000000000000012,0.14000000000000012,15,12.0,False,0.6931471805599453,2.6390573296152584,1.945910149055313,Ma2020/9,-0.2539557969369938
Ma2020,9,ts_lr,3,2.1216965780641117,0.6325000000000001,0.745,0.8035,0.6825,0.805,0.791,0.06000000000000005,0.12250000000000005,0.1725,15,11.0,False,1.0986122886681098,2.6390573296152584,1.5404450409471486,Ma2020/9,-0.41591705147538643
Ma2020,9,ts_lr,4,2.5073517070730067,0.6900000000000001,0.8075000000000001,0.7424999999999999,0.815,0.7775,0.7525000000000001,-0.030000000000000138,-0.03749999999999998,0.08749999999999991,15,10.0,False,1.3862943611198906,2.6390573296152584,1.2527629684953678,Ma2020/9,-0.14622978885134852
Ma2020,9,ts_lr,5,2.455352294970828,0.6275,0.715,0.8215,0.6425000000000001,0.8250000000000001,0.8135000000000001,0.1100000000000001,0.1825,0.19750000000000012,15,9.0,False,1.6094379124341003,2.6390573296152584,1.0296194171811581,Ma2020/9,-0.18259279313430812
Ma2020,9,ts_lr,6,1.4056845553006567,0.5725,0.72,0.766,0.7025,0.7775000000000001,0.7565000000000001,0.05750000000000011,0.07500000000000007,0.20500000000000007,15,8.0,False,1.791759469228055,2.6390573296152584,0.8472978603872034,Ma2020/9,-0.9166217171211603
Ma2020,9,ts_lr,7,2.967021999913443,0.6725,0.7475,0.7325,0.74,0.8125,0.7819999999999999,0.06499999999999995,0.07250000000000001,0.14,15,7.0,False,1.9459101490553132,2.6390573296152584,0.6931471805599452,Ma2020/9,0.17521601508315054
Ma2020,9,ts_lr,8,2.0594732022167306,0.6499999999999999,0.805,,0.8300000000000001,0.835,0.8280000000000001,0.029999999999999916,0.004999999999999893,0.18500000000000005,15,6.0,False,2.0794415416798357,2.6390573296152584,0.5596157879354227,Ma2020/9,-0.4594296373098662
Ma2020,9,ts_lr,9,1.8680525742568697,0.6525,0.8275,,0.7250000000000001,0.8700000000000001,0.8615,0.04250000000000009,0.14500000000000002,0.21750000000000014,15,5.0,False,2.1972245773362196,2.6390573296152584,0.44183275227903884,Ma2020/9,-0.5932894028909396
Ma2020,9,ts_lr,10,2.2093418631332655,0.5825,0.6775,,0.4825,0.6824999999999999,0.6685000000000001,0.004999999999999893,0.1999999999999999,0.09999999999999987,15,4.0,False,2.302585092994046,2.6390573296152584,0.3364722366212125,Ma2020/9,-0.35462701477096503
Ma2020,9,ts_lr,11,2.042319248547569,0.7,0.8625,,0.65,0.88,0.8585,0.01749999999999996,0.22999999999999998,0.18000000000000005,15,3.0,False,2.3978952727983707,2.6390573296152584,0.24116205681688774,Ma2020/9,-0.4714253362134558
Ma2020,9,ts_lr,12,2.010872746440362,0.6074999999999999,0.835,,0.615,0.845,0.8334999999999999,0.010000000000000009,0.22999999999999998,0.23750000000000004,15,2.0,False,2.4849066497880004,2.6390573296152584,0.15415067982725805,Ma2020/9,-0.49341576350062444
Ma2020,9,ts_lr,13,1.3294400700394329,0.5475,0.8725,,0.605,0.8775,0.868,0.004999999999999893,0.27249999999999996,0.32999999999999996,15,1.0,False,2.5649493574615367,2.6390573296152584,0.07410797215372167,Ma2020/9,-0.9699392149932138
Ma2020,9,ts_lr,14,1.6044290543895072,0.675,0.7275,,0.5975,0.7275,0.7275,0.0,0.13,0.05249999999999999,15,0.0,True,2.6390573296152584,2.6390573296152584,0.0,Ma2020/9,-0.7776403944596342
Ma2020,10,csp_lda,1,2.5129038279277127,0.6975,0.6975,0.5925,0.6975,0.805,0.6845000000000001,0.10750000000000004,0.10750000000000004,0.10750000000000004,15,13.0,False,0.0,2.6390573296152584,2.6390573296152584,Ma2020/10,-0.14234721044791449
Ma2020,10,csp_lda,2,2.8059057407483357,0.625,0.6875,0.6980000000000001,0.695,0.7625,0.683,0.07499999999999996,0.0675,0.13749999999999996,15,12.0,False,0.6931471805599453,2.6390573296152584,1.945910149055313,Ma2020/10,0.06254798701846817
Ma2020,10,csp_lda,3,2.1183015300972783,0.7925,0.8175000000000001,0.79,0.8200000000000001,0.8949999999999999,0.8540000000000001,0.07749999999999979,0.07499999999999984,0.10249999999999992,15,11.0,False,1.0986122886681098,2.6390573296152584,1.5404450409471486,Ma2020/10,-0.4182911964660304
Ma2020,10,csp_lda,4,2.724122757109599,0.8775,0.9425,0.9055,0.92,0.935,0.8725000000000002,-0.007499999999999951,0.015000000000000013,0.05750000000000011,15,10.0,False,1.3862943611198906,2.6390573296152584,1.2527629684953678,Ma2020/10,0.0053574368929214765
Ma2020,10,csp_lda,5,2.620812528356347,0.85,0.94,0.835,0.9175,0.9075,0.8535,-0.03249999999999997,-0.010000000000000009,0.057499999999999996,15,9.0,False,1.6094379124341003,2.6390573296152584,1.0296194171811581,Ma2020/10,-0.0668870393185827
Ma2020,10,csp_lda,6,2.4143238178878006,0.805,0.92,0.845,0.755,0.8675,0.8639999999999999,-0.05249999999999999,0.11250000000000004,0.0625,15,8.0,False,1.791759469228055,2.6390573296152584,0.8472978603872034,Ma2020/10,-0.21128386150565495
Ma2020,10,csp_lda,7,2.4232615493553387,0.78,0.8250000000000001,0.77,0.7625000000000001,0.8650000000000001,0.8525,0.040000000000000036,0.10250000000000004,0.08500000000000008,15,7.0,False,1.9459101490553132,2.6390573296152584,0.6931471805599452,Ma2020/10,-0.20503373761972712
Ma2020,10,csp_lda,8,4.406645010880964,0.5075000000000001,0.505,,0.5499999999999999,0.535,0.5125,0.030000000000000027,-0.014999999999999902,0.02749999999999997,15,6.0,False,2.0794415416798357,2.6390573296152584,0.5596157879354227,Ma2020/10,1.1819392759306713
Ma2020,10,csp_lda,9,2.1212078117733526,0.7000000000000001,0.7799999999999999,,0.6075,0.7975,0.7185,0.01750000000000007,0.18999999999999995,0.09749999999999992,15,5.0,False,2.1972245773362196,2.6390573296152584,0.44183275227903884,Ma2020/10,-0.41625884400737345
Ma2020,10,csp_lda,10,3.7195422385257633,0.6575,0.7300000000000001,,0.455,0.7175,0.665,-0.012500000000000067,0.2625,0.06000000000000005,15,4.0,False,2.302585092994046,2.6390573296152584,0.3364722366212125,Ma2020/10,0.7014507464663384
Ma2020,10,csp_lda,11,2.670245289359182,0.7825,0.8125,,0.605,0.7150000000000001,0.7835,-0.09749999999999992,0.1100000000000001,-0.0674999999999999,15,3.0,False,2.3978952727983707,2.6390573296152584,0.24116205681688774,Ma2020/10,-0.032318885037675014
Ma2020,10,csp_lda,12,2.089118557559095,0.8175000000000001,0.8275,,0.5525,0.865,0.8379999999999999,0.03749999999999998,0.3125,0.047499999999999876,15,2.0,False,2.4849066497880004,2.6390573296152584,0.15415067982725805,Ma2020/10,-0.4386987455612056
Ma2020,10,csp_lda,13,3.1411114247156124,0.71,0.7975,,0.83,0.8300000000000001,0.792,0.032500000000000084,1.1102230246251565e-16,0.1200000000000001,15,1.0,False,2.5649493574615367,2.6390573296152584,0.07410797215372167,Ma2020/10,0.29695613182254826
Ma2020,10,csp_lda,14,4.349113838626393,0.6875,0.8775,,0.7025000000000001,0.8775,0.8774999999999998,0.0,0.17499999999999982,0.18999999999999995,15,0.0,True,2.6390573296152584,2.6390573296152584,0.0,Ma2020/10,1.1417079314111245
Ma2020,10,ts_lr,1,2.5129038279277127,0.8799999999999999,0.8799999999999999,0.6695,0.8799999999999999,0.875,0.71,-0.004999999999999893,-0.004999999999999893,-0.004999999999999893,15,13.0,False,0.0,2.6390573296152584,2.6390573296152584,Ma2020/10,-0.14234721044791449
Ma2020,10,ts_lr,2,2.8059057407483357,0.62,0.6699999999999999,0.721,0.6825,0.85,0.724,0.18000000000000005,0.16749999999999998,0.22999999999999998,15,12.0,False,0.6931471805599453,2.6390573296152584,1.945910149055313,Ma2020/10,0.06254798701846817
Ma2020,10,ts_lr,3,2.1183015300972783,0.7549999999999999,0.85,0.852,0.8125,0.9225,0.8865000000000001,0.07250000000000001,0.10999999999999999,0.1675000000000001,15,11.0,False,1.0986122886681098,2.6390573296152584,1.5404450409471486,Ma2020/10,-0.4182911964660304
Ma2020,10,ts_lr,4,2.724122757109599,0.835,0.9325,0.9075,0.9225,0.915,0.9075,-0.01749999999999996,-0.007499999999999951,0.08000000000000007,15,10.0,False,1.3862943611198906,2.6390573296152584,1.2527629684953678,Ma2020/10,0.0053574368929214765
Ma2020,10,ts_lr,5,2.620812528356347,0.785,0.9425,0.8320000000000001,0.95,0.9125,0.892,-0.030000000000000027,-0.03749999999999998,0.12749999999999995,15,9.0,False,1.6094379124341003,2.6390573296152584,1.0296194171811581,Ma2020/10,-0.0668870393185827
Ma2020,10,ts_lr,6,2.4143238178878006,0.715,0.895,0.806,0.905,0.8699999999999999,0.8275,-0.025000000000000133,-0.03500000000000014,0.15499999999999992,15,8.0,False,1.791759469228055,2.6390573296152584,0.8472978603872034,Ma2020/10,-0.21128386150565495
Ma2020,10,ts_lr,7,2.4232615493553387,0.7225,0.9125,0.8625,0.7775,0.905,0.9035,-0.007499999999999951,0.12750000000000006,0.1825,15,7.0,False,1.9459101490553132,2.6390573296152584,0.6931471805599452,Ma2020/10,-0.20503373761972712
Ma2020,10,ts_lr,8,4.406645010880964,0.5349999999999999,0.5825,,0.665,0.6525,0.654,0.06999999999999995,-0.012500000000000067,0.11750000000000005,15,6.0,False,2.0794415416798357,2.6390573296152584,0.5596157879354227,Ma2020/10,1.1819392759306713
Ma2020,10,ts_lr,9,2.1212078117733526,0.74,0.735,,0.53,0.8125,0.7945,0.07750000000000001,0.2825,0.07250000000000001,15,5.0,False,2.1972245773362196,2.6390573296152584,0.44183275227903884,Ma2020/10,-0.41625884400737345
Ma2020,10,ts_lr,10,3.7195422385257633,0.5925,0.8525,,0.5549999999999999,0.8500000000000001,0.8105,-0.0024999999999999467,0.29500000000000015,0.25750000000000006,15,4.0,False,2.302585092994046,2.6390573296152584,0.3364722366212125,Ma2020/10,0.7014507464663384
Ma2020,10,ts_lr,11,2.670245289359182,0.7200000000000001,0.8674999999999999,,0.605,0.8925000000000001,0.8614999999999998,0.025000000000000133,0.2875000000000001,0.1725,15,3.0,False,2.3978952727983707,2.6390573296152584,0.24116205681688774,Ma2020/10,-0.032318885037675014
Ma2020,10,ts_lr,12,2.089118557559095,0.7050000000000001,0.8374999999999999,,0.6925,0.8775,0.8644999999999999,0.040000000000000036,0.18499999999999994,0.17249999999999988,15,2.0,False,2.4849066497880004,2.6390573296152584,0.15415067982725805,Ma2020/10,-0.4386987455612056
Ma2020,10,ts_lr,13,3.1411114247156124,0.73,0.79,,0.8775,0.8,0.7885,0.010000000000000009,-0.0774999999999999,0.07000000000000006,15,1.0,False,2.5649493574615367,2.6390573296152584,0.07410797215372167,Ma2020/10,0.29695613182254826
Ma2020,10,ts_lr,14,4.349113838626393,0.6950000000000001,0.9075,,0.7925,0.9075,0.9075,0.0,0.11499999999999999,0.2124999999999999,15,0.0,True,2.6390573296152584,2.6390573296152584,0.0,Ma2020/10,1.1417079314111245
Ma2020,11,csp_lda,1,1.705829717418015,0.495,0.495,0.4564999999999999,0.495,0.5750000000000001,0.5425,0.08000000000000007,0.08000000000000007,0.08000000000000007,15,13.0,False,0.0,2.6390573296152584,2.6390573296152584,Ma2020/11,-0.7067312707804052
Ma2020,11,csp_lda,2,4.825420537499975,0.595,0.56,0.5455,0.495,0.5225,0.591,-0.03750000000000009,0.02749999999999997,-0.07250000000000001,15,12.0,False,0.6931471805599453,2.6390573296152584,1.945910149055313,Ma2020/11,1.4747875150246625
Ma2020,11,csp_lda,3,5.2833686216973605,0.625,0.6925,0.5494999999999999,0.5449999999999999,0.5650000000000001,0.5185000000000001,-0.12749999999999995,0.02000000000000013,-0.05999999999999994,15,11.0,False,1.0986122886681098,2.6390573296152584,1.5404450409471486,Ma2020/11,1.7950289845689895
Ma2020,11,csp_lda,4,3.4152971309926774,0.5375000000000001,0.5825,0.4885,0.645,0.4775,0.507,-0.10500000000000004,-0.16750000000000004,-0.06000000000000011,15,10.0,False,1.3862943611198906,2.6390573296152584,1.2527629684953678,Ma2020/11,0.4886932228513432
Ma2020,11,csp_lda,5,4.515108289534633,0.4075,0.5275000000000001,0.371,0.5875,0.4825,0.5305000000000001,-0.045000000000000095,-0.10500000000000004,0.07500000000000001,15,9.0,False,1.6094379124341003,2.6390573296152584,1.0296194171811581,Ma2020/11,1.2577872616439942
Ma2020,11,csp_lda,6,3.0815463810629073,0.64,0.3325,0.4974999999999999,0.3075,0.625,0.5170000000000001,0.2925,0.3175,-0.015000000000000013,15,8.0,False,1.791759469228055,2.6390573296152584,0.8472978603872034,Ma2020/11,0.2553025082546147
Ma2020,11,csp_lda,7,4.400472460254109,0.4949999999999999,0.53,0.48,0.48,0.575,0.4589999999999999,0.04499999999999993,0.09499999999999997,0.08000000000000007,15,7.0,False,1.9459101490553132,2.6390573296152584,0.6931471805599452,Ma2020/11,1.1776228331901255
Ma2020,11,csp_lda,8,4.539826571577408,0.52,0.59,,0.4325,0.615,0.5539999999999999,0.025000000000000022,0.1825,0.09499999999999997,15,6.0,False,2.0794415416798357,2.6390573296152584,0.5596157879354227,Ma2020/11,1.2750726685255687
Ma2020,11,csp_lda,9,1.8793928700895484,0.585,0.4075,,0.3225,0.3974999999999999,0.3875,-0.010000000000000064,0.0749999999999999,-0.18750000000000006,15,5.0,False,2.1972245773362196,2.6390573296152584,0.44183275227903884,Ma2020/11,-0.5853591742736731
Ma2020,11,csp_lda,10,3.2322941474386564,0.47,0.5974999999999999,,0.7124999999999999,0.5800000000000001,0.5555,-0.01749999999999985,-0.13249999999999984,0.1100000000000001,15,4.0,False,2.302585092994046,2.6390573296152584,0.3364722366212125,Ma2020/11,0.36071988612028305
Ma2020,11,csp_lda,11,8.028404984490352,0.7525,0.6225,,0.4574999999999999,0.595,0.6275,-0.02750000000000008,0.13750000000000007,-0.15749999999999997,15,3.0,False,2.3978952727983707,2.6390573296152584,0.24116205681688774,Ma2020/11,3.7146231680759145
Ma2020,11,csp_lda,12,1.9875848670671183,0.5474999999999999,0.68,,0.6025,0.6575000000000001,0.6455,-0.022499999999999964,0.05500000000000005,0.11000000000000021,15,2.0,False,2.4849066497880004,2.6390573296152584,0.15415067982725805,Ma2020/11,-0.5097008948733852
Ma2020,11,csp_lda,13,6.215734969655585,0.4175,0.585,,0.6075,0.5999999999999999,0.5905,0.014999999999999902,-0.007500000000000173,0.18249999999999988,15,1.0,False,2.5649493574615367,2.6390573296152584,0.07410797215372167,Ma2020/11,2.447029461756537
Ma2020,11,csp_lda,14,4.625110802902476,0.4474999999999999,0.5275000000000001,,0.395,0.5275000000000001,0.5275000000000001,0.0,0.13250000000000006,0.08000000000000018,15,0.0,True,2.6390573296152584,2.6390573296152584,0.0,Ma2020/11,1.334711628728591
Ma2020,11,ts_lr,1,1.705829717418015,0.6275,0.6275,0.5494999999999999,0.6275,0.5575000000000001,0.5584999999999999,-0.06999999999999984,-0.06999999999999984,-0.06999999999999984,15,13.0,False,0.0,2.6390573296152584,2.6390573296152584,Ma2020/11,-0.7067312707804052
Ma2020,11,ts_lr,2,4.825420537499975,0.5974999999999999,0.5425,0.4989999999999999,0.5,0.4599999999999999,0.491,-0.08250000000000007,-0.04000000000000009,-0.1375,15,12.0,False,0.6931471805599453,2.6390573296152584,1.945910149055313,Ma2020/11,1.4747875150246625
Ma2020,11,ts_lr,3,5.2833686216973605,0.7775000000000001,0.7075,0.6005,0.4599999999999999,0.6475,0.611,-0.06000000000000005,0.18750000000000006,-0.13000000000000012,15,11.0,False,1.0986122886681098,2.6390573296152584,1.5404450409471486,Ma2020/11,1.7950289845689895
Ma2020,11,ts_lr,4,3.4152971309926774,0.5349999999999999,0.6,0.4625,0.475,0.4475,0.466,-0.15249999999999997,-0.02749999999999997,-0.08749999999999991,15,10.0,False,1.3862943611198906,2.6390573296152584,1.2527629684953678,Ma2020/11,0.4886932228513432
Ma2020,11,ts_lr,5,4.515108289534633,0.5950000000000001,0.56,0.4014999999999999,0.585,0.455,0.5375,-0.10500000000000004,-0.12999999999999995,-0.14000000000000007,15,9.0,False,1.6094379124341003,2.6390573296152584,1.0296194171811581,Ma2020/11,1.2577872616439942
Ma2020,11,ts_lr,6,3.0815463810629073,0.3949999999999999,0.405,0.6300000000000001,0.2925,0.5675,0.5285,0.16249999999999998,0.275,0.1725000000000001,15,8.0,False,1.791759469228055,2.6390573296152584,0.8472978603872034,Ma2020/11,0.2553025082546147
Ma2020,11,ts_lr,7,4.400472460254109,0.445,0.5075000000000001,0.5675,0.5025,0.5999999999999999,0.518,0.0924999999999998,0.09749999999999992,0.15499999999999986,15,7.0,False,1.9459101490553132,2.6390573296152584,0.6931471805599452,Ma2020/11,1.1776228331901255
Ma2020,11,ts_lr,8,4.539826571577408,0.4325,0.5925,,0.5625,0.4725,0.4335,-0.12000000000000005,-0.09000000000000002,0.03999999999999998,15,6.0,False,2.0794415416798357,2.6390573296152584,0.5596157879354227,Ma2020/11,1.2750726685255687
Ma2020,11,ts_lr,9,1.8793928700895484,0.4774999999999999,0.3974999999999999,,0.29,0.5275000000000001,0.5095000000000001,0.13000000000000017,0.2375000000000001,0.050000000000000155,15,5.0,False,2.1972245773362196,2.6390573296152584,0.44183275227903884,Ma2020/11,-0.5853591742736731
Ma2020,11,ts_lr,10,3.2322941474386564,0.445,0.615,,0.5575,0.6024999999999999,0.589,-0.012500000000000067,0.04499999999999993,0.15749999999999992,15,4.0,False,2.302585092994046,2.6390573296152584,0.3364722366212125,Ma2020/11,0.36071988612028305
Ma2020,11,ts_lr,11,8.028404984490352,0.5975,0.5625,,0.5175000000000001,0.5575,0.5745,-0.0050000000000000044,0.039999999999999925,-0.040000000000000036,15,3.0,False,2.3978952727983707,2.6390573296152584,0.24116205681688774,Ma2020/11,3.7146231680759145
Ma2020,11,ts_lr,12,1.9875848670671183,0.6174999999999999,0.62,,0.5800000000000001,0.5025,0.5605,-0.11750000000000005,-0.07750000000000012,-0.11499999999999999,15,2.0,False,2.4849066497880004,2.6390573296152584,0.15415067982725805,Ma2020/11,-0.5097008948733852
Ma2020,11,ts_lr,13,6.215734969655585,0.5725,0.4425,,0.4275,0.4725,0.4604999999999999,0.02999999999999997,0.044999999999999984,-0.10000000000000003,15,1.0,False,2.5649493574615367,2.6390573296152584,0.07410797215372167,Ma2020/11,2.447029461756537
Ma2020,11,ts_lr,14,4.625110802902476,0.4675,0.56,,0.54,0.56,0.56,0.0,0.020000000000000018,0.09250000000000003,15,0.0,True,2.6390573296152584,2.6390573296152584,0.0,Ma2020/11,1.334711628728591
Ma2020,12,csp_lda,1,4.906930206991831,0.5175000000000001,0.5175000000000001,0.422,0.5175000000000001,0.725,0.4265,0.2074999999999999,0.2074999999999999,0.2074999999999999,15,13.0,False,0.0,2.6390573296152584,2.6390573296152584,Ma2020/12,1.5317869375375726
Ma2020,12,csp_lda,2,4.006679648422905,0.4125,0.4175,0.371,0.665,0.5075000000000001,0.5215,0.09000000000000008,-0.15749999999999997,0.09500000000000008,15,12.0,False,0.6931471805599453,2.6390573296152584,1.945910149055313,Ma2020/12,0.9022449178575619
Ma2020,12,csp_lda,3,2.582086349104816,0.6025,0.645,0.595,0.3575,0.5325,0.6125,-0.11250000000000004,0.175,-0.07000000000000006,15,11.0,False,1.0986122886681098,2.6390573296152584,1.5404450409471486,Ma2020/12,-0.0939681189896178
Ma2020,12,csp_lda,4,2.865002100448544,0.4325,0.3775,0.5715,0.4024999999999999,0.46,0.5394999999999999,0.08250000000000002,0.05750000000000011,0.027500000000000024,15,10.0,False,1.3862943611198906,2.6390573296152584,1.2527629684953678,Ma2020/12,0.10387386156226858
Ma2020,12,csp_lda,5,4.541551241824412,0.7349999999999999,0.7975000000000001,0.6990000000000001,0.6325000000000001,0.7100000000000001,0.7115,-0.08750000000000002,0.07750000000000001,-0.0249999999999998,15,9.0,False,1.6094379124341003,2.6390573296152584,1.0296194171811581,Ma2020/12,1.276278724306647
Ma2020,12,csp_lda,6,3.2095770038422744,0.5774999999999999,0.7150000000000001,0.6290000000000001,0.3675,0.6325000000000001,0.643,-0.08250000000000002,0.26500000000000007,0.05500000000000016,15,8.0,False,1.791759469228055,2.6390573296152584,0.8472978603872034,Ma2020/12,0.3448338682501456
Ma2020,12,csp_lda,7,4.0390911678022245,0.6125,0.605,0.6,0.5049999999999999,0.5075,0.5695,-0.09750000000000003,0.0025000000000000577,-0.1050000000000001,15,7.0,False,1.9459101490553132,2.6390573296152584,0.6931471805599452,Ma2020/12,0.924910178297267
Ma2020,12,csp_lda,8,5.629445762119748,0.725,0.8075000000000001,,0.6025,0.7875,0.7845000000000001,-0.02000000000000013,0.18499999999999994,0.0625,15,6.0,False,2.0794415416798357,2.6390573296152584,0.5596157879354227,Ma2020/12,2.037039500278002
Ma2020,12,csp_lda,9,2.3612622523806905,0.6025,0.6950000000000001,,0.5325,0.7275,0.7244999999999999,0.03249999999999997,0.19500000000000006,0.125,15,5.0,False,2.1972245773362196,2.6390573296152584,0.44183275227903884,Ma2020/12,-0.24838962589399408
Ma2020,12,csp_lda,10,1.9543779510163672,0.645,0.75,,0.525,0.65,0.7419999999999999,-0.09999999999999998,0.125,0.0050000000000000044,15,4.0,False,2.302585092994046,2.6390573296152584,0.3364722366212125,Ma2020/12,-0.5329223733817309
Ma2020,12,csp_lda,11,2.166227536379687,0.5975,0.4675,,0.5525,0.525,0.5589999999999999,0.057499999999999996,-0.02749999999999997,-0.07250000000000001,15,3.0,False,2.3978952727983707,2.6390573296152584,0.24116205681688774,Ma2020/12,-0.3847767104120743
Ma2020,12,csp_lda,12,2.2645895872247164,0.4524999999999999,0.5525,,0.6100000000000001,0.555,0.5785,0.0025000000000000577,-0.05500000000000005,0.10250000000000015,15,2.0,False,2.4849066497880004,2.6390573296152584,0.15415067982725805,Ma2020/12,-0.31599247744555103
Ma2020,12,csp_lda,13,2.530511836491771,0.6225,0.6325,,0.47,0.6699999999999999,0.6645000000000001,0.03749999999999998,0.19999999999999996,0.047499999999999876,15,1.0,False,2.5649493574615367,2.6390573296152584,0.07410797215372167,Ma2020/12,-0.1300339925682373
Ma2020,12,csp_lda,14,3.641728181504769,0.6225,0.5700000000000001,,0.615,0.5700000000000001,0.5700000000000001,0.0,-0.04499999999999993,-0.05249999999999999,15,0.0,True,2.6390573296152584,2.6390573296152584,0.0,Ma2020/12,0.6470356526347231
Ma2020,12,ts_lr,1,4.906930206991831,0.5875,0.5875,0.4885,0.5875,0.8975,0.5695,0.30999999999999994,0.30999999999999994,0.30999999999999994,15,13.0,False,0.0,2.6390573296152584,2.6390573296152584,Ma2020/12,1.5317869375375726
Ma2020,12,ts_lr,2,4.006679648422905,0.4375,0.455,0.4965,0.5225,0.575,0.483,0.11999999999999994,0.05249999999999999,0.13749999999999996,15,12.0,False,0.6931471805599453,2.6390573296152584,1.945910149055313,Ma2020/12,0.9022449178575619
Ma2020,12,ts_lr,3,2.582086349104816,0.63,0.6,0.7300000000000001,0.53,0.775,0.6515,0.17500000000000004,0.245,0.14500000000000002,15,11.0,False,1.0986122886681098,2.6390573296152584,1.5404450409471486,Ma2020/12,-0.0939681189896178
Ma2020,12,ts_lr,4,2.865002100448544,0.4175,0.5075000000000001,0.6024999999999999,0.3975000000000001,0.5575,0.579,0.04999999999999993,0.15999999999999992,0.14,15,10.0,False,1.3862943611198906,2.6390573296152584,1.2527629684953678,Ma2020/12,0.10387386156226858
Ma2020,12,ts_lr,5,4.541551241824412,0.76,0.7749999999999999,0.7405,0.405,0.8125,0.772,0.03750000000000009,0.4075,0.05249999999999999,15,9.0,False,1.6094379124341003,2.6390573296152584,1.0296194171811581,Ma2020/12,1.276278724306647
Ma2020,12,ts_lr,6,3.2095770038422744,0.5025000000000001,0.725,0.5485,0.4049999999999999,0.6074999999999999,0.6145,-0.11750000000000005,0.2025,0.10499999999999987,15,8.0,False,1.791759469228055,2.6390573296152584,0.8472978603872034,Ma2020/12,0.3448338682501456
Ma2020,12,ts_lr,7,4.0390911678022245,0.5900000000000001,0.6225,0.7324999999999999,0.4225,0.6675,0.6729999999999999,0.04499999999999993,0.245,0.0774999999999999,15,7.0,False,1.9459101490553132,2.6390573296152584,0.6931471805599452,Ma2020/12,0.924910178297267
Ma2020,12,ts_lr,8,5.629445762119748,0.7300000000000001,0.83,,0.665,0.8475,0.8625,0.01750000000000007,0.1825,0.11749999999999994,15,6.0,False,2.0794415416798357,2.6390573296152584,0.5596157879354227,Ma2020/12,2.037039500278002
Ma2020,12,ts_lr,9,2.3612622523806905,0.63,0.735,,0.725,0.7749999999999999,0.7535000000000001,0.039999999999999925,0.04999999999999993,0.1449999999999999,15,5.0,False,2.1972245773362196,2.6390573296152584,0.44183275227903884,Ma2020/12,-0.24838962589399408
Ma2020,12,ts_lr,10,1.9543779510163672,0.6625,0.7025,,0.72,0.715,0.7245,0.012499999999999956,-0.0050000000000000044,0.05249999999999999,15,4.0,False,2.302585092994046,2.6390573296152584,0.3364722366212125,Ma2020/12,-0.5329223733817309
Ma2020,12,ts_lr,11,2.166227536379687,0.5549999999999999,0.645,,0.5775,0.755,0.7365,0.10999999999999999,0.1775,0.20000000000000007,15,3.0,False,2.3978952727983707,2.6390573296152584,0.24116205681688774,Ma2020/12,-0.3847767104120743
Ma2020,12,ts_lr,12,2.2645895872247164,0.5549999999999999,0.69,,0.6875,0.7,0.6940000000000001,0.010000000000000009,0.012499999999999956,0.14500000000000002,15,2.0,False,2.4849066497880004,2.6390573296152584,0.15415067982725805,Ma2020/12,-0.31599247744555103
Ma2020,12,ts_lr,13,2.530511836491771,0.605,0.75,,0.5599999999999999,0.7775,0.784,0.02749999999999997,0.21750000000000003,0.1725,15,1.0,False,2.5649493574615367,2.6390573296152584,0.07410797215372167,Ma2020/12,-0.1300339925682373
Ma2020,12,ts_lr,14,3.641728181504769,0.575,0.7725,,0.615,0.7725,0.7725,0.0,0.15749999999999997,0.1975,15,0.0,True,2.6390573296152584,2.6390573296152584,0.0,Ma2020/12,0.6470356526347231
Ma2020,13,csp_lda,1,2.1142885430515856,0.6075,0.6075,0.4945,0.6075,0.545,0.5595000000000001,-0.0625,-0.0625,-0.0625,15,13.0,False,0.0,2.6390573296152584,2.6390573296152584,Ma2020/13,-0.42109746406081094
Ma2020,13,csp_lda,2,2.1125474137630493,0.6400000000000001,0.5575000000000001,0.523,0.4624999999999999,0.5075000000000001,0.498,-0.050000000000000044,0.04500000000000015,-0.13250000000000006,15,12.0,False,0.6931471805599453,2.6390573296152584,1.945910149055313,Ma2020/13,-0.42231502959120243
Ma2020,13,csp_lda,3,1.427876693294732,0.4974999999999999,0.4674999999999999,0.6795,0.445,0.7,0.5639999999999998,0.23250000000000004,0.25499999999999995,0.20250000000000007,15,11.0,False,1.0986122886681098,2.6390573296152584,1.5404450409471486,Ma2020/13,-0.9011028338049241
Ma2020,13,csp_lda,4,1.7121338095562677,0.6425,0.4675,0.776,0.61,0.7949999999999999,0.7309999999999999,0.3274999999999999,0.18499999999999994,0.15249999999999997,15,10.0,False,1.3862943611198906,2.6390573296152584,1.2527629684953678,Ma2020/13,-0.7023228415279166
Ma2020,13,csp_lda,5,2.010114905343463,0.66,0.6599999999999999,0.649,0.5475,0.72,0.688,0.06000000000000005,0.1725,0.05999999999999994,15,9.0,False,1.6094379124341003,2.6390573296152584,1.0296194171811581,Ma2020/13,-0.4939457190893182
Ma2020,13,csp_lda,6,1.6357887324716878,0.3249999999999999,0.685,0.7755000000000001,0.6900000000000001,0.7424999999999999,0.6705,0.057499999999999885,0.05249999999999988,0.41750000000000004,15,8.0,False,1.791759469228055,2.6390573296152584,0.8472978603872034,Ma2020/13,-0.7557106829049378
Ma2020,13,csp_lda,7,1.9998963259204328,0.5725,0.6025,0.7274999999999999,0.6299999999999999,0.7599999999999999,0.7020000000000001,0.15749999999999986,0.13,0.1874999999999999,15,7.0,False,1.9459101490553132,2.6390573296152584,0.6931471805599452,Ma2020/13,-0.5010915354034577
Ma2020,13,csp_lda,8,2.1339552248022566,0.655,0.45,,0.6,0.8150000000000001,0.7065,0.36500000000000005,0.21500000000000008,0.16000000000000003,15,6.0,False,2.0794415416798357,2.6390573296152584,0.5596157879354227,Ma2020/13,-0.4073446233301118
Ma2020,13,csp_lda,9,2.2167537223174,0.6325000000000001,0.56,,0.6975,0.635,0.6194999999999999,0.07499999999999996,-0.0625,0.0024999999999999467,15,5.0,False,2.1972245773362196,2.6390573296152584,0.44183275227903884,Ma2020/13,-0.34944392795591084
Ma2020,13,csp_lda,10,3.0782649619300373,0.31,0.5075000000000001,,0.3874999999999999,0.56,0.635,0.05249999999999999,0.17250000000000015,0.25000000000000006,15,4.0,False,2.302585092994046,2.6390573296152584,0.3364722366212125,Ma2020/13,0.2530078235041742
Ma2020,13,csp_lda,11,2.9054613815955466,0.6000000000000001,0.6,,0.565,0.6125,0.6125,0.012500000000000067,0.0475000000000001,0.012499999999999956,15,3.0,False,2.3978952727983707,2.6390573296152584,0.24116205681688774,Ma2020/13,0.1321668932362224
Ma2020,13,csp_lda,12,1.6847065858313832,0.5349999999999999,0.58,,0.6074999999999999,0.545,0.5584999999999999,-0.03499999999999992,-0.06249999999999989,0.01000000000000012,15,2.0,False,2.4849066497880004,2.6390573296152584,0.15415067982725805,Ma2020/13,-0.7215026017109337
Ma2020,13,csp_lda,13,1.403762812425349,0.405,0.635,,0.4325,0.625,0.6299999999999999,-0.010000000000000009,0.1925,0.21999999999999997,15,1.0,False,2.5649493574615367,2.6390573296152584,0.07410797215372167,Ma2020/13,-0.9179655850915952
Ma2020,13,csp_lda,14,1.8676018233939504,0.53,0.6924999999999999,,0.6400000000000001,0.6924999999999999,0.6924999999999999,0.0,0.05249999999999977,0.16249999999999987,15,0.0,True,2.6390573296152584,2.6390573296152584,0.0,Ma2020/13,-0.5936046113691945
Ma2020,13,ts_lr,1,2.1142885430515856,0.6425,0.6425,0.5269999999999999,0.6425,0.625,0.6279999999999999,-0.01749999999999996,-0.01749999999999996,-0.01749999999999996,15,13.0,False,0.0,2.6390573296152584,2.6390573296152584,Ma2020/13,-0.42109746406081094
Ma2020,13,ts_lr,2,2.1125474137630493,0.5349999999999999,0.5075,0.5515,0.475,0.5025,0.5255,-0.0050000000000000044,0.02749999999999997,-0.03249999999999997,15,12.0,False,0.6931471805599453,2.6390573296152584,1.945910149055313,Ma2020/13,-0.42231502959120243
Ma2020,13,ts_lr,3,1.427876693294732,0.4325,0.4375,0.6540000000000001,0.3924999999999999,0.695,0.631,0.25749999999999995,0.30250000000000005,0.26249999999999996,15,11.0,False,1.0986122886681098,2.6390573296152584,1.5404450409471486,Ma2020/13,-0.9011028338049241
Ma2020,13,ts_lr,4,1.7121338095562677,0.3075,0.5975,0.744,0.7175,0.65,0.7275,0.05249999999999999,-0.0675,0.3425,15,10.0,False,1.3862943611198906,2.6390573296152584,1.2527629684953678,Ma2020/13,-0.7023228415279166
Ma2020,13,ts_lr,5,2.010114905343463,0.43,0.835,0.6995,0.7425,0.7925,0.7195,-0.04249999999999998,0.04999999999999993,0.3625,15,9.0,False,1.6094379124341003,2.6390573296152584,1.0296194171811581,Ma2020/13,-0.4939457190893182
Ma2020,13,ts_lr,6,1.6357887324716878,0.315,0.6525000000000001,0.7415,0.6725,0.735,0.7070000000000001,0.0824999999999999,0.0625,0.42,15,8.0,False,1.791759469228055,2.6390573296152584,0.8472978603872034,Ma2020/13,-0.7557106829049378
Ma2020,13,ts_lr,7,1.9998963259204328,0.3925,0.7849999999999999,0.7675000000000001,0.7450000000000001,0.79,0.8035,0.0050000000000001155,0.04499999999999993,0.3975,15,7.0,False,1.9459101490553132,2.6390573296152584,0.6931471805599452,Ma2020/13,-0.5010915354034577
Ma2020,13,ts_lr,8,2.1339552248022566,0.585,0.7675000000000001,,0.68,0.7125,0.8005000000000001,-0.05500000000000005,0.03249999999999997,0.12750000000000006,15,6.0,False,2.0794415416798357,2.6390573296152584,0.5596157879354227,Ma2020/13,-0.4073446233301118
Ma2020,13,ts_lr,9,2.2167537223174,0.6275,0.7175,,0.74,0.71,0.6965,-0.007500000000000062,-0.030000000000000027,0.08250000000000002,15,5.0,False,2.1972245773362196,2.6390573296152584,0.44183275227903884,Ma2020/13,-0.34944392795591084
Ma2020,13,ts_lr,10,3.0782649619300373,0.575,0.66,,0.505,0.62,0.6040000000000001,-0.040000000000000036,0.11499999999999999,0.04500000000000004,15,4.0,False,2.302585092994046,2.6390573296152584,0.3364722366212125,Ma2020/13,0.2530078235041742
Ma2020,13,ts_lr,11,2.9054613815955466,0.5675,0.7324999999999999,,0.5225,0.6975,0.6965,-0.03499999999999992,0.17500000000000004,0.13,15,3.0,False,2.3978952727983707,2.6390573296152584,0.24116205681688774,Ma2020/13,0.1321668932362224
Ma2020,13,ts_lr,12,1.6847065858313832,0.4575000000000001,0.5825,,0.5675,0.56,0.5445,-0.022499999999999964,-0.007499999999999951,0.10249999999999998,15,2.0,False,2.4849066497880004,2.6390573296152584,0.15415067982725805,Ma2020/13,-0.7215026017109337
Ma2020,13,ts_lr,13,1.403762812425349,0.3325,0.56,,0.4075,0.6675000000000001,0.659,0.10750000000000004,0.2600000000000001,0.3350000000000001,15,1.0,False,2.5649493574615367,2.6390573296152584,0.07410797215372167,Ma2020/13,-0.9179655850915952
Ma2020,13,ts_lr,14,1.8676018233939504,0.4775,0.6074999999999999,,0.6925,0.6074999999999999,0.6074999999999999,0.0,-0.08500000000000008,0.12999999999999995,15,0.0,True,2.6390573296152584,2.6390573296152584,0.0,Ma2020/13,-0.5936046113691945
Ma2020,14,csp_lda,1,2.243546682499021,0.6925,0.6925,0.6035,0.6925,0.6525,0.5660000000000001,-0.040000000000000036,-0.040000000000000036,-0.040000000000000036,15,13.0,False,0.0,2.6390573296152584,2.6390573296152584,Ma2020/14,-0.3307077060170354
Ma2020,14,csp_lda,2,1.7535664980108698,0.63,0.7225,0.607,0.63,0.7475,0.535,0.025000000000000022,0.11750000000000005,0.11750000000000005,15,12.0,False,0.6931471805599453,2.6390573296152584,1.945910149055313,Ma2020/14,-0.673349109579395
Ma2020,14,csp_lda,3,1.7144610377090876,0.75,0.6449999999999999,0.7615000000000001,0.4,0.8374999999999999,0.7324999999999999,0.1925,0.4374999999999999,0.08749999999999991,15,11.0,False,1.0986122886681098,2.6390573296152584,1.5404450409471486,Ma2020/14,-0.7006954191424072
Ma2020,14,csp_lda,4,1.9936940472639693,0.725,0.7125,0.6345000000000001,0.59,0.74,0.6455,0.02749999999999997,0.15000000000000002,0.015000000000000013,15,10.0,False,1.3862943611198906,2.6390573296152584,1.2527629684953678,Ma2020/14,-0.5054287668495734
Ma2020,14,csp_lda,5,2.257302247021205,0.6475,0.6725,0.78,0.5625,0.8825000000000001,0.6954999999999999,0.21000000000000008,0.32000000000000006,0.2350000000000001,15,9.0,False,1.6094379124341003,2.6390573296152584,1.0296194171811581,Ma2020/14,-0.32108848857950323
Ma2020,14,csp_lda,6,1.8971746098932931,0.62,0.755,0.6525000000000001,0.475,0.71,0.6415,-0.04500000000000004,0.235,0.08999999999999997,15,8.0,False,1.791759469228055,2.6390573296152584,0.8472978603872034,Ma2020/14,-0.5729244667548364
Ma2020,14,csp_lda,7,2.9724076117735336,0.565,0.5775,0.625,0.4674999999999999,0.6875,0.6285000000000001,0.10999999999999999,0.22000000000000008,0.12250000000000005,15,7.0,False,1.9459101490553132,2.6390573296152584,0.6931471805599452,Ma2020/14,0.1789821543377639
Ma2020,14,csp_lda,8,1.6537082739133684,0.6275,0.61,,0.42,0.7575,0.7615000000000001,0.14749999999999996,0.33749999999999997,0.13,15,6.0,False,2.0794415416798357,2.6390573296152584,0.5596157879354227,Ma2020/14,-0.7431796111898942
Ma2020,14,csp_lda,9,1.5083898236477933,0.695,0.875,,0.6575,0.865,0.8100000000000002,-0.010000000000000009,0.20750000000000002,0.17000000000000004,15,5.0,False,2.1972245773362196,2.6390573296152584,0.44183275227903884,Ma2020/14,-0.8448002875740177
Ma2020,14,csp_lda,10,1.1858202286508277,0.5025,0.7400000000000001,,0.4925,0.8875,0.8390000000000001,0.14749999999999985,0.39499999999999996,0.385,15,4.0,False,2.302585092994046,2.6390573296152584,0.3364722366212125,Ma2020/14,-1.070372060219805
Ma2020,14,csp_lda,11,2.942524820880996,0.7775,0.7375,,0.6825,0.7575000000000001,0.7809999999999999,0.020000000000000018,0.07500000000000007,-0.019999999999999907,15,3.0,False,2.3978952727983707,2.6390573296152584,0.24116205681688774,Ma2020/14,0.15808522475177345
Ma2020,14,csp_lda,12,2.1697753697033,0.5674999999999999,0.78,,0.635,0.77,0.7610000000000001,-0.010000000000000009,0.135,0.20250000000000012,15,2.0,False,2.4849066497880004,2.6390573296152584,0.15415067982725805,Ma2020/14,-0.3822957231638288
Ma2020,14,csp_lda,13,1.6080334917770425,0.4275,0.7450000000000001,,0.575,0.775,0.733,0.029999999999999916,0.20000000000000007,0.34750000000000003,15,1.0,False,2.5649493574615367,2.6390573296152584,0.07410797215372167,Ma2020/14,-0.7751198241904347
Ma2020,14,csp_lda,14,1.4403616409734992,0.605,0.735,,0.6825,0.735,0.735,0.0,0.05249999999999999,0.13,15,0.0,True,2.6390573296152584,2.6390573296152584,0.0,Ma2020/14,-0.8923721542152501
Ma2020,14,ts_lr,1,2.243546682499021,0.7275,0.7275,0.681,0.7275,0.88,0.5845,0.15249999999999997,0.15249999999999997,0.15249999999999997,15,13.0,False,0.0,2.6390573296152584,2.6390573296152584,Ma2020/14,-0.3307077060170354
Ma2020,14,ts_lr,2,1.7535664980108698,0.5925,0.7125,0.5735,0.6675,0.6875,0.5820000000000001,-0.025000000000000022,0.020000000000000018,0.09499999999999997,15,12.0,False,0.6931471805599453,2.6390573296152584,1.945910149055313,Ma2020/14,-0.673349109579395
Ma2020,14,ts_lr,3,1.7144610377090876,0.84,0.67,0.857,0.4175,0.9225,0.7715,0.25249999999999995,0.505,0.08250000000000002,15,11.0,False,1.0986122886681098,2.6390573296152584,1.5404450409471486,Ma2020/14,-0.7006954191424072
Ma2020,14,ts_lr,4,1.9936940472639693,0.785,0.8225,0.685,0.605,0.7775,0.6759999999999999,-0.04500000000000004,0.1725,-0.007500000000000062,15,10.0,False,1.3862943611198906,2.6390573296152584,1.2527629684953678,Ma2020/14,-0.5054287668495734
Ma2020,14,ts_lr,5,2.257302247021205,0.6575,0.8474999999999999,0.8069999999999998,0.6525,0.8574999999999999,0.8089999999999999,0.010000000000000009,0.20499999999999996,0.19999999999999996,15,9.0,False,1.6094379124341003,2.6390573296152584,1.0296194171811581,Ma2020/14,-0.32108848857950323
Ma2020,14,ts_lr,6,1.8971746098932931,0.6900000000000001,0.815,0.5730000000000001,0.6925,0.7175,0.6540000000000001,-0.09749999999999992,0.025000000000000022,0.02749999999999997,15,8.0,False,1.791759469228055,2.6390573296152584,0.8472978603872034,Ma2020/14,-0.5729244667548364
Ma2020,14,ts_lr,7,2.9724076117735336,0.565,0.695,0.825,0.4075,0.8099999999999999,0.771,0.11499999999999999,0.40249999999999997,0.245,15,7.0,False,1.9459101490553132,2.6390573296152584,0.6931471805599452,Ma2020/14,0.1789821543377639
Ma2020,14,ts_lr,8,1.6537082739133684,0.5325,0.7799999999999999,,0.5425,0.8575,0.8109999999999999,0.07750000000000012,0.31500000000000006,0.32500000000000007,15,6.0,False,2.0794415416798357,2.6390573296152584,0.5596157879354227,Ma2020/14,-0.7431796111898942
Ma2020,14,ts_lr,9,1.5083898236477933,0.74,0.8975,,0.72,0.89,0.8535,-0.007499999999999951,0.17000000000000004,0.15000000000000002,15,5.0,False,2.1972245773362196,2.6390573296152584,0.44183275227903884,Ma2020/14,-0.8448002875740177
Ma2020,14,ts_lr,10,1.1858202286508277,0.6625,0.835,,0.7024999999999999,0.8775,0.8545,0.04249999999999998,0.17500000000000004,0.21499999999999997,15,4.0,False,2.302585092994046,2.6390573296152584,0.3364722366212125,Ma2020/14,-1.070372060219805
Ma2020,14,ts_lr,11,2.942524820880996,0.7625,0.8175,,0.6799999999999999,0.8075,0.821,-0.010000000000000009,0.12750000000000006,0.04500000000000004,15,3.0,False,2.3978952727983707,2.6390573296152584,0.24116205681688774,Ma2020/14,0.15808522475177345
Ma2020,14,ts_lr,12,2.1697753697033,0.59,0.7725000000000001,,0.725,0.7899999999999999,0.7875000000000001,0.01749999999999985,0.06499999999999995,0.19999999999999996,15,2.0,False,2.4849066497880004,2.6390573296152584,0.15415067982725805,Ma2020/14,-0.3822957231638288
Ma2020,14,ts_lr,13,1.6080334917770425,0.665,0.745,,0.505,0.77,0.7705,0.025000000000000022,0.265,0.10499999999999998,15,1.0,False,2.5649493574615367,2.6390573296152584,0.07410797215372167,Ma2020/14,-0.7751198241904347
Ma2020,14,ts_lr,14,1.4403616409734992,0.5725,0.7975,,0.7424999999999999,0.7975,0.7975,0.0,0.05500000000000005,0.22499999999999998,15,0.0,True,2.6390573296152584,2.6390573296152584,0.0,Ma2020/14,-0.8923721542152501
Ma2020,15,csp_lda,1,1.384520748155318,0.6224999999999999,0.6224999999999999,0.6815,0.6224999999999999,0.8325,0.658,0.21000000000000008,0.21000000000000008,0.21000000000000008,15,13.0,False,0.0,2.6390573296152584,2.6390573296152584,Ma2020/15,-0.9314214923254928
Ma2020,15,csp_lda,2,2.353916454731491,0.65,0.8225,0.6924999999999999,0.875,0.8775000000000001,0.7025,0.05500000000000005,0.0025000000000000577,0.22750000000000004,15,12.0,False,0.6931471805599453,2.6390573296152584,1.945910149055313,Ma2020/15,-0.25352651611218957
Ma2020,15,csp_lda,3,2.130342623366554,0.53,0.8099999999999999,0.6035,0.705,0.7274999999999999,0.6589999999999999,-0.08250000000000002,0.022499999999999964,0.1974999999999999,15,11.0,False,1.0986122886681098,2.6390573296152584,1.5404450409471486,Ma2020/15,-0.40987090268921195
Ma2020,15,csp_lda,4,2.852779346909348,0.6,0.6925,0.731,0.575,0.7275,0.679,0.03500000000000003,0.15250000000000008,0.12750000000000006,15,10.0,False,1.3862943611198906,2.6390573296152584,1.2527629684953678,Ma2020/15,0.09532653340359627
Ma2020,15,csp_lda,5,1.9770486002435332,0.7075,0.8574999999999999,0.76,0.5225,0.7774999999999999,0.7899999999999999,-0.08000000000000007,0.2549999999999999,0.06999999999999984,15,9.0,False,1.6094379124341003,2.6390573296152584,1.0296194171811581,Ma2020/15,-0.5170688688589292
Ma2020,15,csp_lda,6,2.200942874053976,0.4499999999999999,0.8675,0.782,0.8025,0.84,0.8089999999999999,-0.02750000000000008,0.03749999999999998,0.39000000000000007,15,8.0,False,1.791759469228055,2.6390573296152584,0.8472978603872034,Ma2020/15,-0.36050039801734884
Ma2020,15,csp_lda,7,3.2863379769268795,0.5625,0.7275,0.7324999999999999,0.645,0.75,0.7184999999999999,0.022499999999999964,0.10499999999999998,0.1875,15,7.0,False,1.9459101490553132,2.6390573296152584,0.6931471805599452,Ma2020/15,0.39851254422353616
Ma2020,15,csp_lda,8,2.0108130848878174,0.4375,0.8075,,0.5349999999999999,0.8574999999999999,0.82,0.04999999999999993,0.3225,0.41999999999999993,15,6.0,False,2.0794415416798357,2.6390573296152584,0.5596157879354227,Ma2020/15,-0.49345748461251787
Ma2020,15,csp_lda,9,2.289471402087411,0.4925,0.605,,0.6525,0.685,0.678,0.08000000000000007,0.032500000000000084,0.19250000000000006,15,5.0,False,2.1972245773362196,2.6390573296152584,0.44183275227903884,Ma2020/15,-0.29859271264355486
Ma2020,15,csp_lda,10,2.901519771099546,0.4475,0.765,,0.7675,0.795,0.7755000000000001,0.030000000000000027,0.02750000000000008,0.34750000000000003,15,4.0,False,2.302585092994046,2.6390573296152584,0.3364722366212125,Ma2020/15,0.12941053900925176
Ma2020,15,csp_lda,11,1.8425989280584325,0.4649999999999999,0.5925,,0.7125,0.66,0.648,0.0675,-0.05249999999999999,0.19500000000000012,15,3.0,False,2.3978952727983707,2.6390573296152584,0.24116205681688774,Ma2020/15,-0.6110890473159951
Ma2020,15,csp_lda,12,1.7236842169792082,0.4875,0.56,,0.5925,0.615,0.6134999999999999,0.05499999999999994,0.022499999999999964,0.1275,15,2.0,False,2.4849066497880004,2.6390573296152584,0.15415067982725805,Ma2020/15,-0.6942456826214851
Ma2020,15,csp_lda,13,3.105420666829393,0.4275,0.735,,0.76,0.7125,0.7059999999999998,-0.022499999999999964,-0.04749999999999999,0.28500000000000003,15,1.0,False,2.5649493574615367,2.6390573296152584,0.07410797215372167,Ma2020/15,0.27199771153640245
Ma2020,15,csp_lda,14,1.8625472978553208,0.7525000000000001,0.655,,0.4975,0.655,0.655,0.0,0.15750000000000003,-0.09750000000000003,15,0.0,True,2.6390573296152584,2.6390573296152584,0.0,Ma2020/15,-0.5971392231345806
Ma2020,15,ts_lr,1,1.384520748155318,0.7275,0.7275,0.7855,0.7275,0.8975,0.7335,0.16999999999999993,0.16999999999999993,0.16999999999999993,15,13.0,False,0.0,2.6390573296152584,2.6390573296152584,Ma2020/15,-0.9314214923254928
Ma2020,15,ts_lr,2,2.353916454731491,0.7725,0.8575,0.8105,0.8025,0.9175,0.7789999999999999,0.05999999999999994,0.11499999999999999,0.14500000000000002,15,12.0,False,0.6931471805599453,2.6390573296152584,1.945910149055313,Ma2020/15,-0.25352651611218957
Ma2020,15,ts_lr,3,2.130342623366554,0.6749999999999999,0.78,0.6220000000000001,0.6925000000000001,0.8775,0.723,0.09749999999999992,0.18499999999999983,0.2025,15,11.0,False,1.0986122886681098,2.6390573296152584,1.5404450409471486,Ma2020/15,-0.40987090268921195
Ma2020,15,ts_lr,4,2.852779346909348,0.6599999999999999,0.8375,0.7795,0.7224999999999999,0.8674999999999999,0.762,0.029999999999999916,0.14500000000000002,0.20750000000000002,15,10.0,False,1.3862943611198906,2.6390573296152584,1.2527629684953678,Ma2020/15,0.09532653340359627
Ma2020,15,ts_lr,5,1.9770486002435332,0.625,0.8674999999999999,0.674,0.565,0.7525,0.7745,-0.11499999999999999,0.1875,0.12749999999999995,15,9.0,False,1.6094379124341003,2.6390573296152584,1.0296194171811581,Ma2020/15,-0.5170688688589292
Ma2020,15,ts_lr,6,2.200942874053976,0.5825,0.8425,0.7979999999999998,0.8474999999999999,0.84,0.8234999999999999,-0.0025000000000000577,-0.007499999999999951,0.25749999999999995,15,8.0,False,1.791759469228055,2.6390573296152584,0.8472978603872034,Ma2020/15,-0.36050039801734884
Ma2020,15,ts_lr,7,3.2863379769268795,0.72,0.8375,0.7875,0.6950000000000001,0.8525,0.826,0.015000000000000013,0.15749999999999997,0.13250000000000006,15,7.0,False,1.9459101490553132,2.6390573296152584,0.6931471805599452,Ma2020/15,0.39851254422353616
Ma2020,15,ts_lr,8,2.0108130848878174,0.59,0.8675,,0.755,0.8675,0.8640000000000001,0.0,0.11250000000000004,0.2775000000000001,15,6.0,False,2.0794415416798357,2.6390573296152584,0.5596157879354227,Ma2020/15,-0.49345748461251787
Ma2020,15,ts_lr,9,2.289471402087411,0.48,0.71,,0.675,0.7575,0.744,0.04749999999999999,0.0824999999999999,0.27749999999999997,15,5.0,False,2.1972245773362196,2.6390573296152584,0.44183275227903884,Ma2020/15,-0.29859271264355486
Ma2020,15,ts_lr,10,2.901519771099546,0.49,0.7749999999999999,,0.7225,0.865,0.8320000000000001,0.09000000000000008,0.14249999999999996,0.375,15,4.0,False,2.302585092994046,2.6390573296152584,0.3364722366212125,Ma2020/15,0.12941053900925176
Ma2020,15,ts_lr,11,1.8425989280584325,0.475,0.7375,,0.5875,0.7875,0.7835000000000001,0.04999999999999993,0.19999999999999996,0.3125,15,3.0,False,2.3978952727983707,2.6390573296152584,0.24116205681688774,Ma2020/15,-0.6110890473159951
Ma2020,15,ts_lr,12,1.7236842169792082,0.5449999999999999,0.6225,,0.6875,0.6975,0.7064999999999999,0.07499999999999996,0.010000000000000009,0.15250000000000008,15,2.0,False,2.4849066497880004,2.6390573296152584,0.15415067982725805,Ma2020/15,-0.6942456826214851
Ma2020,15,ts_lr,13,3.105420666829393,0.4999999999999999,0.8,,0.735,0.79,0.7859999999999999,-0.010000000000000009,0.05500000000000005,0.29000000000000015,15,1.0,False,2.5649493574615367,2.6390573296152584,0.07410797215372167,Ma2020/15,0.27199771153640245
Ma2020,15,ts_lr,14,1.8625472978553208,0.75,0.8225,,0.4825,0.8225,0.8225,0.0,0.34,0.07250000000000001,15,0.0,True,2.6390573296152584,2.6390573296152584,0.0,Ma2020/15,-0.5971392231345806
Ma2020,16,csp_lda,1,1.304214412463748,0.5725,0.5725,0.6325,0.5725,0.875,0.5765,0.3025,0.3025,0.3025,15,13.0,False,0.0,2.6390573296152584,2.6390573296152584,Ma2020/16,-0.9875794277837479
Ma2020,16,csp_lda,2,1.3351970704197826,0.4575,0.5775,0.5897499999999999,0.7150000000000001,0.705,0.6020000000000001,0.12749999999999995,-0.01000000000000012,0.24749999999999994,15,12.0,False,0.6931471805599453,2.6390573296152584,1.945910149055313,Ma2020/16,-0.965913365064828
Ma2020,16,csp_lda,3,2.726169727007706,0.53,0.7525,0.7030000000000001,0.6375,0.8099999999999999,0.692,0.057499999999999996,0.1725,0.2799999999999999,15,11.0,False,1.0986122886681098,2.6390573296152584,1.5404450409471486,Ma2020/16,0.006788875675838821
Ma2020,16,csp_lda,4,1.5959373473289145,0.5,0.6475000000000001,0.64,0.6900000000000001,0.73,0.6465000000000001,0.0824999999999999,0.039999999999999925,0.22999999999999998,15,10.0,False,1.3862943611198906,2.6390573296152584,1.2527629684953678,Ma2020/16,-0.7835786150611905
Ma2020,16,csp_lda,5,3.1515417024305887,0.575,0.8025,0.7699999999999999,0.655,0.8474999999999999,0.7685000000000001,0.04499999999999993,0.1924999999999999,0.27249999999999996,15,9.0,False,1.6094379124341003,2.6390573296152584,1.0296194171811581,Ma2020/16,0.30424998800070785
Ma2020,16,csp_lda,6,1.3097723654412774,0.375,0.795,0.6995000000000001,0.6875,0.79,0.7430000000000001,-0.0050000000000000044,0.10250000000000004,0.41500000000000004,15,8.0,False,1.791759469228055,2.6390573296152584,0.8472978603872034,Ma2020/16,-0.9836927709975277
Ma2020,16,csp_lda,7,0.8783803348940666,0.56,0.7050000000000001,0.6725,0.6025,0.7525,0.7304999999999999,0.047499999999999876,0.1499999999999999,0.1924999999999999,15,7.0,False,1.9459101490553132,2.6390573296152584,0.6931471805599452,Ma2020/16,-1.2853636864993911
Ma2020,16,csp_lda,8,1.3427313725818917,0.4800000000000001,0.7324999999999999,,0.7224999999999999,0.745,0.7344999999999999,0.012500000000000067,0.022500000000000075,0.2649999999999999,15,6.0,False,2.0794415416798357,2.6390573296152584,0.5596157879354227,Ma2020/16,-0.9606446543099538
Ma2020,16,csp_lda,9,1.890342130136213,0.4725,0.8375,,0.4649999999999999,0.87,0.8985000000000001,0.03249999999999997,0.4050000000000001,0.3975,15,5.0,False,2.1972245773362196,2.6390573296152584,0.44183275227903884,Ma2020/16,-0.5777023955933729
Ma2020,16,csp_lda,10,1.023912037362714,0.3975,0.615,,0.5275,0.6725,0.7140000000000001,0.057499999999999996,0.14500000000000002,0.27499999999999997,15,4.0,False,2.302585092994046,2.6390573296152584,0.3364722366212125,Ma2020/16,-1.1835938836067135
Ma2020,16,csp_lda,11,1.0181170525466896,0.495,0.7725,,0.66,0.92,0.8610000000000001,0.14750000000000008,0.26,0.42500000000000004,15,3.0,False,2.3978952727983707,2.6390573296152584,0.24116205681688774,Ma2020/16,-1.1876462959161203
Ma2020,16,csp_lda,12,1.8126721784346305,0.5375,0.5825,,0.5900000000000001,0.7275,0.6904999999999999,0.14500000000000002,0.13749999999999996,0.19000000000000006,15,2.0,False,2.4849066497880004,2.6390573296152584,0.15415067982725805,Ma2020/16,-0.6320167170867036
Ma2020,16,csp_lda,13,1.8627800104348995,0.50125,0.835,,0.5075,0.835,0.834,0.0,0.3275,0.33375,15,1.0,False,2.5649493574615367,2.6390573296152584,0.07410797215372167,Ma2020/16,-0.5969764880538205
Ma2020,16,csp_lda,14,2.511156095432093,0.5,0.7175,,0.855,0.7175,0.7175,0.0,-0.13749999999999996,0.21750000000000003,15,0.0,True,2.6390573296152584,2.6390573296152584,0.0,Ma2020/16,-0.14356939357757764
Ma2020,16,ts_lr,1,1.304214412463748,0.7725,0.7725,0.6765000000000001,0.7725,0.89,0.6955,0.11750000000000005,0.11750000000000005,0.11750000000000005,15,13.0,False,0.0,2.6390573296152584,2.6390573296152584,Ma2020/16,-0.9875794277837479
Ma2020,16,ts_lr,2,1.3351970704197826,0.4325,0.53,0.6900000000000001,0.7024999999999999,0.76,0.6805,0.22999999999999998,0.05750000000000011,0.3275,15,12.0,False,0.6931471805599453,2.6390573296152584,1.945910149055313,Ma2020/16,-0.965913365064828
Ma2020,16,ts_lr,3,2.726169727007706,0.6925,0.7424999999999999,0.7414999999999999,0.6849999999999999,0.805,0.75,0.06250000000000011,0.1200000000000001,0.11250000000000004,15,11.0,False,1.0986122886681098,2.6390573296152584,1.5404450409471486,Ma2020/16,0.006788875675838821
Ma2020,16,ts_lr,4,1.5959373473289145,0.43,0.5525,0.662,0.7124999999999999,0.755,0.6385000000000001,0.2025,0.04250000000000009,0.325,15,10.0,False,1.3862943611198906,2.6390573296152584,1.2527629684953678,Ma2020/16,-0.7835786150611905
Ma2020,16,ts_lr,5,3.1515417024305887,0.635,0.7424999999999999,0.8140000000000001,0.6725,0.905,0.781,0.1625000000000001,0.23250000000000004,0.27,15,9.0,False,1.6094379124341003,2.6390573296152584,1.0296194171811581,Ma2020/16,0.30424998800070785
Ma2020,16,ts_lr,6,1.3097723654412774,0.345,0.865,0.681,0.685,0.7825,0.7135,-0.08250000000000002,0.09749999999999992,0.4375,15,8.0,False,1.791759469228055,2.6390573296152584,0.8472978603872034,Ma2020/16,-0.9836927709975277
Ma2020,16,ts_lr,7,0.8783803348940666,0.6375,0.76,0.7,0.7175,0.7450000000000001,0.7135,-0.014999999999999902,0.02750000000000008,0.10750000000000015,15,7.0,False,1.9459101490553132,2.6390573296152584,0.6931471805599452,Ma2020/16,-1.2853636864993911
Ma2020,16,ts_lr,8,1.3427313725818917,0.53,0.7725,,0.6575,0.8175,0.766,0.04500000000000004,0.16000000000000003,0.2875,15,6.0,False,2.0794415416798357,2.6390573296152584,0.5596157879354227,Ma2020/16,-0.9606446543099538
Ma2020,16,ts_lr,9,1.890342130136213,0.5575000000000001,0.8500000000000001,,0.59,0.8175,0.8100000000000002,-0.032500000000000084,0.22750000000000004,0.2599999999999999,15,5.0,False,2.1972245773362196,2.6390573296152584,0.44183275227903884,Ma2020/16,-0.5777023955933729
Ma2020,16,ts_lr,10,1.023912037362714,0.7350000000000001,0.5650000000000001,,0.5774999999999999,0.655,0.6925000000000001,0.08999999999999997,0.07750000000000012,-0.08000000000000007,15,4.0,False,2.302585092994046,2.6390573296152584,0.3364722366212125,Ma2020/16,-1.1835938836067135
Ma2020,16,ts_lr,11,1.0181170525466896,0.5,0.815,,0.535,0.8300000000000001,0.8099999999999999,0.015000000000000124,0.29500000000000004,0.33000000000000007,15,3.0,False,2.3978952727983707,2.6390573296152584,0.24116205681688774,Ma2020/16,-1.1876462959161203
Ma2020,16,ts_lr,12,1.8126721784346305,0.575,0.7375,,0.7,0.7750000000000001,0.7695000000000001,0.03750000000000009,0.07500000000000018,0.20000000000000018,15,2.0,False,2.4849066497880004,2.6390573296152584,0.15415067982725805,Ma2020/16,-0.6320167170867036
Ma2020,16,ts_lr,13,1.8627800104348995,0.7625,0.915,,0.5050000000000001,0.9575,0.9185,0.04249999999999998,0.4524999999999999,0.19500000000000006,15,1.0,False,2.5649493574615367,2.6390573296152584,0.07410797215372167,Ma2020/16,-0.5969764880538205
Ma2020,16,ts_lr,14,2.511156095432093,0.595,0.8375,,0.8025,0.8375,0.8375,0.0,0.03500000000000003,0.24250000000000005,15,0.0,True,2.6390573296152584,2.6390573296152584,0.0,Ma2020/16,-0.14356939357757764
Ma2020,17,csp_lda,1,1.7108528342006766,0.495,0.495,0.5844999999999999,0.495,0.7324999999999999,0.5685,0.23749999999999993,0.23749999999999993,0.23749999999999993,15,13.0,False,0.0,2.6390573296152584,2.6390573296152584,Ma2020/17,-0.7032186230465652
Ma2020,17,csp_lda,2,1.5669442298578358,0.6799999999999999,0.7325,0.5705,0.5125,0.755,0.5514999999999999,0.022499999999999964,0.24250000000000005,0.07500000000000007,15,12.0,False,0.6931471805599453,2.6390573296152584,1.945910149055313,Ma2020/17,-0.8038533991819329
Ma2020,17,csp_lda,3,1.294652662949931,0.4825,0.4475,0.5385,0.445,0.715,0.572,0.26749999999999996,0.26999999999999996,0.23249999999999998,15,11.0,False,1.0986122886681098,2.6390573296152584,1.5404450409471486,Ma2020/17,-0.9942659252741483
Ma2020,17,csp_lda,4,1.6192170934951016,0.6025,0.6675,0.5285,0.7525,0.705,0.7464999999999999,0.03749999999999998,-0.04749999999999999,0.10249999999999992,15,10.0,False,1.3862943611198906,2.6390573296152584,1.2527629684953678,Ma2020/17,-0.7672991712112511
Ma2020,17,csp_lda,5,2.3115569540065977,0.57,0.5700000000000001,0.592,0.565,0.7024999999999999,0.5710000000000001,0.13249999999999984,0.13749999999999996,0.13249999999999995,15,9.0,False,1.6094379124341003,2.6390573296152584,1.0296194171811581,Ma2020/17,-0.2831483645911034
Ma2020,17,csp_lda,6,2.916038892192236,0.4275,0.5050000000000001,0.708,0.725,0.6325,0.7489999999999999,0.12749999999999984,-0.09250000000000003,0.20499999999999996,15,8.0,False,1.791759469228055,2.6390573296152584,0.8472978603872034,Ma2020/17,0.1395637088458811
Ma2020,17,csp_lda,7,1.9916576909026065,0.4825,0.62,0.685,0.5874999999999999,0.7749999999999999,0.7264999999999999,0.15499999999999992,0.1875,0.2924999999999999,15,7.0,False,1.9459101490553132,2.6390573296152584,0.6931471805599452,Ma2020/17,-0.5068527836239238
Ma2020,17,csp_lda,8,2.2461035065084585,0.3299999999999999,0.5775,,0.5625,0.6000000000000001,0.6609999999999999,0.022500000000000075,0.03750000000000009,0.2700000000000002,15,6.0,False,2.0794415416798357,2.6390573296152584,0.5596157879354227,Ma2020/17,-0.3289197280640684
Ma2020,17,csp_lda,9,1.7592919789970791,0.475,0.645,,0.4925,0.6825,0.6194999999999998,0.03749999999999998,0.19,0.20750000000000002,15,5.0,False,2.1972245773362196,2.6390573296152584,0.44183275227903884,Ma2020/17,-0.6693453010514364
Ma2020,17,csp_lda,10,1.2009461899306209,0.49,0.7124999999999999,,0.5375000000000001,0.695,0.696,-0.01749999999999996,0.15749999999999986,0.20499999999999996,15,4.0,False,2.302585092994046,2.6390573296152584,0.3364722366212125,Ma2020/17,-1.0597945291946427
Ma2020,17,csp_lda,11,2.5728041072489933,0.49,0.61,,0.55,0.65,0.6389999999999999,0.040000000000000036,0.09999999999999998,0.16000000000000003,15,3.0,False,2.3978952727983707,2.6390573296152584,0.24116205681688774,Ma2020/17,-0.10045915776704674
Ma2020,17,csp_lda,12,2.2771392781439457,0.5675,0.6725,,0.595,0.5275,0.5805,-0.14500000000000002,-0.0675,-0.040000000000000036,15,2.0,False,2.4849066497880004,2.6390573296152584,0.15415067982725805,Ma2020/17,-0.3072165231376631
Ma2020,17,csp_lda,13,2.327303611215541,0.45125,0.9525,,0.61,0.7925,0.858,-0.16000000000000003,0.1825,0.34125,15,1.0,False,2.5649493574615367,2.6390573296152584,0.07410797215372167,Ma2020/17,-0.2721367831061828
Ma2020,17,csp_lda,14,2.512417512945919,0.5,0.7675,,0.7700000000000001,0.7675,0.7675,0.0,-0.0025000000000001688,0.26749999999999996,15,0.0,True,2.6390573296152584,2.6390573296152584,0.0,Ma2020/17,-0.1426872887882441
Ma2020,17,ts_lr,1,1.7108528342006766,0.6,0.6,0.558,0.6,0.6525000000000001,0.5814999999999999,0.0525000000000001,0.0525000000000001,0.0525000000000001,15,13.0,False,0.0,2.6390573296152584,2.6390573296152584,Ma2020/17,-0.7032186230465652
Ma2020,17,ts_lr,2,1.5669442298578358,0.59,0.5725,0.6184999999999999,0.5599999999999999,0.7825,0.6365,0.20999999999999996,0.22250000000000003,0.1925,15,12.0,False,0.6931471805599453,2.6390573296152584,1.945910149055313,Ma2020/17,-0.8038533991819329
Ma2020,17,ts_lr,3,1.294652662949931,0.7025,0.6825,0.653,0.7175,0.7124999999999999,0.7030000000000001,0.029999999999999916,-0.0050000000000001155,0.009999999999999898,15,11.0,False,1.0986122886681098,2.6390573296152584,1.5404450409471486,Ma2020/17,-0.9942659252741483
Ma2020,17,ts_lr,4,1.6192170934951016,0.565,0.8049999999999999,0.7194999999999999,0.655,0.78,0.766,-0.02499999999999991,0.125,0.21500000000000008,15,10.0,False,1.3862943611198906,2.6390573296152584,1.2527629684953678,Ma2020/17,-0.7672991712112511
Ma2020,17,ts_lr,5,2.3115569540065977,0.505,0.595,0.8300000000000001,0.605,0.8074999999999999,0.774,0.2124999999999999,0.2024999999999999,0.3024999999999999,15,9.0,False,1.6094379124341003,2.6390573296152584,1.0296194171811581,Ma2020/17,-0.2831483645911034
Ma2020,17,ts_lr,6,2.916038892192236,0.415,0.79,0.842,0.645,0.86,0.8135,0.06999999999999995,0.21499999999999997,0.445,15,8.0,False,1.791759469228055,2.6390573296152584,0.8472978603872034,Ma2020/17,0.1395637088458811
Ma2020,17,ts_lr,7,1.9916576909026065,0.6074999999999999,0.7025,0.7949999999999999,0.5375,0.8075,0.7735,0.10499999999999998,0.27,0.20000000000000007,15,7.0,False,1.9459101490553132,2.6390573296152584,0.6931471805599452,Ma2020/17,-0.5068527836239238
Ma2020,17,ts_lr,8,2.2461035065084585,0.51,0.7225,,0.8325,0.77,0.7735,0.04749999999999999,-0.0625,0.26,15,6.0,False,2.0794415416798357,2.6390573296152584,0.5596157879354227,Ma2020/17,-0.3289197280640684
Ma2020,17,ts_lr,9,1.7592919789970791,0.5149999999999999,0.7475,,0.7775,0.6925,0.7224999999999999,-0.05500000000000005,-0.08499999999999996,0.1775000000000001,15,5.0,False,2.1972245773362196,2.6390573296152584,0.44183275227903884,Ma2020/17,-0.6693453010514364
Ma2020,17,ts_lr,10,1.2009461899306209,0.43,0.72,,0.7350000000000001,0.725,0.7284999999999999,0.0050000000000000044,-0.01000000000000012,0.295,15,4.0,False,2.302585092994046,2.6390573296152584,0.3364722366212125,Ma2020/17,-1.0597945291946427
Ma2020,17,ts_lr,11,2.5728041072489933,0.49,0.7475,,0.5125,0.7825,0.778,0.03499999999999992,0.27,0.2925,15,3.0,False,2.3978952727983707,2.6390573296152584,0.24116205681688774,Ma2020/17,-0.10045915776704674
Ma2020,17,ts_lr,12,2.2771392781439457,0.4475,0.8425,,0.6275,0.7925,0.78,-0.050000000000000044,0.16500000000000004,0.345,15,2.0,False,2.4849066497880004,2.6390573296152584,0.15415067982725805,Ma2020/17,-0.3072165231376631
Ma2020,17,ts_lr,13,2.327303611215541,0.4175,0.7925,,0.6875,0.79,0.7785,-0.0024999999999999467,0.10250000000000004,0.37250000000000005,15,1.0,False,2.5649493574615367,2.6390573296152584,0.07410797215372167,Ma2020/17,-0.2721367831061828
Ma2020,17,ts_lr,14,2.512417512945919,0.37,0.745,,0.7075,0.745,0.745,0.0,0.03749999999999998,0.375,15,0.0,True,2.6390573296152584,2.6390573296152584,0.0,Ma2020/17,-0.1426872887882441
Ma2020,18,csp_lda,1,1.6620869681361676,0.3899999999999999,0.3899999999999999,0.583,0.3899999999999999,0.665,0.4655,0.27500000000000013,0.27500000000000013,0.27500000000000013,15,13.0,False,0.0,2.6390573296152584,2.6390573296152584,Ma2020/18,-0.7373204200646065
Ma2020,18,csp_lda,2,1.5955960095284918,0.5549999999999999,0.5675,0.611,0.435,0.6275,0.627,0.05999999999999994,0.19249999999999995,0.07250000000000001,15,12.0,False,0.6931471805599453,2.6390573296152584,1.945910149055313,Ma2020/18,-0.7838173113732626
Ma2020,18,csp_lda,3,1.570983248509448,0.6325000000000001,0.5775,0.5529999999999999,0.4025,0.5850000000000001,0.4775,0.007500000000000062,0.18250000000000005,-0.04749999999999999,15,11.0,False,1.0986122886681098,2.6390573296152584,1.5404450409471486,Ma2020/18,-0.8010289277775461
Ma2020,18,csp_lda,4,1.873385278639685,0.7525,0.6649999999999999,0.583,0.4049999999999999,0.5725,0.569,-0.09249999999999992,0.1675000000000001,-0.17999999999999994,15,10.0,False,1.3862943611198906,2.6390573296152584,1.2527629684953678,Ma2020/18,-0.589560261647361
Ma2020,18,csp_lda,5,2.558157028811874,0.565,0.685,0.5845,0.3825,0.7625000000000001,0.624,0.07750000000000001,0.38000000000000006,0.19750000000000012,15,9.0,False,1.6094379124341003,2.6390573296152584,1.0296194171811581,Ma2020/18,-0.11070180772038168
Ma2020,18,csp_lda,6,2.0566966176697608,0.37,0.48,0.58,0.5825,0.52,0.5710000000000001,0.040000000000000036,-0.0625,0.15000000000000002,15,8.0,False,1.791759469228055,2.6390573296152584,0.8472978603872034,Ma2020/18,-0.4613712930265706
Ma2020,18,csp_lda,7,2.1848531959021016,0.67,0.4974999999999999,0.49,0.6074999999999999,0.5225,0.5285,0.025000000000000078,-0.08499999999999996,-0.14750000000000008,15,7.0,False,1.9459101490553132,2.6390573296152584,0.6931471805599452,Ma2020/18,-0.37175185282992224
Ma2020,18,csp_lda,8,2.662075216660298,0.6799999999999999,0.645,,0.615,0.61,0.5805,-0.03500000000000003,-0.0050000000000000044,-0.06999999999999995,15,6.0,False,2.0794415416798357,2.6390573296152584,0.5596157879354227,Ma2020/18,-0.03803218787190389
Ma2020,18,csp_lda,9,3.3658335982753935,0.5175000000000001,0.73,,0.6375,0.63,0.5065,-0.09999999999999998,-0.007499999999999951,0.11249999999999993,15,5.0,False,2.1972245773362196,2.6390573296152584,0.44183275227903884,Ma2020/18,0.4541035500197622
Ma2020,18,csp_lda,10,1.908572039188933,0.5575,0.6225,,0.64,0.6725,0.6689999999999999,0.04999999999999993,0.03249999999999997,0.11499999999999999,15,4.0,False,2.302585092994046,2.6390573296152584,0.3364722366212125,Ma2020/18,-0.5649542849097475
Ma2020,18,csp_lda,11,3.1501757918952293,0.61,0.5825,,0.565,0.6625,0.5860000000000001,0.07999999999999996,0.09750000000000003,0.05249999999999999,15,3.0,False,2.3978952727983707,2.6390573296152584,0.24116205681688774,Ma2020/18,0.3032948116123707
Ma2020,18,csp_lda,12,2.251456512295825,0.4175,0.4475,,0.46,0.4499999999999999,0.4625,0.002499999999999891,-0.01000000000000012,0.03249999999999992,15,2.0,False,2.4849066497880004,2.6390573296152584,0.15415067982725805,Ma2020/18,-0.325176390120358
Ma2020,18,csp_lda,13,3.0133288415345008,0.5125,0.6699999999999999,,0.36,0.6825,0.5860000000000001,0.012500000000000067,0.3225,0.17000000000000004,15,1.0,False,2.5649493574615367,2.6390573296152584,0.07410797215372167,Ma2020/18,0.20759822503752634
Ma2020,18,csp_lda,14,2.0224220648924796,0.5525,0.63,,0.5125,0.63,0.63,0.0,0.11750000000000005,0.07750000000000001,15,0.0,True,2.6390573296152584,2.6390573296152584,0.0,Ma2020/18,-0.4853393661076235
Ma2020,18,ts_lr,1,1.6620869681361676,0.3825,0.3825,0.6815,0.3825,0.6974999999999999,0.5335,0.3149999999999999,0.3149999999999999,0.3149999999999999,15,13.0,False,0.0,2.6390573296152584,2.6390573296152584,Ma2020/18,-0.7373204200646065
Ma2020,18,ts_lr,2,1.5955960095284918,0.55,0.6075,0.6615,0.595,0.775,0.631,0.16749999999999998,0.18000000000000005,0.22499999999999998,15,12.0,False,0.6931471805599453,2.6390573296152584,1.945910149055313,Ma2020/18,-0.7838173113732626
Ma2020,18,ts_lr,3,1.570983248509448,0.5349999999999999,0.6675,0.545,0.625,0.6000000000000001,0.583,-0.0674999999999999,-0.02499999999999991,0.06500000000000017,15,11.0,False,1.0986122886681098,2.6390573296152584,1.5404450409471486,Ma2020/18,-0.8010289277775461
Ma2020,18,ts_lr,4,1.873385278639685,0.71,0.6875,0.5355,0.5025,0.53,0.5650000000000001,-0.15749999999999997,0.02750000000000008,-0.17999999999999994,15,10.0,False,1.3862943611198906,2.6390573296152584,1.2527629684953678,Ma2020/18,-0.589560261647361
Ma2020,18,ts_lr,5,2.558157028811874,0.5225,0.5775,0.5660000000000001,0.52,0.6425,0.6260000000000001,0.06499999999999995,0.12249999999999994,0.12,15,9.0,False,1.6094379124341003,2.6390573296152584,1.0296194171811581,Ma2020/18,-0.11070180772038168
Ma2020,18,ts_lr,6,2.0566966176697608,0.3875,0.6525000000000001,0.4909999999999999,0.4399999999999999,0.5775,0.523,-0.07500000000000007,0.13750000000000012,0.19,15,8.0,False,1.791759469228055,2.6390573296152584,0.8472978603872034,Ma2020/18,-0.4613712930265706
Ma2020,18,ts_lr,7,2.1848531959021016,0.5475000000000001,0.615,0.6225,0.46,0.6025,0.6199999999999999,-0.012499999999999956,0.14250000000000002,0.05499999999999994,15,7.0,False,1.9459101490553132,2.6390573296152584,0.6931471805599452,Ma2020/18,-0.37175185282992224
Ma2020,18,ts_lr,8,2.662075216660298,0.5125,0.5900000000000001,,0.6124999999999999,0.57,0.5740000000000001,-0.02000000000000013,-0.04249999999999998,0.057499999999999996,15,6.0,False,2.0794415416798357,2.6390573296152584,0.5596157879354227,Ma2020/18,-0.03803218787190389
Ma2020,18,ts_lr,9,3.3658335982753935,0.51,0.645,,0.61,0.5800000000000001,0.5925,-0.06499999999999995,-0.029999999999999916,0.07000000000000006,15,5.0,False,2.1972245773362196,2.6390573296152584,0.44183275227903884,Ma2020/18,0.4541035500197622
Ma2020,18,ts_lr,10,1.908572039188933,0.52,0.7075,,0.63,0.8175,0.773,0.10999999999999999,0.1875,0.2975,15,4.0,False,2.302585092994046,2.6390573296152584,0.3364722366212125,Ma2020/18,-0.5649542849097475
Ma2020,18,ts_lr,11,3.1501757918952293,0.595,0.63,,0.5925,0.645,0.625,0.015000000000000013,0.05249999999999999,0.050000000000000044,15,3.0,False,2.3978952727983707,2.6390573296152584,0.24116205681688774,Ma2020/18,0.3032948116123707
Ma2020,18,ts_lr,12,2.251456512295825,0.455,0.5125,,0.6124999999999999,0.48,0.5049999999999999,-0.03249999999999997,-0.13249999999999995,0.024999999999999967,15,2.0,False,2.4849066497880004,2.6390573296152584,0.15415067982725805,Ma2020/18,-0.325176390120358
Ma2020,18,ts_lr,13,3.0133288415345008,0.405,0.4375,,0.4299999999999999,0.44,0.4479999999999999,0.0025000000000000022,0.01000000000000012,0.034999999999999976,15,1.0,False,2.5649493574615367,2.6390573296152584,0.07410797215372167,Ma2020/18,0.20759822503752634
Ma2020,18,ts_lr,14,2.0224220648924796,0.765,0.51,,0.4749999999999999,0.51,0.51,0.0,0.03500000000000009,-0.255,15,0.0,True,2.6390573296152584,2.6390573296152584,0.0,Ma2020/18,-0.4853393661076235
Ma2020,19,csp_lda,1,2.451443835563493,0.51,0.51,0.53,0.51,0.43,0.5215,-0.08000000000000002,-0.08000000000000002,-0.08000000000000002,15,13.0,False,0.0,2.6390573296152584,2.6390573296152584,Ma2020/19,-0.1853259649226629
Ma2020,19,csp_lda,2,4.168341951643228,0.51,0.47,0.469,0.44,0.52,0.5545,0.050000000000000044,0.08000000000000002,0.010000000000000009,15,12.0,False,0.6931471805599453,2.6390573296152584,1.945910149055313,Ma2020/19,1.0152947925915774
Ma2020,19,csp_lda,3,3.6656494816366254,0.3575,0.6775,0.4679999999999999,0.5574999999999999,0.6074999999999999,0.6194999999999999,-0.07000000000000006,0.050000000000000044,0.24999999999999994,15,11.0,False,1.0986122886681098,2.6390573296152584,1.5404450409471486,Ma2020/19,0.6637637328953115
Ma2020,19,csp_lda,4,3.301365840943427,0.4499999999999999,0.6449999999999999,0.4684999999999999,0.5325,0.71,0.5085,0.06500000000000006,0.1775,0.26000000000000006,15,10.0,False,1.3862943611198906,2.6390573296152584,1.2527629684953678,Ma2020/19,0.40902147618076035
Ma2020,19,csp_lda,5,4.01790901013206,0.4775,0.6375,0.4,0.36,0.3275,0.5105,-0.30999999999999994,-0.03249999999999997,-0.14999999999999997,15,9.0,False,1.6094379124341003,2.6390573296152584,1.0296194171811581,Ma2020/19,0.9100975706360691
Ma2020,19,csp_lda,6,5.373934621252364,0.4825,0.5,0.5374999999999999,0.5275,0.605,0.5115000000000001,0.10499999999999998,0.07750000000000001,0.1225,15,8.0,False,1.791759469228055,2.6390573296152584,0.8472978603872034,Ma2020/19,1.858361466544707
Ma2020,19,csp_lda,7,4.084103031583002,0.5800000000000001,0.535,0.43,0.5625,0.485,0.5525,-0.050000000000000044,-0.07750000000000001,-0.09500000000000008,15,7.0,False,1.9459101490553132,2.6390573296152584,0.6931471805599452,Ma2020/19,0.9563868148451603
Ma2020,19,csp_lda,8,2.743415193991901,0.5349999999999999,0.5175000000000001,,0.6525000000000001,0.6,0.48,0.0824999999999999,-0.0525000000000001,0.06500000000000006,15,6.0,False,2.0794415416798357,2.6390573296152584,0.5596157879354227,Ma2020/19,0.018848569515755195
Ma2020,19,csp_lda,9,3.345706297294967,0.6100000000000001,0.3675,,0.4825,0.5925,0.557,0.22500000000000003,0.11000000000000004,-0.01750000000000007,15,5.0,False,2.1972245773362196,2.6390573296152584,0.44183275227903884,Ma2020/19,0.4400285998969127
Ma2020,19,csp_lda,10,5.060884249468605,0.475,0.5975,,0.575,0.6950000000000001,0.581,0.09750000000000003,0.1200000000000001,0.22000000000000008,15,4.0,False,2.302585092994046,2.6390573296152584,0.3364722366212125,Ma2020/19,1.6394464528982728
Ma2020,19,csp_lda,11,6.83000133062177,0.5225,0.655,,0.6675,0.6925000000000001,0.6515000000000001,0.03750000000000009,0.025000000000000133,0.17000000000000015,15,3.0,False,2.3978952727983707,2.6390573296152584,0.24116205681688774,Ma2020/19,2.876583747308847
Ma2020,19,csp_lda,12,4.461917862984531,0.615,0.635,,0.44,0.6375,0.645,0.0024999999999999467,0.19749999999999995,0.022499999999999964,15,2.0,False,2.4849066497880004,2.6390573296152584,0.15415067982725805,Ma2020/19,1.2205913851857524
Ma2020,19,csp_lda,13,3.6964203379476657,0.7649999999999999,0.5900000000000001,,0.37,0.58,0.6495,-0.01000000000000012,0.20999999999999996,-0.18499999999999994,15,1.0,False,2.5649493574615367,2.6390573296152584,0.07410797215372167,Ma2020/19,0.6852816834757915
Ma2020,19,csp_lda,14,4.376463257274379,0.5275000000000001,0.7875000000000001,,0.7374999999999999,0.7875000000000001,0.7875000000000001,0.0,0.050000000000000155,0.26,15,0.0,True,2.6390573296152584,2.6390573296152584,0.0,Ma2020/19,1.1608332827800776
Ma2020,19,ts_lr,1,2.451443835563493,0.505,0.505,0.613,0.505,0.525,0.5255,0.020000000000000018,0.020000000000000018,0.020000000000000018,15,13.0,False,0.0,2.6390573296152584,2.6390573296152584,Ma2020/19,-0.1853259649226629
Ma2020,19,ts_lr,2,4.168341951643228,0.61,0.5449999999999999,0.5549999999999999,0.48,0.49,0.5385,-0.05499999999999994,0.010000000000000009,-0.12,15,12.0,False,0.6931471805599453,2.6390573296152584,1.945910149055313,Ma2020/19,1.0152947925915774
Ma2020,19,ts_lr,3,3.6656494816366254,0.6125,0.6950000000000001,0.4994999999999999,0.615,0.4524999999999999,0.5035000000000001,-0.24250000000000016,-0.1625000000000001,-0.16000000000000014,15,11.0,False,1.0986122886681098,2.6390573296152584,1.5404450409471486,Ma2020/19,0.6637637328953115
Ma2020,19,ts_lr,4,3.301365840943427,0.53,0.5675,0.4439999999999999,0.47,0.455,0.4915,-0.11249999999999999,-0.014999999999999958,-0.07500000000000001,15,10.0,False,1.3862943611198906,2.6390573296152584,1.2527629684953678,Ma2020/19,0.40902147618076035
Ma2020,19,ts_lr,5,4.01790901013206,0.55,0.5125,0.4865,0.3525,0.48,0.5515,-0.03249999999999997,0.1275,-0.07000000000000006,15,9.0,False,1.6094379124341003,2.6390573296152584,1.0296194171811581,Ma2020/19,0.9100975706360691
Ma2020,19,ts_lr,6,5.373934621252364,0.5325,0.37,0.489,0.4649999999999999,0.3525,0.4025,-0.017500000000000016,-0.11249999999999993,-0.18,15,8.0,False,1.791759469228055,2.6390573296152584,0.8472978603872034,Ma2020/19,1.858361466544707
Ma2020,19,ts_lr,7,4.084103031583002,0.525,0.52,0.5924999999999999,0.5125,0.595,0.5399999999999999,0.07499999999999996,0.08250000000000002,0.06999999999999995,15,7.0,False,1.9459101490553132,2.6390573296152584,0.6931471805599452,Ma2020/19,0.9563868148451603
Ma2020,19,ts_lr,8,2.743415193991901,0.42,0.5149999999999999,,0.4875,0.6299999999999999,0.6265000000000001,0.11499999999999999,0.1424999999999999,0.2099999999999999,15,6.0,False,2.0794415416798357,2.6390573296152584,0.5596157879354227,Ma2020/19,0.018848569515755195
Ma2020,19,ts_lr,9,3.345706297294967,0.4624999999999999,0.5050000000000001,,0.5175000000000001,0.5275000000000001,0.5265000000000001,0.022499999999999964,0.010000000000000009,0.06500000000000017,15,5.0,False,2.1972245773362196,2.6390573296152584,0.44183275227903884,Ma2020/19,0.4400285998969127
Ma2020,19,ts_lr,10,5.060884249468605,0.4525,0.5375,,0.5025,0.595,0.6435,0.057499999999999996,0.09250000000000003,0.14249999999999996,15,4.0,False,2.302585092994046,2.6390573296152584,0.3364722366212125,Ma2020/19,1.6394464528982728
Ma2020,19,ts_lr,11,6.83000133062177,0.6699999999999999,0.6525,,0.645,0.6875,0.65,0.03500000000000003,0.04249999999999998,0.01750000000000007,15,3.0,False,2.3978952727983707,2.6390573296152584,0.24116205681688774,Ma2020/19,2.876583747308847
Ma2020,19,ts_lr,12,4.461917862984531,0.6499999999999999,0.6075,,0.5325,0.6325,0.6335,0.02499999999999991,0.09999999999999998,-0.01749999999999996,15,2.0,False,2.4849066497880004,2.6390573296152584,0.15415067982725805,Ma2020/19,1.2205913851857524
Ma2020,19,ts_lr,13,3.6964203379476657,0.7125,0.7625,,0.7125,0.7675000000000001,0.769,0.0050000000000001155,0.05500000000000005,0.05500000000000005,15,1.0,False,2.5649493574615367,2.6390573296152584,0.07410797215372167,Ma2020/19,0.6852816834757915
Ma2020,19,ts_lr,14,4.376463257274379,0.53,0.68,,0.6824999999999999,0.68,0.68,0.0,-0.0024999999999998357,0.15000000000000002,15,0.0,True,2.6390573296152584,2.6390573296152584,0.0,Ma2020/19,1.1608332827800776
Ma2020,20,csp_lda,1,2.0141547568635345,0.6200000000000001,0.6200000000000001,0.5854999999999999,0.6200000000000001,0.865,0.6065,0.24499999999999988,0.24499999999999988,0.24499999999999988,15,13.0,False,0.0,2.6390573296152584,2.6390573296152584,Ma2020/20,-0.49112066526297454
Ma2020,20,csp_lda,2,2.868457353430236,0.5575,0.7,0.5955,0.77,0.6599999999999999,0.5585,-0.040000000000000036,-0.1100000000000001,0.10249999999999992,15,12.0,False,0.6931471805599453,2.6390573296152584,1.945910149055313,Ma2020/20,0.10629010770607265
Ma2020,20,csp_lda,3,2.176696231364471,0.6900000000000001,0.725,0.616,0.49,0.6475,0.6585,-0.07750000000000001,0.15749999999999997,-0.04250000000000009,15,11.0,False,1.0986122886681098,2.6390573296152584,1.5404450409471486,Ma2020/20,-0.3774559891735212
Ma2020,20,csp_lda,4,1.826742707363519,0.8125,0.8099999999999999,0.7540000000000001,0.7224999999999999,0.7925,0.7649999999999999,-0.01749999999999996,0.07000000000000006,-0.020000000000000018,15,10.0,False,1.3862943611198906,2.6390573296152584,1.2527629684953678,Ma2020/20,-0.6221772461576996
Ma2020,20,csp_lda,5,1.6908768237216394,0.5625,0.7125,0.7795,0.775,0.75,0.7125,0.03749999999999998,-0.025000000000000022,0.1875,15,9.0,False,1.6094379124341003,2.6390573296152584,1.0296194171811581,Ma2020/20,-0.717187776258881
Ma2020,20,csp_lda,6,3.04669409390186,0.4425,0.5375000000000001,0.7174999999999999,0.6525000000000001,0.655,0.641,0.11749999999999994,0.0024999999999999467,0.21250000000000002,15,8.0,False,1.791759469228055,2.6390573296152584,0.8472978603872034,Ma2020/20,0.23093042756997548
Ma2020,20,csp_lda,7,3.031404508974451,0.5325,0.6725,0.6675,0.6999999999999998,0.725,0.7550000000000001,0.05249999999999999,0.025000000000000133,0.1925,15,7.0,False,1.9459101490553132,2.6390573296152584,0.6931471805599452,Ma2020/20,0.2202384751089059
Ma2020,20,csp_lda,8,4.180592180718014,0.45,0.5874999999999999,,0.62,0.6,0.6005,0.012500000000000067,-0.020000000000000018,0.14999999999999997,15,6.0,False,2.0794415416798357,2.6390573296152584,0.5596157879354227,Ma2020/20,1.023861334294748
Ma2020,20,csp_lda,9,4.8672151667886325,0.5225,0.6799999999999999,,0.6500000000000001,0.7425,0.7470000000000001,0.06250000000000011,0.09249999999999992,0.22000000000000008,15,5.0,False,2.1972245773362196,2.6390573296152584,0.44183275227903884,Ma2020/20,1.5040143509135342
Ma2020,20,csp_lda,10,2.707392303313394,0.5625,0.72,,0.5925,0.7050000000000001,0.664,-0.014999999999999902,0.11250000000000004,0.14250000000000007,15,4.0,False,2.302585092994046,2.6390573296152584,0.3364722366212125,Ma2020/20,-0.006342110052952009
Ma2020,20,csp_lda,11,1.4322990383792538,0.6225,0.76,,0.6749999999999999,0.7324999999999999,0.7479999999999999,-0.02750000000000008,0.057499999999999996,0.10999999999999988,15,3.0,False,2.3978952727983707,2.6390573296152584,0.24116205681688774,Ma2020/20,-0.8980103035868285
Ma2020,20,csp_lda,12,2.5082902691878237,0.6375,0.6375,,0.7325,0.6475,0.657,0.010000000000000009,-0.08500000000000008,0.010000000000000009,15,2.0,False,2.4849066497880004,2.6390573296152584,0.15415067982725805,Ma2020/20,-0.14557345569639182
Ma2020,20,csp_lda,13,2.0074475557245,0.59,0.6425,,0.6275,0.73,0.742,0.08750000000000002,0.10250000000000004,0.14,15,1.0,False,2.5649493574615367,2.6390573296152584,0.07410797215372167,Ma2020/20,-0.4958109872086559
Ma2020,20,csp_lda,14,3.4531660347091604,0.4999999999999999,0.66,,0.5974999999999999,0.66,0.66,0.0,0.06250000000000011,0.16000000000000014,15,0.0,True,2.6390573296152584,2.6390573296152584,0.0,Ma2020/20,0.5151748127840834
Ma2020,20,ts_lr,1,2.0141547568635345,0.6,0.6,0.672,0.6,0.855,0.6175,0.255,0.255,0.255,15,13.0,False,0.0,2.6390573296152584,2.6390573296152584,Ma2020/20,-0.49112066526297454
Ma2020,20,ts_lr,2,2.868457353430236,0.6575,0.7075,0.6465,0.78,0.635,0.6599999999999999,-0.07250000000000001,-0.14500000000000002,-0.022499999999999964,15,12.0,False,0.6931471805599453,2.6390573296152584,1.945910149055313,Ma2020/20,0.10629010770607265
Ma2020,20,ts_lr,3,2.176696231364471,0.8175,0.7224999999999999,0.6174999999999999,0.4825,0.8150000000000001,0.7285,0.09250000000000014,0.3325000000000001,-0.0024999999999999467,15,11.0,False,1.0986122886681098,2.6390573296152584,1.5404450409471486,Ma2020/20,-0.3774559891735212
Ma2020,20,ts_lr,4,1.826742707363519,0.7725,0.75,0.7765000000000001,0.73,0.7425,0.7845000000000001,-0.007499999999999951,0.012500000000000067,-0.029999999999999916,15,10.0,False,1.3862943611198906,2.6390573296152584,1.2527629684953678,Ma2020/20,-0.6221772461576996
Ma2020,20,ts_lr,5,1.6908768237216394,0.6575,0.7350000000000001,0.8220000000000001,0.7525,0.89,0.8160000000000001,0.15499999999999992,0.13750000000000007,0.23250000000000004,15,9.0,False,1.6094379124341003,2.6390573296152584,1.0296194171811581,Ma2020/20,-0.717187776258881
Ma2020,20,ts_lr,6,3.04669409390186,0.6475,0.675,0.789,0.66,0.7975,0.7715,0.12249999999999994,0.13749999999999996,0.15000000000000002,15,8.0,False,1.791759469228055,2.6390573296152584,0.8472978603872034,Ma2020/20,0.23093042756997548
Ma2020,20,ts_lr,7,3.031404508974451,0.6400000000000001,0.865,0.7775,0.7625,0.8425,0.836,-0.022499999999999964,0.08000000000000007,0.2024999999999999,15,7.0,False,1.9459101490553132,2.6390573296152584,0.6931471805599452,Ma2020/20,0.2202384751089059
Ma2020,20,ts_lr,8,4.180592180718014,0.4499999999999999,0.6175,,0.525,0.6525000000000001,0.6345000000000001,0.03500000000000003,0.12750000000000006,0.20250000000000018,15,6.0,False,2.0794415416798357,2.6390573296152584,0.5596157879354227,Ma2020/20,1.023861334294748
Ma2020,20,ts_lr,9,4.8672151667886325,0.7125,0.875,,0.5975,0.905,0.8805,0.030000000000000027,0.3075,0.1925,15,5.0,False,2.1972245773362196,2.6390573296152584,0.44183275227903884,Ma2020/20,1.5040143509135342
Ma2020,20,ts_lr,10,2.707392303313394,0.5925,0.7949999999999999,,0.62,0.84,0.8030000000000002,0.04500000000000004,0.21999999999999997,0.24749999999999994,15,4.0,False,2.302585092994046,2.6390573296152584,0.3364722366212125,Ma2020/20,-0.006342110052952009
Ma2020,20,ts_lr,11,1.4322990383792538,0.7699999999999999,0.8574999999999999,,0.7075,0.87,0.866,0.012500000000000067,0.16249999999999998,0.10000000000000009,15,3.0,False,2.3978952727983707,2.6390573296152584,0.24116205681688774,Ma2020/20,-0.8980103035868285
Ma2020,20,ts_lr,12,2.5082902691878237,0.505,0.8400000000000001,,0.71,0.825,0.8305,-0.015000000000000124,0.11499999999999999,0.31999999999999995,15,2.0,False,2.4849066497880004,2.6390573296152584,0.15415067982725805,Ma2020/20,-0.14557345569639182
Ma2020,20,ts_lr,13,2.0074475557245,0.5525,0.8574999999999999,,0.46,0.8500000000000001,0.835,-0.00749999999999984,0.39000000000000007,0.2975000000000001,15,1.0,False,2.5649493574615367,2.6390573296152584,0.07410797215372167,Ma2020/20,-0.4958109872086559
Ma2020,20,ts_lr,14,3.4531660347091604,0.48,0.835,,0.6925,0.835,0.835,0.0,0.14249999999999996,0.355,15,0.0,True,2.6390573296152584,2.6390573296152584,0.0,Ma2020/20,0.5151748127840834
Ma2020,21,csp_lda,1,2.7252543015394903,0.425,0.425,0.5515,0.425,0.5025000000000001,0.4429999999999999,0.07750000000000007,0.07750000000000007,0.07750000000000007,15,13.0,False,0.0,2.6390573296152584,2.6390573296152584,Ma2020/21,0.006148721895714339
Ma2020,21,csp_lda,2,1.9378368775274897,0.3975,0.4525,0.5890000000000001,0.6275,0.75,0.5685,0.2975,0.12250000000000005,0.3525,15,12.0,False,0.6931471805599453,2.6390573296152584,1.945910149055313,Ma2020/21,-0.5444894873509983
Ma2020,21,csp_lda,3,1.9074812545829976,0.5700000000000001,0.56,0.584,0.6025,0.77,0.5825,0.20999999999999996,0.16749999999999998,0.19999999999999996,15,11.0,False,1.0986122886681098,2.6390573296152584,1.5404450409471486,Ma2020/21,-0.5657170667123471
Ma2020,21,csp_lda,4,2.5356645169057788,0.485,0.42,0.6625,0.6475,0.7625,0.6785,0.34249999999999997,0.11499999999999999,0.27749999999999997,15,10.0,False,1.3862943611198906,2.6390573296152584,1.2527629684953678,Ma2020/21,-0.12643074144695335
Ma2020,21,csp_lda,5,2.470454197710635,0.535,0.5475,0.7130000000000001,0.875,0.8174999999999999,0.639,0.2699999999999999,-0.05750000000000011,0.28249999999999986,15,9.0,False,1.6094379124341003,2.6390573296152584,1.0296194171811581,Ma2020/21,-0.17203208616074922
Ma2020,21,csp_lda,6,1.83404725630545,0.4125,0.69,0.7609999999999999,0.63,0.7974999999999999,0.7215,0.10749999999999993,0.16749999999999987,0.3849999999999999,15,8.0,False,1.791759469228055,2.6390573296152584,0.8472978603872034,Ma2020/21,-0.6170692010140624
Ma2020,21,csp_lda,7,2.78872373139828,0.4025,0.735,0.765,0.77,0.825,0.828,0.08999999999999997,0.05499999999999994,0.42249999999999993,15,7.0,False,1.9459101490553132,2.6390573296152584,0.6931471805599452,Ma2020/21,0.050532668876827905
Ma2020,21,csp_lda,8,1.8349215465155424,0.5925,0.75,,0.6824999999999999,0.8225,0.7120000000000001,0.07250000000000001,0.14000000000000012,0.22999999999999998,15,6.0,False,2.0794415416798357,2.6390573296152584,0.5596157879354227,Ma2020/21,-0.6164578129739117
Ma2020,21,csp_lda,9,2.7399932285813295,0.68,0.665,,0.55,0.875,0.7699999999999999,0.20999999999999996,0.32499999999999996,0.19499999999999995,15,5.0,False,2.1972245773362196,2.6390573296152584,0.44183275227903884,Ma2020/21,0.016455601252263353
Ma2020,21,csp_lda,10,2.091168478944084,0.605,0.76,,0.5575,0.8125,0.7949999999999999,0.05249999999999999,0.255,0.20750000000000002,15,4.0,False,2.302585092994046,2.6390573296152584,0.3364722366212125,Ma2020/21,-0.43726524281398954
Ma2020,21,csp_lda,11,2.525814000094896,0.425,0.8125,,0.575,0.8225,0.7959999999999999,0.010000000000000009,0.24750000000000005,0.3975,15,3.0,False,2.3978952727983707,2.6390573296152584,0.24116205681688774,Ma2020/21,-0.13331917288305578
Ma2020,21,csp_lda,12,2.062480225809234,0.5375,0.7324999999999999,,0.61,0.7375000000000002,0.7475000000000002,0.0050000000000002265,0.12750000000000017,0.20000000000000018,15,2.0,False,2.4849066497880004,2.6390573296152584,0.15415067982725805,Ma2020/21,-0.45732683638668853
Ma2020,21,csp_lda,13,2.8002857099990965,0.525,0.6649999999999999,,0.685,0.705,0.7489999999999999,0.040000000000000036,0.019999999999999907,0.17999999999999994,15,1.0,False,2.5649493574615367,2.6390573296152584,0.07410797215372167,Ma2020/21,0.05861791946687012
Ma2020,21,csp_lda,14,1.9124880767051733,0.5449999999999999,0.6875,,0.55,0.6875,0.6875,0.0,0.13749999999999996,0.14250000000000007,15,0.0,True,2.6390573296152584,2.6390573296152584,0.0,Ma2020/21,-0.5622158137767381
Ma2020,21,ts_lr,1,2.7252543015394903,0.3399999999999999,0.3399999999999999,0.5255,0.3399999999999999,0.6025,0.472,0.2625000000000001,0.2625000000000001,0.2625000000000001,15,13.0,False,0.0,2.6390573296152584,2.6390573296152584,Ma2020/21,0.006148721895714339
Ma2020,21,ts_lr,2,1.9378368775274897,0.44,0.525,0.6545000000000001,0.5625,0.66,0.586,0.135,0.09750000000000003,0.22000000000000003,15,12.0,False,0.6931471805599453,2.6390573296152584,1.945910149055313,Ma2020/21,-0.5444894873509983
Ma2020,21,ts_lr,3,1.9074812545829976,0.505,0.6425000000000001,0.6549999999999999,0.5975,0.6675,0.6380000000000001,0.02499999999999991,0.06999999999999995,0.16249999999999998,15,11.0,False,1.0986122886681098,2.6390573296152584,1.5404450409471486,Ma2020/21,-0.5657170667123471
Ma2020,21,ts_lr,4,2.5356645169057788,0.4175,0.56,0.727,0.4499999999999999,0.74,0.7110000000000001,0.17999999999999994,0.2900000000000001,0.3225,15,10.0,False,1.3862943611198906,2.6390573296152584,1.2527629684953678,Ma2020/21,-0.12643074144695335
Ma2020,21,ts_lr,5,2.470454197710635,0.4875,0.765,0.6910000000000001,0.775,0.7125,0.7244999999999999,-0.05249999999999999,-0.0625,0.22500000000000003,15,9.0,False,1.6094379124341003,2.6390573296152584,1.0296194171811581,Ma2020/21,-0.17203208616074922
Ma2020,21,ts_lr,6,1.83404725630545,0.46,0.7825,0.8025,0.7125,0.8125,0.7529999999999999,0.030000000000000027,0.09999999999999998,0.3525,15,8.0,False,1.791759469228055,2.6390573296152584,0.8472978603872034,Ma2020/21,-0.6170692010140624
Ma2020,21,ts_lr,7,2.78872373139828,0.37,0.8125,0.8775000000000001,0.8425,0.8325,0.8265,0.020000000000000018,-0.010000000000000009,0.4625,15,7.0,False,1.9459101490553132,2.6390573296152584,0.6931471805599452,Ma2020/21,0.050532668876827905
Ma2020,21,ts_lr,8,1.8349215465155424,0.3825,0.7325,,0.7150000000000001,0.81,0.7485,0.07750000000000001,0.09499999999999997,0.42750000000000005,15,6.0,False,2.0794415416798357,2.6390573296152584,0.5596157879354227,Ma2020/21,-0.6164578129739117
Ma2020,21,ts_lr,9,2.7399932285813295,0.5800000000000001,0.845,,0.765,0.8975,0.8434999999999999,0.05249999999999999,0.13249999999999995,0.3174999999999999,15,5.0,False,2.1972245773362196,2.6390573296152584,0.44183275227903884,Ma2020/21,0.016455601252263353
Ma2020,21,ts_lr,10,2.091168478944084,0.53,0.81,,0.7424999999999999,0.8375,0.8285,0.02749999999999997,0.09500000000000008,0.3075,15,4.0,False,2.302585092994046,2.6390573296152584,0.3364722366212125,Ma2020/21,-0.43726524281398954
Ma2020,21,ts_lr,11,2.525814000094896,0.545,0.745,,0.6950000000000001,0.8075000000000001,0.799,0.06250000000000011,0.11250000000000004,0.26250000000000007,15,3.0,False,2.3978952727983707,2.6390573296152584,0.24116205681688774,Ma2020/21,-0.13331917288305578
Ma2020,21,ts_lr,12,2.062480225809234,0.6499999999999999,0.75,,0.7425,0.72,0.7065,-0.030000000000000027,-0.022500000000000075,0.07000000000000006,15,2.0,False,2.4849066497880004,2.6390573296152584,0.15415067982725805,Ma2020/21,-0.45732683638668853
Ma2020,21,ts_lr,13,2.8002857099990965,0.4325,0.755,,0.5125,0.7525000000000001,0.7300000000000001,-0.0024999999999999467,0.2400000000000001,0.32000000000000006,15,1.0,False,2.5649493574615367,2.6390573296152584,0.07410797215372167,Ma2020/21,0.05861791946687012
Ma2020,21,ts_lr,14,1.9124880767051733,0.5875000000000001,0.79,,0.7475,0.79,0.79,0.0,0.04249999999999998,0.2024999999999999,15,0.0,True,2.6390573296152584,2.6390573296152584,0.0,Ma2020/21,-0.5622158137767381
Ma2020,22,csp_lda,1,1.994028958358384,0.5325,0.5325,0.4389999999999999,0.5325,0.5025,0.488,-0.030000000000000027,-0.030000000000000027,-0.030000000000000027,15,13.0,False,0.0,2.6390573296152584,2.6390573296152584,Ma2020/22,-0.5051945647101976
Ma2020,22,csp_lda,2,1.9602497286616425,0.505,0.5275000000000001,0.5875,0.5225,0.5325,0.5934999999999999,0.004999999999999893,0.010000000000000009,0.02749999999999997,15,12.0,False,0.6931471805599453,2.6390573296152584,1.945910149055313,Ma2020/22,-0.5288162601194467
Ma2020,22,csp_lda,3,2.691758843520234,0.515,0.4725,0.505,0.435,0.6299999999999999,0.533,0.15749999999999992,0.1949999999999999,0.11499999999999988,15,11.0,False,1.0986122886681098,2.6390573296152584,1.5404450409471486,Ma2020/22,-0.01727453298687071
Ma2020,22,csp_lda,4,1.749283192930004,0.35,0.5175000000000001,0.5825000000000001,0.665,0.515,0.531,-0.0025000000000000577,-0.15000000000000002,0.16500000000000004,15,10.0,False,1.3862943611198906,2.6390573296152584,1.2527629684953678,Ma2020/22,-0.6763444096165319
Ma2020,22,csp_lda,5,2.0825572720670884,0.515,0.3775,0.5275000000000001,0.4024999999999999,0.505,0.4674999999999999,0.1275,0.10250000000000009,-0.010000000000000009,15,9.0,False,1.6094379124341003,2.6390573296152584,1.0296194171811581,Ma2020/22,-0.44328702921292706
Ma2020,22,csp_lda,6,2.2558658027463063,0.6025,0.42,0.6,0.6725,0.6725,0.5685,0.2525,0.0,0.06999999999999995,15,8.0,False,1.791759469228055,2.6390573296152584,0.8472978603872034,Ma2020/22,-0.32209298896150246
Ma2020,22,csp_lda,7,2.910047325805783,0.515,0.285,0.5125,0.4075,0.3425,0.4135000000000001,0.05750000000000005,-0.06499999999999995,-0.1725,15,7.0,False,1.9459101490553132,2.6390573296152584,0.6931471805599452,Ma2020/22,0.13537382774214635
Ma2020,22,csp_lda,8,1.598314559963132,0.5925,0.4375,,0.67,0.505,0.533,0.0675,-0.16500000000000004,-0.08750000000000002,15,6.0,False,2.0794415416798357,2.6390573296152584,0.5596157879354227,Ma2020/22,-0.7819162387052867
Ma2020,22,csp_lda,9,1.6284285775191432,0.6925,0.43,,0.6725000000000001,0.6725,0.5654999999999999,0.2425,-1.1102230246251565e-16,-0.020000000000000018,15,5.0,False,2.1972245773362196,2.6390573296152584,0.44183275227903884,Ma2020/22,-0.7608576131343935
Ma2020,22,csp_lda,10,1.6328339497595146,0.675,0.4449999999999999,,0.56,0.4575,0.571,0.012500000000000122,-0.10250000000000004,-0.21750000000000003,15,4.0,False,2.302585092994046,2.6390573296152584,0.3364722366212125,Ma2020/22,-0.757776951965958
Ma2020,22,csp_lda,11,2.3767791182572995,0.4525,0.5049999999999999,,0.71,0.3924999999999999,0.4314999999999999,-0.11249999999999999,-0.31750000000000006,-0.06000000000000011,15,3.0,False,2.3978952727983707,2.6390573296152584,0.24116205681688774,Ma2020/22,-0.23753873667200606
Ma2020,22,csp_lda,12,1.608836027715181,0.6699999999999999,0.4649999999999999,,0.4575,0.5025,0.5335000000000001,0.03750000000000003,0.04499999999999993,-0.16749999999999998,15,2.0,False,2.4849066497880004,2.6390573296152584,0.15415067982725805,Ma2020/22,-0.7745586136579307
Ma2020,22,csp_lda,13,2.2806027210961335,0.605,0.45,,0.345,0.5549999999999999,0.5435000000000001,0.10499999999999993,0.20999999999999996,-0.050000000000000044,15,1.0,False,2.5649493574615367,2.6390573296152584,0.07410797215372167,Ma2020/22,-0.3047945497765659
Ma2020,22,csp_lda,14,3.11924555458322,0.575,0.3725,,0.475,0.3725,0.3725,0.0,-0.10249999999999998,-0.20249999999999996,15,0.0,True,2.6390573296152584,2.6390573296152584,0.0,Ma2020/22,0.2816654064637223
Ma2020,22,ts_lr,1,1.994028958358384,0.3575,0.3575,0.5229999999999999,0.3575,0.615,0.4869999999999999,0.2575,0.2575,0.2575,15,13.0,False,0.0,2.6390573296152584,2.6390573296152584,Ma2020/22,-0.5051945647101976
Ma2020,22,ts_lr,2,1.9602497286616425,0.4075,0.6075,0.6624999999999999,0.6849999999999999,0.6874999999999999,0.6275,0.07999999999999985,0.0024999999999999467,0.2799999999999999,15,12.0,False,0.6931471805599453,2.6390573296152584,1.945910149055313,Ma2020/22,-0.5288162601194467
Ma2020,22,ts_lr,3,2.691758843520234,0.5525,0.755,0.5980000000000001,0.7675000000000001,0.66,0.5534999999999999,-0.09499999999999997,-0.10750000000000004,0.10750000000000004,15,11.0,False,1.0986122886681098,2.6390573296152584,1.5404450409471486,Ma2020/22,-0.01727453298687071
Ma2020,22,ts_lr,4,1.749283192930004,0.5275,0.7675000000000001,0.548,0.7625,0.635,0.6935,-0.13250000000000006,-0.12749999999999995,0.10750000000000004,15,10.0,False,1.3862943611198906,2.6390573296152584,1.2527629684953678,Ma2020/22,-0.6763444096165319
Ma2020,22,ts_lr,5,2.0825572720670884,0.5725,0.445,0.5650000000000001,0.425,0.53,0.4225,0.08500000000000002,0.10500000000000004,-0.04249999999999998,15,9.0,False,1.6094379124341003,2.6390573296152584,1.0296194171811581,Ma2020/22,-0.44328702921292706
Ma2020,22,ts_lr,6,2.2558658027463063,0.3725,0.455,0.5720000000000001,0.4925,0.5874999999999999,0.4945,0.1324999999999999,0.09499999999999992,0.2149999999999999,15,8.0,False,1.791759469228055,2.6390573296152584,0.8472978603872034,Ma2020/22,-0.32209298896150246
Ma2020,22,ts_lr,7,2.910047325805783,0.5925,0.725,0.655,0.6174999999999999,0.6925,0.6515000000000001,-0.03249999999999997,0.07500000000000007,0.09999999999999998,15,7.0,False,1.9459101490553132,2.6390573296152584,0.6931471805599452,Ma2020/22,0.13537382774214635
Ma2020,22,ts_lr,8,1.598314559963132,0.5225,0.65,,0.6775,0.76,0.6255000000000001,0.10999999999999999,0.08250000000000002,0.23750000000000004,15,6.0,False,2.0794415416798357,2.6390573296152584,0.5596157879354227,Ma2020/22,-0.7819162387052867
Ma2020,22,ts_lr,9,1.6284285775191432,0.625,0.7749999999999999,,0.7775,0.7499999999999999,0.7220000000000001,-0.025000000000000022,-0.02750000000000008,0.12499999999999989,15,5.0,False,2.1972245773362196,2.6390573296152584,0.44183275227903884,Ma2020/22,-0.7608576131343935
Ma2020,22,ts_lr,10,1.6328339497595146,0.605,0.81,,0.6175,0.755,0.724,-0.05500000000000005,0.13749999999999996,0.15000000000000002,15,4.0,False,2.302585092994046,2.6390573296152584,0.3364722366212125,Ma2020/22,-0.757776951965958
Ma2020,22,ts_lr,11,2.3767791182572995,0.365,0.795,,0.5900000000000001,0.7575000000000001,0.7394999999999999,-0.03749999999999998,0.16749999999999998,0.39250000000000007,15,3.0,False,2.3978952727983707,2.6390573296152584,0.24116205681688774,Ma2020/22,-0.23753873667200606
Ma2020,22,ts_lr,12,1.608836027715181,0.5549999999999999,0.3625,,0.3125,0.385,0.4195,0.02250000000000002,0.07250000000000001,-0.16999999999999993,15,2.0,False,2.4849066497880004,2.6390573296152584,0.15415067982725805,Ma2020/22,-0.7745586136579307
Ma2020,22,ts_lr,13,2.2806027210961335,0.595,0.6599999999999999,,0.65,0.6275,0.634,-0.03249999999999997,-0.022500000000000075,0.03249999999999997,15,1.0,False,2.5649493574615367,2.6390573296152584,0.07410797215372167,Ma2020/22,-0.3047945497765659
Ma2020,22,ts_lr,14,3.11924555458322,0.7175,0.53,,0.4025,0.53,0.53,0.0,0.1275,-0.1875,15,0.0,True,2.6390573296152584,2.6390573296152584,0.0,Ma2020/22,0.2816654064637223
Ma2020,23,csp_lda,1,3.164027212313636,0.6325,0.6325,0.4475,0.6325,0.52,0.5905000000000001,-0.11249999999999993,-0.11249999999999993,-0.11249999999999993,15,13.0,False,0.0,2.6390573296152584,2.6390573296152584,Ma2020/23,0.31298106073783905
Ma2020,23,csp_lda,2,3.5975694768685336,0.425,0.5349999999999999,0.593,0.615,0.68,0.6504999999999999,0.14500000000000013,0.06500000000000006,0.25500000000000006,15,12.0,False,0.6931471805599453,2.6390573296152584,1.945910149055313,Ma2020/23,0.6161556272478571
Ma2020,23,csp_lda,3,3.199242230496938,0.525,0.5925,0.6695,0.6775,0.75,0.7064999999999999,0.15749999999999997,0.07250000000000001,0.22499999999999998,15,11.0,False,1.0986122886681098,2.6390573296152584,1.5404450409471486,Ma2020/23,0.33760679793863063
Ma2020,23,csp_lda,4,2.8261199749754806,0.5375,0.6325000000000001,0.5795000000000001,0.4275,0.55,0.6135,-0.08250000000000002,0.12250000000000005,0.012500000000000067,15,10.0,False,1.3862943611198906,2.6390573296152584,1.2527629684953678,Ma2020/23,0.07668372925213136
Ma2020,23,csp_lda,5,2.8782084476910907,0.3824999999999999,0.6675,0.5730000000000001,0.705,0.6975,0.6025,0.030000000000000027,-0.007499999999999951,0.3150000000000001,15,9.0,False,1.6094379124341003,2.6390573296152584,1.0296194171811581,Ma2020/23,0.11310901330589479
Ma2020,23,csp_lda,6,4.9848419142976015,0.56,0.6325000000000001,0.5995,0.6825,0.6675,0.6565,0.03499999999999992,-0.015000000000000013,0.10749999999999993,15,8.0,False,1.791759469228055,2.6390573296152584,0.8472978603872034,Ma2020/23,1.5862703178666693
Ma2020,23,csp_lda,7,2.721679976136851,0.49,0.5425,0.6575000000000001,0.5625,0.69,0.5360000000000001,0.14749999999999996,0.12749999999999995,0.19999999999999996,15,7.0,False,1.9459101490553132,2.6390573296152584,0.6931471805599452,Ma2020/23,0.003649208830653646
Ma2020,23,csp_lda,8,4.117438721512282,0.6475,0.6025,,0.5525,0.615,0.6005,0.012499999999999956,0.0625,-0.03249999999999997,15,6.0,False,2.0794415416798357,2.6390573296152584,0.5596157879354227,Ma2020/23,0.9796983444696086
Ma2020,23,csp_lda,9,4.5440516501764,0.4375,0.7425,,0.7374999999999999,0.6375,0.7295,-0.1050000000000001,-0.09999999999999998,0.19999999999999996,15,5.0,False,2.1972245773362196,2.6390573296152584,0.44183275227903884,Ma2020/23,1.2780272509906376
Ma2020,23,csp_lda,10,2.5969519544904553,0.665,0.7525,,0.72,0.715,0.7299999999999999,-0.03749999999999998,-0.0050000000000000044,0.04999999999999993,15,4.0,False,2.302585092994046,2.6390573296152584,0.3364722366212125,Ma2020/23,-0.08357265391696282
Ma2020,23,csp_lda,11,2.6827011494921567,0.5475,0.675,,0.6825,0.6375,0.678,-0.03750000000000009,-0.04500000000000004,0.08999999999999997,15,3.0,False,2.3978952727983707,2.6390573296152584,0.24116205681688774,Ma2020/23,-0.02360854626551166
Ma2020,23,csp_lda,12,2.443014076468588,0.5675,0.8175,,0.645,0.8049999999999999,0.8085000000000001,-0.012500000000000067,0.15999999999999992,0.23749999999999993,15,2.0,False,2.4849066497880004,2.6390573296152584,0.15415067982725805,Ma2020/23,-0.19122086553173143
Ma2020,23,csp_lda,13,2.131967972054051,0.51,0.7225,,0.7174999999999999,0.73,0.773,0.007499999999999951,0.012500000000000067,0.21999999999999997,15,1.0,False,2.5649493574615367,2.6390573296152584,0.07410797215372167,Ma2020/23,-0.4087343021221014
Ma2020,23,csp_lda,14,3.795036786848107,0.4325,0.65,,0.6599999999999999,0.65,0.65,0.0,-0.009999999999999898,0.21750000000000003,15,0.0,True,2.6390573296152584,2.6390573296152584,0.0,Ma2020/23,0.7542438160993408
Ma2020,23,ts_lr,1,3.164027212313636,0.6699999999999999,0.6699999999999999,0.52,0.6699999999999999,0.6950000000000001,0.71,0.025000000000000133,0.025000000000000133,0.025000000000000133,15,13.0,False,0.0,2.6390573296152584,2.6390573296152584,Ma2020/23,0.31298106073783905
Ma2020,23,ts_lr,2,3.5975694768685336,0.645,0.6749999999999999,0.639,0.6725,0.7025,0.6735,0.02750000000000008,0.030000000000000027,0.057499999999999996,15,12.0,False,0.6931471805599453,2.6390573296152584,1.945910149055313,Ma2020/23,0.6161556272478571
Ma2020,23,ts_lr,3,3.199242230496938,0.6950000000000001,0.6975,0.7165,0.6875,0.8525,0.734,0.15500000000000003,0.16500000000000004,0.15749999999999997,15,11.0,False,1.0986122886681098,2.6390573296152584,1.5404450409471486,Ma2020/23,0.33760679793863063
Ma2020,23,ts_lr,4,2.8261199749754806,0.6525,0.6225,0.6244999999999999,0.625,0.7075,0.5775,0.08499999999999996,0.08250000000000002,0.05500000000000005,15,10.0,False,1.3862943611198906,2.6390573296152584,1.2527629684953678,Ma2020/23,0.07668372925213136
Ma2020,23,ts_lr,5,2.8782084476910907,0.5575,0.7575,0.593,0.6675,0.7125,0.6435,-0.04499999999999993,0.04500000000000004,0.15500000000000003,15,9.0,False,1.6094379124341003,2.6390573296152584,1.0296194171811581,Ma2020/23,0.11310901330589479
Ma2020,23,ts_lr,6,4.9848419142976015,0.56,0.7050000000000001,0.6970000000000001,0.6325,0.7725,0.7120000000000001,0.0674999999999999,0.14,0.2124999999999999,15,8.0,False,1.791759469228055,2.6390573296152584,0.8472978603872034,Ma2020/23,1.5862703178666693
Ma2020,23,ts_lr,7,2.721679976136851,0.535,0.6275000000000001,0.8,0.635,0.8125,0.7034999999999999,0.18499999999999994,0.1775,0.27749999999999997,15,7.0,False,1.9459101490553132,2.6390573296152584,0.6931471805599452,Ma2020/23,0.003649208830653646
Ma2020,23,ts_lr,8,4.117438721512282,0.5975000000000001,0.6725,,0.6299999999999999,0.7949999999999999,0.765,0.12249999999999994,0.16500000000000004,0.1974999999999998,15,6.0,False,2.0794415416798357,2.6390573296152584,0.5596157879354227,Ma2020/23,0.9796983444696086
Ma2020,23,ts_lr,9,4.5440516501764,0.5875,0.7425,,0.7625,0.8175,0.7935000000000001,0.07499999999999996,0.05500000000000005,0.22999999999999998,15,5.0,False,2.1972245773362196,2.6390573296152584,0.44183275227903884,Ma2020/23,1.2780272509906376
Ma2020,23,ts_lr,10,2.5969519544904553,0.6075,0.7475,,0.7399999999999999,0.81,0.7999999999999999,0.0625,0.07000000000000017,0.2025,15,4.0,False,2.302585092994046,2.6390573296152584,0.3364722366212125,Ma2020/23,-0.08357265391696282
Ma2020,23,ts_lr,11,2.6827011494921567,0.56,0.65,,0.69,0.765,0.7489999999999999,0.11499999999999999,0.07500000000000007,0.20499999999999996,15,3.0,False,2.3978952727983707,2.6390573296152584,0.24116205681688774,Ma2020/23,-0.02360854626551166
Ma2020,23,ts_lr,12,2.443014076468588,0.7075,0.9075,,0.7025,0.88,0.8690000000000001,-0.02749999999999997,0.1775,0.1725,15,2.0,False,2.4849066497880004,2.6390573296152584,0.15415067982725805,Ma2020/23,-0.19122086553173143
Ma2020,23,ts_lr,13,2.131967972054051,0.4624999999999999,0.71,,0.5874999999999999,0.7925,0.7775,0.08250000000000002,0.20500000000000007,0.33000000000000007,15,1.0,False,2.5649493574615367,2.6390573296152584,0.07410797215372167,Ma2020/23,-0.4087343021221014
Ma2020,23,ts_lr,14,3.795036786848107,0.4999999999999999,0.7625,,0.7949999999999999,0.7625,0.7625,0.0,-0.03249999999999997,0.26250000000000007,15,0.0,True,2.6390573296152584,2.6390573296152584,0.0,Ma2020/23,0.7542438160993408
Ma2020,24,csp_lda,1,3.372014735044171,0.8025,0.8025,0.5914999999999999,0.8025,0.835,0.6665000000000001,0.03249999999999997,0.03249999999999997,0.03249999999999997,15,13.0,False,0.0,2.6390573296152584,2.6390573296152584,Ma2020/24,0.4584259970188735
Ma2020,24,csp_lda,2,2.8823178208293454,0.855,0.895,0.8790000000000001,0.6275000000000001,0.9575,0.9275,0.0625,0.32999999999999996,0.10250000000000004,15,12.0,False,0.6931471805599453,2.6390573296152584,1.945910149055313,Ma2020/24,0.11598268335302929
Ma2020,24,csp_lda,3,4.528753378484281,0.865,0.98,0.9285,0.9325,0.9575,0.907,-0.022499999999999964,0.025000000000000022,0.09250000000000003,15,11.0,False,1.0986122886681098,2.6390573296152584,1.5404450409471486,Ma2020/24,1.267329223905845
Ma2020,24,csp_lda,4,3.668812536497186,0.8574999999999999,0.8625,0.805,0.7675,0.8325,0.8035,-0.030000000000000027,0.06500000000000006,-0.02499999999999991,15,10.0,False,1.3862943611198906,2.6390573296152584,1.2527629684953678,Ma2020/24,0.6659756459303242
Ma2020,24,csp_lda,5,1.924066137749661,0.845,0.8125000000000001,0.82,0.7625,0.87,0.807,0.057499999999999885,0.10750000000000004,0.025000000000000022,15,9.0,False,1.6094379124341003,2.6390573296152584,1.0296194171811581,Ma2020/24,-0.5541193167909301
Ma2020,24,csp_lda,6,2.8435120916933982,0.96,0.92,0.867,0.8825,0.92,0.9085,0.0,0.03750000000000009,-0.039999999999999925,15,8.0,False,1.791759469228055,2.6390573296152584,0.8472978603872034,Ma2020/24,0.08884597473022739
Ma2020,24,csp_lda,7,2.30826491371584,0.8674999999999999,0.8674999999999999,0.915,0.9625,0.9575,0.922,0.09000000000000008,-0.0050000000000000044,0.09000000000000008,15,7.0,False,1.9459101490553132,2.6390573296152584,0.6931471805599452,Ma2020/24,-0.2854504766795489
Ma2020,24,csp_lda,8,4.0540298413069795,0.7949999999999999,0.8775,,0.72,0.9275,0.9469999999999998,0.050000000000000044,0.20750000000000002,0.13250000000000006,15,6.0,False,2.0794415416798357,2.6390573296152584,0.5596157879354227,Ma2020/24,0.9353567396462247
Ma2020,24,csp_lda,9,4.552259653041667,0.605,0.8775,,0.8225,0.8775000000000001,0.8724999999999999,1.1102230246251565e-16,0.05500000000000005,0.2725000000000001,15,5.0,False,2.1972245773362196,2.6390573296152584,0.44183275227903884,Ma2020/24,1.2837670782555644
Ma2020,24,csp_lda,10,4.172557973242847,0.9675,0.9575,,0.855,0.96,0.912,0.0024999999999999467,0.10499999999999998,-0.007500000000000062,15,4.0,False,2.302585092994046,2.6390573296152584,0.3364722366212125,Ma2020/24,1.018243041529137
Ma2020,24,csp_lda,11,4.379836827117627,0.7675,0.86,,0.8475,0.865,0.881,0.0050000000000000044,0.01749999999999996,0.09750000000000003,15,3.0,False,2.3978952727983707,2.6390573296152584,0.24116205681688774,Ma2020/24,1.1631924081951466
Ma2020,24,csp_lda,12,7.203211524008583,0.855,0.905,,0.685,0.9075,0.901,0.0024999999999999467,0.22249999999999992,0.05249999999999999,15,2.0,False,2.4849066497880004,2.6390573296152584,0.15415067982725805,Ma2020/24,3.137568310632406
Ma2020,24,csp_lda,13,5.472760547655023,0.905,0.92,,0.845,0.925,0.9135,0.0050000000000000044,0.08000000000000007,0.020000000000000018,15,1.0,False,2.5649493574615367,2.6390573296152584,0.07410797215372167,Ma2020/24,1.9274700860419023
Ma2020,24,csp_lda,14,4.227725585700635,0.93,0.955,,0.8049999999999999,0.955,0.955,0.0,0.15000000000000002,0.02499999999999991,15,0.0,True,2.6390573296152584,2.6390573296152584,0.0,Ma2020/24,1.0568215570735306
Ma2020,24,ts_lr,1,3.372014735044171,0.7075,0.7075,0.5835,0.7075,0.81,0.6165,0.10250000000000004,0.10250000000000004,0.10250000000000004,15,13.0,False,0.0,2.6390573296152584,2.6390573296152584,Ma2020/24,0.4584259970188735
Ma2020,24,ts_lr,2,2.8823178208293454,0.74,0.8,0.8504999999999999,0.765,0.9,0.8854999999999998,0.09999999999999998,0.135,0.16000000000000003,15,12.0,False,0.6931471805599453,2.6390573296152584,1.945910149055313,Ma2020/24,0.11598268335302929
Ma2020,24,ts_lr,3,4.528753378484281,0.705,0.9275,0.9465,0.94,0.9575,0.9335,0.030000000000000027,0.01750000000000007,0.25250000000000006,15,11.0,False,1.0986122886681098,2.6390573296152584,1.5404450409471486,Ma2020/24,1.267329223905845
Ma2020,24,ts_lr,4,3.668812536497186,0.675,0.8275,0.8344999999999999,0.7849999999999999,0.8624999999999999,0.8275,0.03499999999999992,0.07750000000000001,0.1874999999999999,15,10.0,False,1.3862943611198906,2.6390573296152584,1.2527629684953678,Ma2020/24,0.6659756459303242
Ma2020,24,ts_lr,5,1.924066137749661,0.675,0.8,0.8379999999999999,0.7224999999999999,0.835,0.8315000000000001,0.03499999999999992,0.11250000000000004,0.15999999999999992,15,9.0,False,1.6094379124341003,2.6390573296152584,1.0296194171811581,Ma2020/24,-0.5541193167909301
Ma2020,24,ts_lr,6,2.8435120916933982,0.635,0.93,0.9225,0.8325,0.92,0.912,-0.010000000000000009,0.08750000000000002,0.28500000000000003,15,8.0,False,1.791759469228055,2.6390573296152584,0.8472978603872034,Ma2020/24,0.08884597473022739
Ma2020,24,ts_lr,7,2.30826491371584,0.6425000000000001,0.9575,0.9525,0.66,0.9775,0.9585,0.020000000000000018,0.3175,0.33499999999999996,15,7.0,False,1.9459101490553132,2.6390573296152584,0.6931471805599452,Ma2020/24,-0.2854504766795489
Ma2020,24,ts_lr,8,4.0540298413069795,0.5575,0.915,,0.7175,0.9125,0.9195,-0.0025000000000000577,0.19499999999999995,0.355,15,6.0,False,2.0794415416798357,2.6390573296152584,0.5596157879354227,Ma2020/24,0.9353567396462247
Ma2020,24,ts_lr,9,4.552259653041667,0.6924999999999999,0.8875,,0.74,0.9225,0.9165,0.03500000000000003,0.1825,0.2300000000000001,15,5.0,False,2.1972245773362196,2.6390573296152584,0.44183275227903884,Ma2020/24,1.2837670782555644
Ma2020,24,ts_lr,10,4.172557973242847,0.7075,0.975,,0.8525,0.9825,0.9635,0.007500000000000062,0.13,0.275,15,4.0,False,2.302585092994046,2.6390573296152584,0.3364722366212125,Ma2020/24,1.018243041529137
Ma2020,24,ts_lr,11,4.379836827117627,0.7025,0.8925,,0.8225,0.8975,0.902,0.0050000000000000044,0.07499999999999996,0.19499999999999995,15,3.0,False,2.3978952727983707,2.6390573296152584,0.24116205681688774,Ma2020/24,1.1631924081951466
Ma2020,24,ts_lr,12,7.203211524008583,0.695,0.8975,,0.8075,0.925,0.9275,0.02750000000000008,0.11750000000000005,0.2300000000000001,15,2.0,False,2.4849066497880004,2.6390573296152584,0.15415067982725805,Ma2020/24,3.137568310632406
Ma2020,24,ts_lr,13,5.472760547655023,0.77,0.9325,,0.88,0.9475,0.9405,0.015000000000000013,0.0675,0.1775,15,1.0,False,2.5649493574615367,2.6390573296152584,0.07410797215372167,Ma2020/24,1.9274700860419023
Ma2020,24,ts_lr,14,4.227725585700635,0.7075,0.9675,,0.9075,0.9675,0.9675,0.0,0.06000000000000005,0.26,15,0.0,True,2.6390573296152584,2.6390573296152584,0.0,Ma2020/24,1.0568215570735306
Ma2020,25,csp_lda,1,3.0939958614599647,0.55,0.55,0.6415,0.55,0.8524999999999999,0.6605000000000001,0.3024999999999999,0.3024999999999999,0.3024999999999999,15,13.0,False,0.0,2.6390573296152584,2.6390573296152584,Ma2020/25,0.26400838570009943
Ma2020,25,csp_lda,2,4.9131932441286255,0.725,0.695,0.6910000000000001,0.6425,0.8099999999999999,0.6725000000000001,0.11499999999999999,0.16749999999999998,0.08499999999999996,15,12.0,False,0.6931471805599453,2.6390573296152584,1.945910149055313,Ma2020/25,1.5361666571732884
Ma2020,25,csp_lda,3,3.903042311461684,0.7275,0.8325,0.796,0.6525,0.8875,0.8265,0.05499999999999994,0.235,0.15999999999999992,15,11.0,False,1.0986122886681098,2.6390573296152584,1.5404450409471486,Ma2020/25,0.8297716960374729
Ma2020,25,csp_lda,4,2.805830647605201,0.5987500000000001,0.79,0.775,0.7375,0.7175,0.706,-0.07250000000000001,-0.020000000000000018,0.11874999999999991,15,10.0,False,1.3862943611198906,2.6390573296152584,1.2527629684953678,Ma2020/25,0.06249547465005781
Ma2020,25,csp_lda,5,2.5603697934236744,0.56875,0.7675000000000001,0.7025,0.725,0.8325,0.751,0.06499999999999995,0.10750000000000004,0.26375000000000004,15,9.0,False,1.6094379124341003,2.6390573296152584,1.0296194171811581,Ma2020/25,-0.10915442928275668
Ma2020,25,csp_lda,6,5.686550122716423,0.655,0.7825,0.6575,0.6275000000000001,0.75,0.75,-0.03249999999999997,0.12249999999999994,0.09499999999999997,15,8.0,False,1.791759469228055,2.6390573296152584,0.8472978603872034,Ma2020/25,2.076972376920382
Ma2020,25,csp_lda,7,2.942495005240097,0.55375,0.7899999999999999,0.72,0.49,0.6525000000000001,0.6885,-0.13749999999999984,0.1625000000000001,0.09875000000000012,15,7.0,False,1.9459101490553132,2.6390573296152584,0.6931471805599452,Ma2020/25,0.15806437477993932
Ma2020,25,csp_lda,8,3.293468625985623,0.6825,0.71,,0.8425,0.6025,0.6695,-0.10749999999999993,-0.24,-0.07999999999999996,15,6.0,False,2.0794415416798357,2.6390573296152584,0.5596157879354227,Ma2020/25,0.4034989817962124
Ma2020,25,csp_lda,9,2.2200516701286848,0.62125,0.8049999999999999,,0.8425,0.8125,0.8119999999999999,0.007500000000000062,-0.030000000000000027,0.19125000000000003,15,5.0,False,2.1972245773362196,2.6390573296152584,0.44183275227903884,Ma2020/25,-0.3471376847593324
Ma2020,25,csp_lda,10,2.599331772026182,0.4837499999999999,0.7825,,0.7025,0.695,0.7219999999999999,-0.08750000000000002,-0.007500000000000062,0.21125000000000005,15,4.0,False,2.302585092994046,2.6390573296152584,0.3364722366212125,Ma2020/25,-0.08190845596268129
Ma2020,25,csp_lda,11,2.5799987454247595,0.4475,0.645,,0.6400000000000001,0.6425000000000001,0.6175,-0.0024999999999999467,0.0024999999999999467,0.19500000000000006,15,3.0,False,2.3978952727983707,2.6390573296152584,0.24116205681688774,Ma2020/25,-0.09542797283200073
Ma2020,25,csp_lda,12,2.8558903000053526,0.61,0.6825,,0.69,0.895,0.8205,0.21250000000000002,0.20500000000000007,0.28500000000000003,15,2.0,False,2.4849066497880004,2.6390573296152584,0.15415067982725805,Ma2020/25,0.09750201185961842
Ma2020,25,csp_lda,13,2.8382075932906643,0.6012500000000001,0.7525,,0.6725000000000001,0.775,0.7455,0.022500000000000075,0.10249999999999992,0.17374999999999996,15,1.0,False,2.5649493574615367,2.6390573296152584,0.07410797215372167,Ma2020/25,0.08513655782838733
Ma2020,25,csp_lda,14,3.8663404476153698,0.49,0.795,,0.7225,0.795,0.795,0.0,0.07250000000000001,0.30500000000000005,15,0.0,True,2.6390573296152584,2.6390573296152584,0.0,Ma2020/25,0.8041062129429013
Ma2020,25,ts_lr,1,3.0939958614599647,0.66,0.66,0.7155000000000001,0.66,0.765,0.742,0.10499999999999998,0.10499999999999998,0.10499999999999998,15,13.0,False,0.0,2.6390573296152584,2.6390573296152584,Ma2020/25,0.26400838570009943
Ma2020,25,ts_lr,2,4.9131932441286255,0.6675,0.74,0.7125,0.7150000000000001,0.8025,0.6975,0.0625,0.08749999999999991,0.135,15,12.0,False,0.6931471805599453,2.6390573296152584,1.945910149055313,Ma2020/25,1.5361666571732884
Ma2020,25,ts_lr,3,3.903042311461684,0.7825000000000001,0.7875,0.7994999999999999,0.7025,0.8875,0.8045,0.09999999999999998,0.18499999999999994,0.10499999999999987,15,11.0,False,1.0986122886681098,2.6390573296152584,1.5404450409471486,Ma2020/25,0.8297716960374729
Ma2020,25,ts_lr,4,2.805830647605201,0.6499999999999999,0.7375,0.8125,0.6925,0.865,0.813,0.12749999999999995,0.1725,0.21500000000000008,15,10.0,False,1.3862943611198906,2.6390573296152584,1.2527629684953678,Ma2020/25,0.06249547465005781
Ma2020,25,ts_lr,5,2.5603697934236744,0.7050000000000001,0.6875,0.7989999999999999,0.65,0.7675,0.7565,0.07999999999999996,0.11749999999999994,0.06249999999999989,15,9.0,False,1.6094379124341003,2.6390573296152584,1.0296194171811581,Ma2020/25,-0.10915442928275668
Ma2020,25,ts_lr,6,5.686550122716423,0.51,0.71,0.8385,0.635,0.805,0.7769999999999999,0.09500000000000008,0.17000000000000004,0.29500000000000004,15,8.0,False,1.791759469228055,2.6390573296152584,0.8472978603872034,Ma2020/25,2.076972376920382
Ma2020,25,ts_lr,7,2.942495005240097,0.535,0.7474999999999999,0.8274999999999999,0.61,0.8375,0.7954999999999999,0.09000000000000008,0.22750000000000004,0.3025,15,7.0,False,1.9459101490553132,2.6390573296152584,0.6931471805599452,Ma2020/25,0.15806437477993932
Ma2020,25,ts_lr,8,3.293468625985623,0.4775,0.725,,0.905,0.8325,0.7985,0.10750000000000004,-0.07250000000000001,0.35500000000000004,15,6.0,False,2.0794415416798357,2.6390573296152584,0.5596157879354227,Ma2020/25,0.4034989817962124
Ma2020,25,ts_lr,9,2.2200516701286848,0.63,0.8975,,0.885,0.95,0.9455,0.05249999999999999,0.06499999999999995,0.31999999999999995,15,5.0,False,2.1972245773362196,2.6390573296152584,0.44183275227903884,Ma2020/25,-0.3471376847593324
Ma2020,25,ts_lr,10,2.599331772026182,0.48,0.8450000000000001,,0.6275,0.7975,0.78,-0.0475000000000001,0.17000000000000004,0.3175,15,4.0,False,2.302585092994046,2.6390573296152584,0.3364722366212125,Ma2020/25,-0.08190845596268129
Ma2020,25,ts_lr,11,2.5799987454247595,0.5425,0.6950000000000001,,0.6425000000000001,0.7150000000000001,0.7060000000000001,0.020000000000000018,0.07250000000000001,0.1725000000000001,15,3.0,False,2.3978952727983707,2.6390573296152584,0.24116205681688774,Ma2020/25,-0.09542797283200073
Ma2020,25,ts_lr,12,2.8558903000053526,0.65,0.8725,,0.6499999999999999,0.87,0.8525,-0.0025000000000000577,0.22000000000000008,0.21999999999999997,15,2.0,False,2.4849066497880004,2.6390573296152584,0.15415067982725805,Ma2020/25,0.09750201185961842
Ma2020,25,ts_lr,13,2.8382075932906643,0.6225,0.7925000000000001,,0.6025,0.7975000000000001,0.8049999999999999,0.0050000000000000044,0.19500000000000006,0.17500000000000004,15,1.0,False,2.5649493574615367,2.6390573296152584,0.07410797215372167,Ma2020/25,0.08513655782838733
Ma2020,25,ts_lr,14,3.8663404476153698,0.605,0.835,,0.64,0.835,0.835,0.0,0.19499999999999995,0.22999999999999998,15,0.0,True,2.6390573296152584,2.6390573296152584,0.0,Ma2020/25,0.8041062129429013
Stieger2021,1,csp_lda,1,4.20206399220802,0.5541795665634676,0.5541795665634676,0.6630030959752322,0.5541795665634676,0.6602167182662538,0.6528379772961818,0.10603715170278627,0.10603715170278627,0.10603715170278627,11,9.0,False,0.0,2.302585092994046,2.302585092994046,Stieger2021/1,-1.469570039353179
Stieger2021,1,csp_lda,2,5.544659756809984,0.6052370561396548,0.6425312438008332,0.633168022217814,0.7889307677048205,0.6655425510811348,0.643007339813529,0.02301130728030165,-0.12338821662368571,0.060305494941479965,11,8.0,False,0.6931471805599453,2.302585092994046,1.6094379124341005,Stieger2021/1,-0.732259677508474
Stieger2021,1,csp_lda,3,7.203957589115194,0.6787301587301587,0.648888888888889,0.6257142857142857,0.9526984126984128,0.8796825396825396,0.780888888888889,0.23079365079365066,-0.0730158730158732,0.20095238095238088,11,7.0,False,1.0986122886681098,2.302585092994046,1.2039728043259361,Stieger2021/1,0.17897326199643543
Stieger2021,1,csp_lda,4,5.072156680053064,0.6128456735057984,0.6409455842997324,0.6892060660124889,0.8365298840321141,0.6034790365744872,0.6288135593220339,-0.03746654772524516,-0.23305084745762694,-0.009366636931311234,11,6.0,False,1.3862943611198906,2.302585092994046,0.9162907318741553,Stieger2021/1,-0.9917431524914779
Stieger2021,1,csp_lda,5,5.228679733231401,0.5739750445632799,0.5609031491384432,0.4554367201426025,0.779263220439691,0.7849079025549613,0.6383244206773618,0.22400475341651815,0.005644682115270361,0.2109328579916815,11,5.0,False,1.6094379124341003,2.302585092994046,0.6931471805599456,Stieger2021/1,-0.9057857317854985
Stieger2021,1,csp_lda,6,4.376546789790849,0.6344537815126051,0.8410364145658265,,0.6482259570494865,0.7140522875816994,0.6811858076563959,-0.1269841269841271,0.06582633053221287,0.07959850606909424,11,4.0,False,1.791759469228055,2.302585092994046,0.5108256237659909,Stieger2021/1,-1.373749705330591
Stieger2021,1,csp_lda,7,6.0783701246757165,0.5548549810844894,0.7424337957124842,,0.8332282471626734,0.618221941992434,0.6394703656998739,-0.12421185372005028,-0.21500630517023944,0.06336696090794458,11,3.0,False,1.9459101490553132,2.302585092994046,0.35667494393873267,Stieger2021/1,-0.439163129145671
Stieger2021,1,csp_lda,8,6.610400633474907,0.5518322082931533,0.7692864030858244,,0.4585342333654773,0.8153326904532305,0.7430568948891032,0.046046287367406125,0.35679845708775326,0.26350048216007727,11,2.0,False,2.0794415416798357,2.302585092994046,0.22314355131421015,Stieger2021/1,-0.14698910529013684
Stieger2021,1,csp_lda,9,6.108116515771187,0.621870882740448,0.7737154150197629,,0.5843214756258235,0.8102766798418972,0.7843873517786563,0.03656126482213429,0.22595520421607374,0.18840579710144922,11,1.0,False,2.1972245773362196,2.302585092994046,0.10536051565782634,Stieger2021/1,-0.42282736900071183
Stieger2021,1,csp_lda,10,4.2337224135283495,0.5388418079096046,0.7551789077212806,,0.9383239171374764,0.7551789077212806,0.7551789077212806,0.0,-0.18314500941619583,0.21633709981167604,11,0.0,True,2.302585092994046,2.302585092994046,0.0,Stieger2021/1,-1.4521842537768
Stieger2021,1,eegnet,1,4.20206399220802,0.4958720330237358,0.4958720330237358,,0.4958720330237358,0.956140350877193,,0.4602683178534572,0.4602683178534572,0.4602683178534572,11,9.0,False,0.0,2.302585092994046,2.302585092994046,Stieger2021/1,-1.469570039353179
Stieger2021,1,eegnet,2,5.544659756809984,0.5830192422138465,0.8494346359849236,,0.5631819083515175,0.9539773854393968,,0.10454274945447317,0.3907954770878793,0.3709581432255503,11,8.0,False,0.6931471805599453,2.302585092994046,1.6094379124341005,Stieger2021/1,-0.732259677508474
Stieger2021,1,eegnet,3,7.203957589115194,0.6079365079365079,0.9565079365079364,,0.5625396825396826,0.9812698412698412,,0.024761904761904763,0.4187301587301586,0.3733333333333333,11,7.0,False,1.0986122886681098,2.302585092994046,1.2039728043259361,Stieger2021/1,0.17897326199643543
Stieger2021,1,eegnet,4,5.072156680053064,0.6367082961641392,0.9243978590544156,,0.7818911685994647,0.9722346119536128,,0.0478367528991972,0.1903434433541481,0.3355263157894737,11,6.0,False,1.3862943611198906,2.302585092994046,0.9162907318741553,Stieger2021/1,-0.9917431524914779
Stieger2021,1,eegnet,5,5.228679733231401,0.5926916221033869,0.9105763517528224,,0.6672608437314319,0.9830659536541888,,0.07248960190136644,0.3158051099227569,0.3903743315508019,11,5.0,False,1.6094379124341003,2.302585092994046,0.6931471805599456,Stieger2021/1,-0.9057857317854985
Stieger2021,1,eegnet,6,4.376546789790849,0.5499533146591971,0.9824929971988796,,0.8550420168067228,0.9969654528478058,,0.014472455648926186,0.14192343604108304,0.44701213818860874,11,4.0,False,1.791759469228055,2.302585092994046,0.5108256237659909,Stieger2021/1,-1.373749705330591
Stieger2021,1,eegnet,7,6.0783701246757165,0.6478562421185372,0.8981715006305171,,0.7963430012610341,0.9153530895334174,,0.017181588902900335,0.11901008827238335,0.2674968474148802,11,3.0,False,1.9459101490553132,2.302585092994046,0.35667494393873267,Stieger2021/1,-0.439163129145671
Stieger2021,1,eegnet,8,6.610400633474907,0.4739633558341369,0.9334619093539056,,0.5320636451301832,0.9631147540983608,,0.029652844744455176,0.43105110896817755,0.4891513982642239,11,2.0,False,2.0794415416798357,2.302585092994046,0.22314355131421015,Stieger2021/1,-0.14698910529013684
Stieger2021,1,eegnet,9,6.108116515771187,0.6057312252964426,0.9986824769433466,,0.8274044795783927,0.99901185770751,,0.00032938076416344497,0.1716073781291173,0.39328063241106737,11,1.0,False,2.1972245773362196,2.302585092994046,0.10536051565782634,Stieger2021/1,-0.42282736900071183
Stieger2021,1,eegnet,10,4.2337224135283495,0.7149246704331449,0.9927024482109228,,0.8855932203389829,0.9927024482109228,,0.0,0.10710922787193988,0.2777777777777779,11,0.0,True,2.302585092994046,2.302585092994046,0.0,Stieger2021/1,-1.4521842537768
Stieger2021,1,ts_lr,1,4.20206399220802,0.8132094943240454,0.8132094943240454,0.7106295149638804,0.8132094943240454,0.8655830753353974,0.8108875128998967,0.05237358101135192,0.05237358101135192,0.05237358101135192,11,9.0,False,0.0,2.302585092994046,2.302585092994046,Stieger2021/1,-1.469570039353179
Stieger2021,1,ts_lr,2,5.544659756809984,0.8514183693711564,0.9031938107518348,0.8149176750644713,0.8688752231700059,0.9186669311644516,0.8390795477087879,0.015473120412616836,0.049791707994445766,0.06724856179329519,11,8.0,False,0.6931471805599453,2.302585092994046,1.6094379124341005,Stieger2021/1,-0.732259677508474
Stieger2021,1,ts_lr,3,7.203957589115194,0.8571428571428572,0.9184126984126983,0.9793015873015872,0.932063492063492,0.9847619047619048,0.980126984126984,0.06634920634920649,0.0526984126984128,0.12761904761904763,11,7.0,False,1.0986122886681098,2.302585092994046,1.2039728043259361,Stieger2021/1,0.17897326199643543
Stieger2021,1,ts_lr,4,5.072156680053064,0.7725245316681535,0.8487957181088315,0.897457627118644,0.8958519179304192,0.9020963425512936,0.8818019625334521,0.053300624442462086,0.006244424620874378,0.12957181088314007,11,6.0,False,1.3862943611198906,2.302585092994046,0.9162907318741553,Stieger2021/1,-0.9917431524914779
Stieger2021,1,ts_lr,5,5.228679733231401,0.6108140225787285,0.9147355912061794,0.9521687462863934,0.9382055852644088,0.9539512774806892,0.9390374331550804,0.039215686274509776,0.015745692216280416,0.3431372549019607,11,5.0,False,1.6094379124341003,2.302585092994046,0.6931471805599456,Stieger2021/1,-0.9057857317854985
Stieger2021,1,ts_lr,6,4.376546789790849,0.7838468720821662,0.9897292250233428,,0.9642857142857144,0.9934640522875816,0.9914098972922504,0.0037348272642387936,0.0291783380018672,0.20961718020541542,11,4.0,False,1.791759469228055,2.302585092994046,0.5108256237659909,Stieger2021/1,-1.373749705330591
Stieger2021,1,ts_lr,7,6.0783701246757165,0.7197351828499369,0.901639344262295,,0.8600252206809583,0.9029003783102144,0.8836696090794451,0.0012610340479194404,0.04287515762925609,0.18316519546027754,11,3.0,False,1.9459101490553132,2.302585092994046,0.35667494393873267,Stieger2021/1,-0.439163129145671
Stieger2021,1,ts_lr,8,6.610400633474907,0.7596432015429122,0.9570877531340404,,0.9399710703953712,0.9534715525554484,0.9463355834136934,-0.0036162005785920215,0.013500482160077154,0.19382835101253615,11,2.0,False,2.0794415416798357,2.302585092994046,0.22314355131421015,Stieger2021/1,-0.14698910529013684
Stieger2021,1,ts_lr,9,6.108116515771187,0.9258893280632412,0.9841897233201582,,0.9258893280632412,0.9868247694334652,0.982806324110672,0.0026350461133070047,0.060935441370224,0.060935441370224,11,1.0,False,2.1972245773362196,2.302585092994046,0.10536051565782634,Stieger2021/1,-0.42282736900071183
Stieger2021,1,ts_lr,10,4.2337224135283495,0.9258474576271186,0.9823446327683616,,0.9656308851224106,0.9823446327683616,0.9823446327683616,0.0,0.016713747645951016,0.05649717514124297,11,0.0,True,2.302585092994046,2.302585092994046,0.0,Stieger2021/1,-1.4521842537768
Stieger2021,2,csp_lda,1,7.481335136015209,0.753416018499054,0.753416018499054,0.74235862938827,0.753416018499054,0.791044776119403,0.6935883960479294,0.03762875762034901,0.03762875762034901,0.03762875762034901,11,9.0,False,0.0,2.302585092994046,2.302585092994046,Stieger2021/2,0.331300079095459
Stieger2021,2,csp_lda,2,7.388663454728338,0.8968888888888888,0.9284444444444444,0.8644444444444443,0.448,0.9526666666666668,0.8923555555555553,0.024222222222222367,0.5046666666666668,0.055777777777777926,11,8.0,False,0.6931471805599453,2.302585092994046,1.6094379124341005,Stieger2021/2,0.2804077757947426
Stieger2021,2,csp_lda,3,3.958197763149093,0.7966428709241752,0.9102836195253714,0.9107080841211652,0.9087401119043024,0.92089523442022,0.9260659849508008,0.010611614894848631,0.01215512251591766,0.12425236349604485,11,7.0,False,1.0986122886681098,2.302585092994046,1.2039728043259361,Stieger2021/2,-1.6034935197705682
Stieger2021,2,csp_lda,4,7.308918986602344,0.9176570458404076,0.9104414261460102,0.8628183361629882,0.872453310696095,0.9187181663837012,0.904414261460102,0.008276740237690983,0.04626485568760619,0.0010611205432935478,11,6.0,False,1.3862943611198906,2.302585092994046,0.9162907318741553,Stieger2021/2,0.2366146817009881
Stieger2021,2,csp_lda,5,6.707113967333172,0.692258064516129,0.7197849462365593,0.7367741935483872,0.6520430107526881,0.7608602150537634,0.7131182795698925,0.041075268817204136,0.10881720430107533,0.06860215053763441,11,5.0,False,1.6094379124341003,2.302585092994046,0.6931471805599456,Stieger2021/2,-0.09387725653990181
Stieger2021,2,csp_lda,6,3.721930105088511,0.8645130183220829,0.9074252651880425,,0.6251205400192863,0.906702025072324,0.8869816779170684,-0.0007232401157184487,0.2815814850530377,0.042189006750241065,11,4.0,False,1.791759469228055,2.302585092994046,0.5108256237659909,Stieger2021/2,-1.733244109672432
Stieger2021,2,csp_lda,7,3.4453541200480915,0.7243414120126449,0.8512118018967334,,0.7801896733403584,0.8482613277133825,0.8397049525816648,-0.0029504741833509263,0.06807165437302409,0.12391991570073757,11,3.0,False,1.9459101490553132,2.302585092994046,0.35667494393873267,Stieger2021/2,-1.8851307348087507
Stieger2021,2,csp_lda,8,2.452894629553019,0.8174700269146072,0.9334475165157816,,0.6983117200880842,0.9380964032297529,0.9326156104722292,0.004648886713971234,0.23978468314166868,0.12062637631514561,11,2.0,False,2.0794415416798357,2.302585092994046,0.22314355131421015,Stieger2021/2,-2.430157529430044
Stieger2021,2,csp_lda,9,2.400319574338778,0.7462626262626262,0.8056565656565656,,0.7703030303030303,0.7967676767676768,0.7859393939393939,-0.008888888888888835,0.026464646464646524,0.05050505050505061,11,1.0,False,2.1972245773362196,2.302585092994046,0.10536051565782634,Stieger2021/2,-2.4590300568176975
Stieger2021,2,csp_lda,10,2.3797700963556916,0.7878852739726028,0.907320205479452,,0.7024828767123287,0.907320205479452,0.907320205479452,0.0,0.20483732876712335,0.11943493150684925,11,0.0,True,2.302585092994046,2.302585092994046,0.0,Stieger2021/2,-2.4703151684253015
Stieger2021,2,eegnet,1,7.481335136015209,0.6260248055497163,0.6260248055497163,,0.6260248055497163,0.9043514820264872,,0.2783266764767709,0.2783266764767709,0.2783266764767709,11,9.0,False,0.0,2.302585092994046,2.302585092994046,Stieger2021/2,0.331300079095459
Stieger2021,2,eegnet,2,7.388663454728338,0.6806666666666666,0.7013333333333333,,0.482,0.9635555555555556,,0.26222222222222236,0.4815555555555556,0.28288888888888897,11,8.0,False,0.6931471805599453,2.302585092994046,1.6094379124341005,Stieger2021/2,0.2804077757947426
Stieger2021,2,eegnet,3,3.958197763149093,0.6885973374493537,0.8429480995562416,,0.515338606984372,0.9677792784101872,,0.12483117885394557,0.45244067142581523,0.2791819409608335,11,7.0,False,1.0986122886681098,2.302585092994046,1.2039728043259361,Stieger2021/2,-1.6034935197705682
Stieger2021,2,eegnet,4,7.308918986602344,0.6852716468590833,0.884974533106961,,0.7610356536502547,0.965195246179966,,0.08022071307300505,0.20415959252971128,0.27992359932088273,11,6.0,False,1.3862943611198906,2.302585092994046,0.9162907318741553,Stieger2021/2,0.2366146817009881
Stieger2021,2,eegnet,5,6.707113967333172,0.6066666666666667,0.770752688172043,,0.6436559139784946,0.9027956989247312,,0.1320430107526882,0.2591397849462366,0.29612903225806453,11,5.0,False,1.6094379124341003,2.302585092994046,0.6931471805599456,Stieger2021/2,-0.09387725653990181
Stieger2021,2,eegnet,6,3.721930105088511,0.747589199614272,0.7782063645130183,,0.5091610414657666,0.9230954676952748,,0.14488910318225656,0.41393442622950827,0.1755062680810029,11,4.0,False,1.791759469228055,2.302585092994046,0.5108256237659909,Stieger2021/2,-1.733244109672432
Stieger2021,2,eegnet,7,3.4453541200480915,0.6082191780821917,0.8592202318229715,,0.5922023182297155,0.8727081138040043,,0.01348788198103279,0.2805057955742888,0.26448893572181253,11,3.0,False,1.9459101490553132,2.302585092994046,0.35667494393873267,Stieger2021/2,-1.8851307348087507
Stieger2021,2,eegnet,8,2.452894629553019,0.7763640812331783,0.8918522143381453,,0.5605578664056764,0.9640322975287496,,0.07218008319060432,0.40347443112307324,0.1876682162955713,11,2.0,False,2.0794415416798357,2.302585092994046,0.22314355131421015,Stieger2021/2,-2.430157529430044
Stieger2021,2,eegnet,9,2.400319574338778,0.602020202020202,0.9022222222222224,,0.4898989898989899,0.8874747474747475,,-0.014747474747474842,0.39757575757575764,0.2854545454545455,11,1.0,False,2.1972245773362196,2.302585092994046,0.10536051565782634,Stieger2021/2,-2.4590300568176975
Stieger2021,2,eegnet,10,2.3797700963556916,0.577054794520548,0.9235873287671234,,0.5092037671232876,0.9235873287671234,,0.0,0.4143835616438357,0.3465325342465754,11,0.0,True,2.302585092994046,2.302585092994046,0.0,Stieger2021/2,-2.4703151684253015
Stieger2021,2,ts_lr,1,7.481335136015209,0.7696026907714946,0.7696026907714946,0.7492957746478873,0.7696026907714946,0.7931469413495901,0.7388690351061593,0.023544250578095505,0.023544250578095505,0.023544250578095505,11,9.0,False,0.0,2.302585092994046,2.302585092994046,Stieger2021/2,0.331300079095459
Stieger2021,2,ts_lr,2,7.388663454728338,0.9466666666666668,0.9304444444444444,0.939111111111111,0.8548888888888888,0.962,0.9462666666666668,0.03155555555555556,0.10711111111111116,0.015333333333333199,11,8.0,False,0.6931471805599453,2.302585092994046,1.6094379124341005,Stieger2021/2,0.2804077757947426
Stieger2021,2,ts_lr,3,3.958197763149093,0.8790275901987267,0.928805710978198,0.9300019293845264,0.9116341886938066,0.9482924946941926,0.9220914528265484,0.01948678371599466,0.036658306000386,0.06926490449546596,11,7.0,False,1.0986122886681098,2.302585092994046,1.2039728043259361,Stieger2021/2,-1.6034935197705682
Stieger2021,2,ts_lr,4,7.308918986602344,0.9242359932088284,0.932088285229202,0.9502971137521224,0.8834889643463497,0.9639219015280136,0.9589134125636672,0.03183361629881165,0.08043293718166389,0.03968590831918517,11,6.0,False,1.3862943611198906,2.302585092994046,0.9162907318741553,Stieger2021/2,0.2366146817009881
Stieger2021,2,ts_lr,5,6.707113967333172,0.7658064516129033,0.7948387096774193,0.7638709677419355,0.7670967741935484,0.7886021505376344,0.7811182795698925,-0.006236559139784936,0.021505376344086002,0.0227956989247311,11,5.0,False,1.6094379124341003,2.302585092994046,0.6931471805599456,Stieger2021/2,-0.09387725653990181
Stieger2021,2,ts_lr,6,3.721930105088511,0.8784956605593056,0.876808100289296,,0.8211186113789778,0.8985053037608486,0.8989392478302796,0.021697203471552573,0.07738669238187079,0.02000964320154297,11,4.0,False,1.791759469228055,2.302585092994046,0.5108256237659909,Stieger2021/2,-1.733244109672432
Stieger2021,2,ts_lr,7,3.4453541200480915,0.8063224446786091,0.8524762908324552,,0.8320337197049525,0.863013698630137,0.8578292939936775,0.010537407797681753,0.030979978925184448,0.056691253951527854,11,3.0,False,1.9459101490553132,2.302585092994046,0.35667494393873267,Stieger2021/2,-1.8851307348087507
Stieger2021,2,ts_lr,8,2.452894629553019,0.9153413261561048,0.9415218987032052,,0.7416197700024468,0.9356496207487156,0.937704918032787,-0.005872277954489635,0.19402985074626877,0.020308294592610854,11,2.0,False,2.0794415416798357,2.302585092994046,0.22314355131421015,Stieger2021/2,-2.430157529430044
Stieger2021,2,ts_lr,9,2.400319574338778,0.7743434343434342,0.8274747474747475,,0.7676767676767677,0.8593939393939394,0.850909090909091,0.0319191919191919,0.09171717171717164,0.08505050505050515,11,1.0,False,2.1972245773362196,2.302585092994046,0.10536051565782634,Stieger2021/2,-2.4590300568176975
Stieger2021,2,ts_lr,10,2.3797700963556916,0.835402397260274,0.9216609589041096,,0.9235873287671234,0.9216609589041096,0.9216609589041096,0.0,-0.001926369863013755,0.08625856164383561,11,0.0,True,2.302585092994046,2.302585092994046,0.0,Stieger2021/2,-2.4703151684253015
Stieger2021,3,csp_lda,1,6.295197941180565,0.6487980769230769,0.6487980769230769,0.4796634615384616,0.6487980769230769,0.721875,0.5126923076923078,0.07307692307692315,0.07307692307692315,0.07307692307692315,7,5.0,False,0.0,1.791759469228055,1.791759469228055,Stieger2021/3,-0.3200882742562073
Stieger2021,3,csp_lda,2,6.007502703754473,0.640369580668088,0.7389244254915895,0.6368159203980099,0.767590618336887,0.6169154228855721,0.6262497038616441,-0.12200900260601744,-0.1506751954513149,-0.023454157782515916,7,4.0,False,0.6931471805599453,1.791759469228055,1.0986122886681096,Stieger2021/3,-0.4780812347587435
Stieger2021,3,csp_lda,3,6.572240487665524,0.6097285067873303,0.6169683257918551,0.6635746606334841,0.6361990950226245,0.5705882352941177,0.6951131221719458,-0.04638009049773739,-0.06561085972850678,-0.03914027149321253,7,3.0,False,1.0986122886681098,1.791759469228055,0.6931471805599452,Stieger2021/3,-0.1679454285979972
Stieger2021,3,csp_lda,4,5.917412968000748,0.6661796932067202,0.4890430971512053,,0.5230094959824689,0.5788897005113222,0.5325420014609203,0.08984660336011685,0.05588020452885323,-0.08728999269539806,7,2.0,False,1.3862943611198906,1.791759469228055,0.4054651081081644,Stieger2021/3,-0.5275556167122466
Stieger2021,3,csp_lda,5,6.387272142723355,0.5731666666666667,0.4823333333333333,,0.5383333333333333,0.4733333333333333,0.5174333333333334,-0.009000000000000008,-0.06500000000000006,-0.09983333333333344,7,1.0,False,1.6094379124341003,1.791759469228055,0.18232155679395468,Stieger2021/3,-0.26952408759187424
Stieger2021,3,csp_lda,6,5.837145296170909,0.5753212228622064,0.5919361984935756,,0.4594594594594594,0.5919361984935756,0.5919361984935756,0.0,0.13247673903411622,0.016614975631369155,7,0.0,True,1.791759469228055,1.791759469228055,0.0,Stieger2021/3,-0.5716360374328021
Stieger2021,3,eegnet,1,6.295197941180565,0.86875,0.86875,,0.86875,0.9545673076923076,,0.08581730769230755,0.08581730769230755,0.08581730769230755,7,5.0,False,0.0,1.791759469228055,1.791759469228055,Stieger2021/3,-0.3200882742562073
Stieger2021,3,eegnet,2,6.007502703754473,0.867330016583748,0.8482587064676617,,0.8618810708362947,0.9203980099502488,,0.07213930348258712,0.05851693911395406,0.05306799336650081,7,4.0,False,0.6931471805599453,1.791759469228055,1.0986122886681096,Stieger2021/3,-0.4780812347587435
Stieger2021,3,eegnet,3,6.572240487665524,0.8477375565610861,0.9490950226244343,,0.7260180995475113,0.956787330316742,,0.007692307692307665,0.23076923076923073,0.10904977375565594,7,3.0,False,1.0986122886681098,1.791759469228055,0.6931471805599452,Stieger2021/3,-0.1679454285979972
Stieger2021,3,eegnet,4,5.917412968000748,0.8776479181884588,0.9775383491599708,,0.8487947406866326,0.971146822498174,,-0.006391526661796876,0.12235208181154134,0.09349890430971519,7,2.0,False,1.3862943611198906,1.791759469228055,0.4054651081081644,Stieger2021/3,-0.5275556167122466
Stieger2021,3,eegnet,5,6.387272142723355,0.8316666666666667,0.9566666666666668,,0.897,0.9783333333333332,,0.02166666666666639,0.08133333333333315,0.1466666666666665,7,1.0,False,1.6094379124341003,1.791759469228055,0.18232155679395468,Stieger2021/3,-0.26952408759187424
Stieger2021,3,eegnet,6,5.837145296170909,0.7288435976960568,0.8770491803278688,,0.7957465662383695,0.8770491803278688,,0.0,0.08130261408949935,0.14820558263181205,7,0.0,True,1.791759469228055,1.791759469228055,0.0,Stieger2021/3,-0.5716360374328021
Stieger2021,3,ts_lr,1,6.295197941180565,0.9110576923076924,0.9110576923076924,0.8535576923076924,0.9110576923076924,0.9625,0.8559134615384616,0.05144230769230762,0.05144230769230762,0.05144230769230762,7,5.0,False,0.0,1.791759469228055,1.791759469228055,Stieger2021/3,-0.3200882742562073
Stieger2021,3,ts_lr,2,6.007502703754473,0.8218431651267472,0.8843875858801231,0.8657664060649136,0.8815446576640608,0.9211087420042644,0.8746268656716418,0.036721156124141285,0.03956408434020364,0.09926557687751725,7,4.0,False,0.6931471805599453,1.791759469228055,1.0986122886681096,Stieger2021/3,-0.4780812347587435
Stieger2021,3,ts_lr,3,6.572240487665524,0.8371040723981901,0.919004524886878,0.92420814479638,0.8441176470588234,0.9402714932126696,0.9429864253393664,0.021266968325791558,0.09615384615384615,0.1031674208144795,7,3.0,False,1.0986122886681098,1.791759469228055,0.6931471805599452,Stieger2021/3,-0.1679454285979972
Stieger2021,3,ts_lr,4,5.917412968000748,0.8886048210372535,0.9506939371804236,,0.9044923301680058,0.962381300219138,0.9449963476990504,0.011687363038714427,0.05788897005113225,0.07377647918188457,7,2.0,False,1.3862943611198906,1.791759469228055,0.4054651081081644,Stieger2021/3,-0.5275556167122466
Stieger2021,3,ts_lr,5,6.387272142723355,0.8033333333333332,0.7831666666666666,,0.7741666666666667,0.8473333333333333,0.8563666666666666,0.0641666666666667,0.0731666666666666,0.04400000000000004,7,1.0,False,1.6094379124341003,1.791759469228055,0.18232155679395468,Stieger2021/3,-0.26952408759187424
Stieger2021,3,ts_lr,6,5.837145296170909,0.7062472308373948,0.857111209570226,,0.7399202481169694,0.857111209570226,0.857111209570226,0.0,0.11719096145325658,0.1508639787328312,7,0.0,True,1.791759469228055,1.791759469228055,0.0,Stieger2021/3,-0.5716360374328021
Stieger2021,4,csp_lda,1,9.679056222170926,0.2921658986175115,0.2921658986175115,0.9242396313364056,0.2921658986175115,0.88110599078341,0.8964055299539171,0.5889400921658985,0.5889400921658985,0.5889400921658985,11,9.0,False,0.0,2.302585092994046,2.302585092994046,Stieger2021/4,1.5382177321893566
Stieger2021,4,csp_lda,2,6.9904934918861565,0.5192587209302325,0.870639534883721,0.7877906976744187,0.721656976744186,0.7587209302325582,0.7452034883720929,-0.11191860465116288,0.0370639534883721,0.23946220930232565,11,8.0,False,0.6931471805599453,2.302585092994046,1.6094379124341005,Stieger2021/4,0.06174565342025642
Stieger2021,4,csp_lda,3,7.49648866847636,0.4285714285714286,0.7498813478879923,0.9713336497389656,0.9515899383009018,0.9017560512577124,0.8993830090175605,0.1518747033697201,-0.04983388704318936,0.4731846226862838,11,7.0,False,1.0986122886681098,2.302585092994046,1.2039728043259361,Stieger2021/4,0.33962191117383494
Stieger2021,4,csp_lda,4,6.746197720944479,0.4561290322580645,0.9083870967741936,0.9569032258064516,0.9509677419354838,0.9380645161290322,0.9473548387096776,0.029677419354838586,-0.012903225806451646,0.4819354838709677,11,6.0,False,1.3862943611198906,2.302585092994046,0.9162907318741553,Stieger2021/4,-0.07241371756773403
Stieger2021,4,csp_lda,5,5.662751348310804,0.2846111417539989,0.8769994484280199,0.9768339768339768,0.9641478212906784,0.8952013237727523,0.9394373965802538,0.018201875344732388,-0.06894649751792614,0.6105901820187534,11,5.0,False,1.6094379124341003,2.302585092994046,0.6931471805599456,Stieger2021/4,-0.6674075780486634
Stieger2021,4,csp_lda,6,6.354786654880451,0.4386946386946387,0.889044289044289,,0.9729603729603729,0.8652680652680652,0.9265268065268064,-0.023776223776223793,-0.10769230769230764,0.4265734265734265,11,4.0,False,1.791759469228055,2.302585092994046,0.5108256237659909,Stieger2021/4,-0.28736407147060666
Stieger2021,4,csp_lda,7,5.925303842811069,0.3471005423445974,0.9428452231956612,,0.9445139758030872,0.8740091781393409,0.9228201919065496,-0.06883604505632035,-0.07050479766374629,0.5269086357947435,11,3.0,False,1.9459101490553132,2.302585092994046,0.35667494393873267,Stieger2021/4,-0.523222202355473
Stieger2021,4,csp_lda,8,7.34219135811481,0.5487654320987655,0.8432098765432099,,0.8962962962962963,0.825925925925926,0.8624691358024691,-0.01728395061728394,-0.0703703703703703,0.27716049382716046,11,2.0,False,2.0794415416798357,2.302585092994046,0.22314355131421015,Stieger2021/4,0.25488679675310205
Stieger2021,4,csp_lda,9,8.058595177916349,0.501219512195122,0.7878048780487804,,0.7112195121951219,0.8248780487804879,0.796780487804878,0.03707317073170746,0.11365853658536595,0.3236585365853659,11,1.0,False,2.1972245773362196,2.302585092994046,0.10536051565782634,Stieger2021/4,0.6483127061230745
Stieger2021,4,csp_lda,10,5.62028795133645,0.3983987800228746,0.6732748760960732,,0.7171178040411742,0.6732748760960732,0.6732748760960732,0.0,-0.04384292794510103,0.2748760960731986,11,0.0,True,2.302585092994046,2.302585092994046,0.0,Stieger2021/4,-0.6907271083300647
Stieger2021,4,eegnet,1,9.679056222170926,0.6294930875576037,0.6294930875576037,,0.6294930875576037,0.9714285714285714,,0.3419354838709677,0.3419354838709677,0.3419354838709677,11,9.0,False,0.0,2.302585092994046,2.302585092994046,Stieger2021/4,1.5382177321893566
Stieger2021,4,eegnet,2,6.9904934918861565,0.6300872093023255,0.53125,,0.4629360465116279,0.8815406976744187,,0.35029069767441867,0.4186046511627908,0.25145348837209314,11,8.0,False,0.6931471805599453,2.302585092994046,1.6094379124341005,Stieger2021/4,0.06174565342025642
Stieger2021,4,eegnet,3,7.49648866847636,0.7422876127195064,0.9383009017560512,,0.4390128144280968,0.9981015662078784,,0.05980066445182719,0.5590887517797816,0.255813953488372,11,7.0,False,1.0986122886681098,2.302585092994046,1.2039728043259361,Stieger2021/4,0.33962191117383494
Stieger2021,4,eegnet,4,6.746197720944479,0.8851612903225807,0.9174193548387096,,0.912258064516129,0.9535483870967744,,0.03612903225806474,0.041290322580645356,0.06838709677419363,11,6.0,False,1.3862943611198906,2.302585092994046,0.9162907318741553,Stieger2021/4,-0.07241371756773403
Stieger2021,4,eegnet,5,5.662751348310804,0.8378378378378377,0.918918918918919,,0.5598455598455598,0.9873138444567016,,0.06839492553778259,0.4274682846111417,0.14947600661886384,11,5.0,False,1.6094379124341003,2.302585092994046,0.6931471805599456,Stieger2021/4,-0.6674075780486634
Stieger2021,4,eegnet,6,6.354786654880451,0.7277389277389278,0.9146853146853148,,0.8829836829836829,0.985081585081585,,0.07039627039627028,0.10209790209790215,0.25734265734265727,11,4.0,False,1.791759469228055,2.302585092994046,0.5108256237659909,Stieger2021/4,-0.28736407147060666
Stieger2021,4,eegnet,7,5.925303842811069,0.8322903629536922,0.9278264497288278,,0.8848560700876096,0.9849812265331664,,0.05715477680433867,0.10012515644555686,0.15269086357947426,11,3.0,False,1.9459101490553132,2.302585092994046,0.35667494393873267,Stieger2021/4,-0.523222202355473
Stieger2021,4,eegnet,8,7.34219135811481,0.7555555555555555,0.921604938271605,,0.6907407407407408,0.9475308641975309,,0.025925925925925908,0.2567901234567901,0.19197530864197532,11,2.0,False,2.0794415416798357,2.302585092994046,0.22314355131421015,Stieger2021/4,0.25488679675310205
Stieger2021,4,eegnet,9,8.058595177916349,0.6531707317073171,0.8999999999999999,,0.74,0.9063414634146342,,0.006341463414634263,0.16634146341463418,0.2531707317073171,11,1.0,False,2.1972245773362196,2.302585092994046,0.10536051565782634,Stieger2021/4,0.6483127061230745
Stieger2021,4,eegnet,10,5.62028795133645,0.6526877621044606,0.7891727030118185,,0.5558520777735417,0.7891727030118185,,0.0,0.2333206252382768,0.13648494090735797,11,0.0,True,2.302585092994046,2.302585092994046,0.0,Stieger2021/4,-0.6907271083300647
Stieger2021,4,ts_lr,1,9.679056222170926,0.8442396313364056,0.8442396313364056,0.9133640552995392,0.8442396313364056,0.9658986175115208,0.9218433179723504,0.12165898617511528,0.12165898617511528,0.12165898617511528,11,9.0,False,0.0,2.302585092994046,2.302585092994046,Stieger2021/4,1.5382177321893566
Stieger2021,4,ts_lr,2,6.9904934918861565,0.7827034883720931,0.873546511627907,0.8729651162790697,0.7892441860465116,0.904796511627907,0.8681686046511627,0.03125,0.11555232558139539,0.12209302325581384,11,8.0,False,0.6931471805599453,2.302585092994046,1.6094379124341005,Stieger2021/4,0.06174565342025642
Stieger2021,4,ts_lr,3,7.49648866847636,0.9458946369245372,0.982439487422876,0.9741813004271476,0.9677266255339344,0.9876601803512104,0.9813004271476032,0.005220692928334381,0.01993355481727599,0.04176554342667316,11,7.0,False,1.0986122886681098,2.302585092994046,1.2039728043259361,Stieger2021/4,0.33962191117383494
Stieger2021,4,ts_lr,4,6.746197720944479,0.9419354838709676,0.9974193548387096,0.9785806451612904,0.9212903225806452,0.992258064516129,0.9896774193548388,-0.005161290322580614,0.07096774193548372,0.050322580645161374,11,6.0,False,1.3862943611198906,2.302585092994046,0.9162907318741553,Stieger2021/4,-0.07241371756773403
Stieger2021,4,ts_lr,5,5.662751348310804,0.960838389409818,0.9906232763375622,0.9950358521787092,0.9884169884169884,0.9928295642581356,0.9915057915057915,0.0022062879205734243,0.004412575841147182,0.031991174848317594,11,5.0,False,1.6094379124341003,2.302585092994046,0.6931471805599456,Stieger2021/4,-0.6674075780486634
Stieger2021,4,ts_lr,6,6.354786654880451,0.9193473193473194,0.9948717948717948,,0.987878787878788,0.9911421911421912,0.9880652680652682,-0.0037296037296036255,0.0032634032634031307,0.07179487179487176,11,4.0,False,1.791759469228055,2.302585092994046,0.5108256237659909,Stieger2021/4,-0.28736407147060666
Stieger2021,4,ts_lr,7,5.925303842811069,0.9119732999582812,0.9962453066332916,,0.968293700458907,0.996662494785148,0.991322486441385,0.0004171881518564291,0.028368794326241065,0.08468919482686676,11,3.0,False,1.9459101490553132,2.302585092994046,0.35667494393873267,Stieger2021/4,-0.523222202355473
Stieger2021,4,ts_lr,8,7.34219135811481,0.915432098765432,0.962962962962963,,0.95,0.9746913580246912,0.9730864197530864,0.01172839506172818,0.024691358024691246,0.059259259259259234,11,2.0,False,2.0794415416798357,2.302585092994046,0.22314355131421015,Stieger2021/4,0.25488679675310205
Stieger2021,4,ts_lr,9,8.058595177916349,0.9107317073170732,0.9570731707317072,,0.8331707317073171,0.9717073170731708,0.967609756097561,0.01463414634146365,0.13853658536585367,0.060975609756097615,11,1.0,False,2.1972245773362196,2.302585092994046,0.10536051565782634,Stieger2021/4,0.6483127061230745
Stieger2021,4,ts_lr,10,5.62028795133645,0.8410217308425467,0.921082729698818,,0.7338924895158216,0.921082729698818,0.9210827296988182,0.0,0.18719024018299635,0.08006099885627127,11,0.0,True,2.302585092994046,2.302585092994046,0.0,Stieger2021/4,-0.6907271083300647
Stieger2021,5,csp_lda,1,7.030566790920939,0.7569444444444445,0.7569444444444445,0.6625,0.7569444444444445,0.7152777777777778,0.7281746031746031,-0.04166666666666674,-0.04166666666666674,-0.04166666666666674,7,5.0,False,0.0,1.791759469228055,1.791759469228055,Stieger2021/5,0.08375261887527256
Stieger2021,5,csp_lda,2,4.381373345917158,0.6416666666666666,0.6916666666666667,0.69,0.7444444444444445,0.7777777777777778,0.7277777777777776,0.08611111111111114,0.033333333333333326,0.13611111111111118,7,4.0,False,0.6931471805599453,1.791759469228055,1.0986122886681096,Stieger2021/5,-1.3710991161228947
Stieger2021,5,csp_lda,3,4.461891801599142,0.5583126550868487,0.6856906534325888,0.7105045492142267,0.4946236559139785,0.6277915632754343,0.6731182795698925,-0.057899090157154554,0.13316790736145578,0.0694789081885856,7,3.0,False,1.0986122886681098,1.791759469228055,0.6931471805599452,Stieger2021/5,-1.3268809729860727
Stieger2021,5,csp_lda,4,4.364070041020414,0.7222222222222222,0.9861111111111112,,0.5277777777777778,0.9375,0.8097222222222221,-0.04861111111111116,0.4097222222222222,0.2152777777777778,7,2.0,False,1.3862943611198906,1.791759469228055,0.4054651081081644,Stieger2021/5,-1.38060153399944
Stieger2021,5,csp_lda,5,7.287907288069818,0.5379188712522046,0.8059964726631393,,0.6331569664902997,0.7001763668430335,0.6701940035273368,-0.10582010582010581,0.0670194003527338,0.16225749559082892,7,1.0,False,1.6094379124341003,1.791759469228055,0.18232155679395468,Stieger2021/5,0.22507573345130305
Stieger2021,5,csp_lda,6,5.121787394397846,0.9215686274509804,0.9137254901960784,,0.5725490196078431,0.9137254901960784,0.9137254901960784,0.0,0.3411764705882353,-0.007843137254902044,7,0.0,True,1.791759469228055,1.791759469228055,0.0,Stieger2021/5,-0.9644875623004786
Stieger2021,5,eegnet,1,7.030566790920939,0.6498015873015873,0.6498015873015873,,0.6498015873015873,0.8134920634920635,,0.16369047619047616,0.16369047619047616,0.16369047619047616,7,5.0,False,0.0,1.791759469228055,1.791759469228055,Stieger2021/5,0.08375261887527256
Stieger2021,5,eegnet,2,4.381373345917158,0.5472222222222222,0.7194444444444446,,0.3666666666666667,0.7333333333333333,,0.013888888888888729,0.3666666666666666,0.18611111111111112,7,4.0,False,0.6931471805599453,1.791759469228055,1.0986122886681096,Stieger2021/5,-1.3710991161228947
Stieger2021,5,eegnet,3,4.461891801599142,0.6170388751033913,0.5690653432588917,,0.3970223325062034,0.8238213399503722,,0.2547559966914805,0.4267990074441688,0.20678246484698093,7,3.0,False,1.0986122886681098,1.791759469228055,0.6931471805599452,Stieger2021/5,-1.3268809729860727
Stieger2021,5,eegnet,4,4.364070041020414,0.8125,0.8194444444444444,,0.4236111111111111,0.875,,0.05555555555555558,0.4513888888888889,0.0625,7,2.0,False,1.3862943611198906,1.791759469228055,0.4054651081081644,Stieger2021/5,-1.38060153399944
Stieger2021,5,eegnet,5,7.287907288069818,0.6931216931216931,0.7089947089947091,,0.617283950617284,0.5890652557319224,,-0.1199294532627867,-0.02821869488536166,-0.10405643738977077,7,1.0,False,1.6094379124341003,1.791759469228055,0.18232155679395468,Stieger2021/5,0.22507573345130305
Stieger2021,5,eegnet,6,5.121787394397846,0.9137254901960784,0.9098039215686272,,0.3764705882352941,0.9098039215686272,,0.0,0.5333333333333331,-0.0039215686274511885,7,0.0,True,1.791759469228055,1.791759469228055,0.0,Stieger2021/5,-0.9644875623004786
Stieger2021,5,ts_lr,1,7.030566790920939,0.8253968253968254,0.8253968253968254,0.7436507936507937,0.8253968253968254,0.8621031746031745,0.7501984126984127,0.03670634920634919,0.03670634920634919,0.03670634920634919,7,5.0,False,0.0,1.791759469228055,1.791759469228055,Stieger2021/5,0.08375261887527256
Stieger2021,5,ts_lr,2,4.381373345917158,0.7944444444444445,0.7611111111111111,0.8705555555555555,0.7305555555555555,0.8861111111111111,0.8338888888888889,0.125,0.15555555555555556,0.09166666666666656,7,4.0,False,0.6931471805599453,1.791759469228055,1.0986122886681096,Stieger2021/5,-1.3710991161228947
Stieger2021,5,ts_lr,3,4.461891801599142,0.7047146401985113,0.7741935483870968,0.8511166253101738,0.651778329197684,0.8494623655913979,0.8003308519437551,0.07526881720430112,0.1976840363937139,0.1447477253928866,7,3.0,False,1.0986122886681098,1.791759469228055,0.6931471805599452,Stieger2021/5,-1.3268809729860727
Stieger2021,5,ts_lr,4,4.364070041020414,0.9236111111111112,0.9097222222222222,,0.4652777777777778,0.9097222222222222,0.9,0.0,0.4444444444444444,-0.01388888888888895,7,2.0,False,1.3862943611198906,1.791759469228055,0.4054651081081644,Stieger2021/5,-1.38060153399944
Stieger2021,5,ts_lr,5,7.287907288069818,0.7389770723104055,0.8377425044091711,,0.4991181657848324,0.8571428571428572,0.8560846560846562,0.01940035273368612,0.3580246913580248,0.11816578483245166,7,1.0,False,1.6094379124341003,1.791759469228055,0.18232155679395468,Stieger2021/5,0.22507573345130305
Stieger2021,5,ts_lr,6,5.121787394397846,0.9098039215686274,0.9647058823529412,,0.8156862745098039,0.9647058823529412,0.9647058823529412,0.0,0.14901960784313728,0.05490196078431375,7,0.0,True,1.791759469228055,1.791759469228055,0.0,Stieger2021/5,-0.9644875623004786
Stieger2021,6,csp_lda,1,4.027952874523698,0.4613013698630137,0.4613013698630137,0.505958904109589,0.4613013698630137,0.497431506849315,0.501472602739726,0.0361301369863013,0.0361301369863013,0.0361301369863013,7,5.0,False,0.0,1.791759469228055,1.791759469228055,Stieger2021/6,-1.5651862587437355
Stieger2021,6,csp_lda,2,4.214997727780391,0.4901021711366539,0.4741379310344827,0.4893997445721584,0.4897828863346105,0.5284163473818646,0.5044699872286079,0.0542784163473819,0.038633461047254125,0.03831417624521072,7,4.0,False,0.6931471805599453,1.791759469228055,1.0986122886681096,Stieger2021/6,-1.462467248247849
Stieger2021,6,csp_lda,3,4.58740601507538,0.5024390243902439,0.434959349593496,0.6482926829268293,0.556910569105691,0.5699186991869919,0.5647154471544715,0.13495934959349587,0.013008130081300862,0.06747967479674799,7,3.0,False,1.0986122886681098,1.791759469228055,0.6931471805599452,Stieger2021/6,-1.2579526085485055
Stieger2021,6,csp_lda,4,4.211097824755761,0.4870014245014245,0.478988603988604,,0.5439814814814815,0.4686609686609687,0.5071581196581196,-0.01032763532763531,-0.07532051282051283,-0.018340455840455794,7,2.0,False,1.3862943611198906,1.791759469228055,0.4054651081081644,Stieger2021/6,-1.4646089494106718
Stieger2021,6,csp_lda,5,4.663415932304889,0.5535714285714285,0.5141369047619047,,0.3797123015873015,0.5714285714285714,0.6064980158730158,0.05729166666666674,0.19171626984126988,0.017857142857142905,7,1.0,False,1.6094379124341003,1.791759469228055,0.18232155679395468,Stieger2021/6,-1.2162104095531956
Stieger2021,6,csp_lda,6,4.066267723543893,0.5818815331010453,0.5437282229965157,,0.5411149825783972,0.5437282229965157,0.5437282229965157,0.0,0.002613240418118501,-0.0381533101045296,7,0.0,True,1.791759469228055,1.791759469228055,0.0,Stieger2021/6,-1.5441449774139968
Stieger2021,6,eegnet,1,4.027952874523698,0.5489726027397261,0.5489726027397261,,0.5489726027397261,0.6780821917808219,,0.1291095890410957,0.1291095890410957,0.1291095890410957,7,5.0,False,0.0,1.791759469228055,1.791759469228055,Stieger2021/6,-1.5651862587437355
Stieger2021,6,eegnet,2,4.214997727780391,0.5568326947637292,0.5884418901660281,,0.5941890166028096,0.6609195402298851,,0.07247765006385698,0.06673052362707543,0.10408684546615588,7,4.0,False,0.6931471805599453,1.791759469228055,1.0986122886681096,Stieger2021/6,-1.462467248247849
Stieger2021,6,eegnet,3,4.58740601507538,0.5861788617886179,0.5585365853658536,,0.4957723577235772,0.6866666666666668,,0.12813008130081316,0.19089430894308956,0.10048780487804887,7,3.0,False,1.0986122886681098,1.791759469228055,0.6931471805599452,Stieger2021/6,-1.2579526085485055
Stieger2021,6,eegnet,4,4.211097824755761,0.5389957264957266,0.6132478632478632,,0.5033831908831908,0.6990740740740741,,0.08582621082621089,0.19569088319088324,0.1600783475783475,7,2.0,False,1.3862943611198906,1.791759469228055,0.4054651081081644,Stieger2021/6,-1.4646089494106718
Stieger2021,6,eegnet,5,4.663415932304889,0.6369047619047618,0.705109126984127,,0.4655257936507936,0.691468253968254,,-0.013640873015873023,0.22594246031746035,0.0545634920634922,7,1.0,False,1.6094379124341003,1.791759469228055,0.18232155679395468,Stieger2021/6,-1.2162104095531956
Stieger2021,6,eegnet,6,4.066267723543893,0.559233449477352,0.7986062717770034,,0.6386759581881534,0.7986062717770034,,0.0,0.15993031358885001,0.2393728222996514,7,0.0,True,1.791759469228055,1.791759469228055,0.0,Stieger2021/6,-1.5441449774139968
Stieger2021,6,ts_lr,1,4.027952874523698,0.5647260273972603,0.5647260273972603,0.5665410958904109,0.5647260273972603,0.6111301369863013,0.5651369863013699,0.046404109589040954,0.046404109589040954,0.046404109589040954,7,5.0,False,0.0,1.791759469228055,1.791759469228055,Stieger2021/6,-1.5651862587437355
Stieger2021,6,ts_lr,2,4.214997727780391,0.537037037037037,0.5743933588761175,0.6347381864623244,0.5810983397190294,0.7113665389527458,0.637228607918263,0.1369731800766283,0.13026819923371646,0.17432950191570884,7,4.0,False,0.6931471805599453,1.791759469228055,1.0986122886681096,Stieger2021/6,-1.462467248247849
Stieger2021,6,ts_lr,3,4.58740601507538,0.5029268292682927,0.6065040650406505,0.7920325203252032,0.6562601626016261,0.7469918699186993,0.6857560975609756,0.1404878048780488,0.09073170731707314,0.24406504065040657,7,3.0,False,1.0986122886681098,1.791759469228055,0.6931471805599452,Stieger2021/6,-1.2579526085485055
Stieger2021,6,ts_lr,4,4.211097824755761,0.5678418803418803,0.6732549857549859,,0.7241809116809118,0.6266025641025641,0.6288817663817664,-0.04665242165242178,-0.09757834757834771,0.058760683760683774,7,2.0,False,1.3862943611198906,1.791759469228055,0.4054651081081644,Stieger2021/6,-1.4646089494106718
Stieger2021,6,ts_lr,5,4.663415932304889,0.6507936507936507,0.7748015873015873,,0.6852678571428571,0.8313492063492063,0.8301587301587301,0.05654761904761896,0.1460813492063492,0.18055555555555558,7,1.0,False,1.6094379124341003,1.791759469228055,0.18232155679395468,Stieger2021/6,-1.2162104095531956
Stieger2021,6,ts_lr,6,4.066267723543893,0.6630662020905923,0.7242160278745644,,0.7080139372822299,0.7242160278745644,0.7242160278745644,0.0,0.01620209059233446,0.0611498257839721,7,0.0,True,1.791759469228055,1.791759469228055,0.0,Stieger2021/6,-1.5441449774139968
Stieger2021,7,csp_lda,1,9.807332645024957,0.5401360544217687,0.5401360544217687,0.5435374149659864,0.5401360544217687,0.4659863945578231,0.48,-0.07414965986394562,-0.07414965986394562,-0.07414965986394562,11,9.0,False,0.0,2.302585092994046,2.302585092994046,Stieger2021/7,1.6086630130730555
Stieger2021,7,csp_lda,2,11.660785094602838,0.5444272445820434,0.4812693498452012,0.4958823529411765,0.4695046439628483,0.5219814241486067,0.513498452012384,0.04071207430340551,0.05247678018575841,-0.02244582043343668,11,8.0,False,0.6931471805599453,2.302585092994046,1.6094379124341005,Stieger2021/7,2.6265194165344248
Stieger2021,7,csp_lda,3,9.042680768416318,0.5285053929121726,0.5038520801232665,0.5348228043143297,0.591165896250642,0.6237801746276322,0.5480225988700564,0.1199280945043657,0.03261427837699027,0.09527478171545967,11,7.0,False,1.0986122886681098,2.302585092994046,1.2039728043259361,Stieger2021/7,1.1887408245097002
Stieger2021,7,csp_lda,4,7.306872510996873,0.5018329153000193,0.5907775419641135,0.5286899479066177,0.5795871117113641,0.5157244838896391,0.5338606984371985,-0.07505305807447438,-0.06386262782172503,0.013891568589619818,11,6.0,False,1.3862943611198906,2.302585092994046,0.9162907318741553,Stieger2021/7,0.2354908231957262
Stieger2021,7,csp_lda,5,11.63193326658895,0.5428937259923177,0.4797268459240289,0.451557831839522,0.5738369611609048,0.4504908237302603,0.496414852752881,-0.02923602219376864,-0.12334613743064449,-0.09240290226205738,11,5.0,False,1.6094379124341003,2.302585092994046,0.6931471805599456,Stieger2021/7,2.6106749216286125
Stieger2021,7,csp_lda,6,10.505464690355208,0.5226309921962097,0.4773690078037904,,0.4753623188405797,0.5828316610925307,0.5207134894091416,0.10546265328874033,0.10746934225195098,0.06020066889632103,11,4.0,False,1.791759469228055,2.302585092994046,0.5108256237659909,Stieger2021/7,1.992054652261218
Stieger2021,7,csp_lda,7,8.044623101016404,0.4940411700975081,0.622607439508848,,0.5039725532683279,0.5836041892379921,0.5711809317443121,-0.03900325027085594,0.07963163596966416,0.08956301914048398,11,3.0,False,1.9459101490553132,2.302585092994046,0.35667494393873267,Stieger2021/7,0.6406396913956113
Stieger2021,7,csp_lda,8,10.103738003846862,0.5634771732332708,0.4796747967479675,,0.5522201375859912,0.5822388993120701,0.5354596622889306,0.10256410256410259,0.03001876172607887,0.018761726078799223,11,2.0,False,2.0794415416798357,2.302585092994046,0.22314355131421015,Stieger2021/7,1.7714392917770774
Stieger2021,7,csp_lda,9,6.604623862823001,0.5892494929006086,0.5253549695740365,,0.5141987829614605,0.5273833671399595,0.5380662609871536,0.0020283975659229903,0.013184584178498993,-0.06186612576064909,11,1.0,False,2.1972245773362196,2.302585092994046,0.10536051565782634,Stieger2021/7,-0.15016152171803562
Stieger2021,7,csp_lda,10,7.717116266212253,0.5935042735042736,0.5957264957264957,,0.4788034188034188,0.5957264957264957,0.5957264957264957,0.0,0.11692307692307691,0.0022222222222221255,11,0.0,True,2.302585092994046,2.302585092994046,0.0,Stieger2021/7,0.4607834835610427
Stieger2021,7,eegnet,1,9.807332645024957,0.5346938775510204,0.5346938775510204,,0.5346938775510204,0.7340136054421769,,0.19931972789115648,0.19931972789115648,0.19931972789115648,11,9.0,False,0.0,2.302585092994046,2.302585092994046,Stieger2021/7,1.6086630130730555
Stieger2021,7,eegnet,2,11.660785094602838,0.5044891640866872,0.504953560371517,,0.493343653250774,0.8130030959752322,,0.3080495356037153,0.31965944272445823,0.30851393188854503,11,8.0,False,0.6931471805599453,2.302585092994046,1.6094379124341005,Stieger2021/7,2.6265194165344248
Stieger2021,7,eegnet,3,9.042680768416318,0.4763739085772984,0.532100667693888,,0.4501797637390857,0.6463790446841294,,0.11427837699024146,0.19619928094504374,0.17000513610683105,11,7.0,False,1.0986122886681098,2.302585092994046,1.2039728043259361,Stieger2021/7,1.1887408245097002
Stieger2021,7,eegnet,4,7.306872510996873,0.596372757090488,0.5610650202585374,,0.5386841597530387,0.8224966235770789,,0.26143160331854143,0.28381246382404013,0.22612386648659089,11,6.0,False,1.3862943611198906,2.302585092994046,0.9162907318741553,Stieger2021/7,0.2354908231957262
Stieger2021,7,eegnet,5,11.63193326658895,0.4938113529662825,0.5303030303030303,,0.4801536491677337,0.5855740503627828,,0.055271020059752485,0.10542040119504908,0.09176269739650028,11,5.0,False,1.6094379124341003,2.302585092994046,0.6931471805599456,Stieger2021/7,2.6106749216286125
Stieger2021,7,eegnet,6,10.505464690355208,0.5678929765886288,0.6107023411371237,,0.5792642140468228,0.8762541806020068,,0.26555183946488303,0.29698996655518395,0.30836120401337797,11,4.0,False,1.791759469228055,2.302585092994046,0.5108256237659909,Stieger2021/7,1.992054652261218
Stieger2021,7,eegnet,7,8.044623101016404,0.4772481040086673,0.7172264355362946,,0.4958468761285662,0.8127482845792705,,0.09552184904297589,0.3169014084507043,0.3355001805706032,11,3.0,False,1.9459101490553132,2.302585092994046,0.35667494393873267,Stieger2021/7,0.6406396913956113
Stieger2021,7,eegnet,8,10.103738003846862,0.3796122576610381,0.5340838023764853,,0.5196998123827392,0.6729205753595997,,0.13883677298311436,0.1532207629768605,0.2933083176985616,11,2.0,False,2.0794415416798357,2.302585092994046,0.22314355131421015,Stieger2021/7,1.7714392917770774
Stieger2021,7,eegnet,9,6.604623862823001,0.6044624746450302,0.9219066937119677,,0.5554428668018931,0.8972278566599052,,-0.02467883705206242,0.3417849898580121,0.292765382014875,11,1.0,False,2.1972245773362196,2.302585092994046,0.10536051565782634,Stieger2021/7,-0.15016152171803562
Stieger2021,7,eegnet,10,7.717116266212253,0.5068376068376068,0.768034188034188,,0.4324786324786325,0.768034188034188,,0.0,0.3355555555555555,0.2611965811965812,11,0.0,True,2.302585092994046,2.302585092994046,0.0,Stieger2021/7,0.4607834835610427
Stieger2021,7,ts_lr,1,9.807332645024957,0.5904761904761905,0.5904761904761905,0.6029931972789117,0.5904761904761905,0.6598639455782312,0.5643537414965987,0.06938775510204076,0.06938775510204076,0.06938775510204076,11,9.0,False,0.0,2.302585092994046,2.302585092994046,Stieger2021/7,1.6086630130730555
Stieger2021,7,ts_lr,2,11.660785094602838,0.6085139318885449,0.6470588235294118,0.5909907120743034,0.5732198142414859,0.6312693498452012,0.6052631578947368,-0.015789473684210575,0.058049535603715285,0.022755417956656365,11,8.0,False,0.6931471805599453,2.302585092994046,1.6094379124341005,Stieger2021/7,2.6265194165344248
Stieger2021,7,ts_lr,3,9.042680768416318,0.6052901900359527,0.6679506933744223,0.6063687724704675,0.6440677966101694,0.7080123266563944,0.6752953261427838,0.0400616332819721,0.06394453004622491,0.1027221366204416,11,7.0,False,1.0986122886681098,2.302585092994046,1.2039728043259361,Stieger2021/7,1.1887408245097002
Stieger2021,7,ts_lr,4,7.306872510996873,0.5593285741848351,0.6314875554698052,0.6243874204128883,0.5417711749951766,0.6702681844491608,0.6405942504341116,0.038780628979355636,0.12849700945398423,0.11093961026432575,11,6.0,False,1.3862943611198906,2.302585092994046,0.9162907318741553,Stieger2021/7,0.2354908231957262
Stieger2021,7,ts_lr,5,11.63193326658895,0.5473751600512164,0.5330772513871106,0.6320956039265899,0.589628681177977,0.5734101579172002,0.5758856167306872,0.040332906530089585,-0.016218523260776774,0.026034997865983733,11,5.0,False,1.6094379124341003,2.302585092994046,0.6931471805599456,Stieger2021/7,2.6106749216286125
Stieger2021,7,ts_lr,6,10.505464690355208,0.6229654403567447,0.7050167224080268,,0.56164994425864,0.7264214046822742,0.6907469342251951,0.02140468227424741,0.16477146042363422,0.1034559643255295,11,4.0,False,1.791759469228055,2.302585092994046,0.5108256237659909,Stieger2021/7,1.992054652261218
Stieger2021,7,ts_lr,7,8.044623101016404,0.6009389671361502,0.6885157096424702,,0.6180931744312025,0.7192127121704586,0.7049115204044781,0.03069700252798835,0.10111953773925608,0.11827374503430832,11,3.0,False,1.9459101490553132,2.302585092994046,0.35667494393873267,Stieger2021/7,0.6406396913956113
Stieger2021,7,ts_lr,8,10.103738003846862,0.5641025641025641,0.6616635397123202,,0.5991244527829893,0.6504065040650405,0.6630393996247654,-0.011257035647279645,0.05128205128205121,0.08630393996247643,11,2.0,False,2.0794415416798357,2.302585092994046,0.22314355131421015,Stieger2021/7,1.7714392917770774
Stieger2021,7,ts_lr,9,6.604623862823001,0.5797836375929681,0.6247464503042596,,0.5425963488843814,0.6328600405679512,0.6230561189993239,0.008113590263691628,0.09026369168356985,0.05307640297498306,11,1.0,False,2.1972245773362196,2.302585092994046,0.10536051565782634,Stieger2021/7,-0.15016152171803562
Stieger2021,7,ts_lr,10,7.717116266212253,0.4818803418803418,0.6435897435897435,,0.5094017094017094,0.6435897435897435,0.6435897435897435,0.0,0.13418803418803416,0.16170940170940173,11,0.0,True,2.302585092994046,2.302585092994046,0.0,Stieger2021/7,0.4607834835610427
Stieger2021,8,csp_lda,1,9.170077857794604,0.6248366013071895,0.6248366013071895,0.6454030501089324,0.6248366013071895,0.7668845315904139,0.6878431372549019,0.14204793028322438,0.14204793028322438,0.14204793028322438,11,9.0,False,0.0,2.302585092994046,2.302585092994046,Stieger2021/8,1.2587032037633796
Stieger2021,8,csp_lda,2,7.371687927756797,0.8242491657397107,0.8103448275862069,0.7969410456062291,0.7739154616240267,0.9046162402669632,0.8239154616240267,0.09427141268075634,0.1307007786429365,0.08036707452725245,11,8.0,False,0.6931471805599453,2.302585092994046,1.6094379124341005,Stieger2021/8,0.27108536300015
Stieger2021,8,csp_lda,3,7.215412514043232,0.8416075650118203,0.93887200270179,0.8783519081391422,0.9257007767646066,0.9412360688956434,0.9055048969942586,0.0023640661938533203,0.015535292131036771,0.09962850388382305,11,7.0,False,1.0986122886681098,2.302585092994046,1.2039728043259361,Stieger2021/8,0.1852639379141413
Stieger2021,8,csp_lda,4,6.4926466559710025,0.8873873873873874,0.9672399672399672,0.9515970515970515,0.8742833742833743,0.9598689598689598,0.9617526617526618,-0.0073710073710073765,0.08558558558558549,0.07248157248157239,11,6.0,False,1.3862943611198906,2.302585092994046,0.9162907318741553,Stieger2021/8,-0.21165579801413514
Stieger2021,8,csp_lda,5,6.570813501178119,0.7310897435897435,0.9048076923076924,0.8862179487179487,0.9551282051282052,0.8794871794871796,0.89,-0.02532051282051284,-0.0756410256410256,0.14839743589743604,11,5.0,False,1.6094379124341003,2.302585092994046,0.6931471805599456,Stieger2021/8,-0.1687290836273932
Stieger2021,8,csp_lda,6,9.29109594073565,0.6876456876456877,0.7707847707847707,,0.6798756798756798,0.8018648018648019,0.7900543900543902,0.031080031080031212,0.12198912198912215,0.11421911421911424,11,4.0,False,1.791759469228055,2.302585092994046,0.5108256237659909,Stieger2021/8,1.325162438088067
Stieger2021,8,csp_lda,7,8.906457451305762,0.8905413444378346,0.9946460440214158,,0.9851279000594884,0.9809637120761452,0.9784651992861392,-0.013682331945270576,-0.0041641879833431705,0.09042236763831057,11,3.0,False,1.9459101490553132,2.302585092994046,0.35667494393873267,Stieger2021/8,1.1139313651932194
Stieger2021,8,csp_lda,8,5.765767146489591,0.8840958605664488,0.9877995642701524,,0.9712418300653596,0.9686274509803924,0.9612200435729849,-0.019172113289759984,-0.0026143790849672,0.08453159041394354,11,2.0,False,2.0794415416798357,2.302585092994046,0.22314355131421015,Stieger2021/8,-0.6108346188352543
Stieger2021,8,csp_lda,9,6.913722788681196,0.9318755256518082,0.9957947855340624,,1.0,0.9915895710681244,0.986879730866274,-0.004205214465938023,-0.008410428931875602,0.0597140454163162,11,1.0,False,2.1972245773362196,2.302585092994046,0.10536051565782634,Stieger2021/8,0.019585655264815174
Stieger2021,8,csp_lda,10,6.008232641723153,0.8891774891774892,0.9670995670995672,,0.9558441558441558,0.9670995670995672,0.9670995670995672,0.0,0.011255411255411407,0.07792207792207806,11,0.0,True,2.302585092994046,2.302585092994046,0.0,Stieger2021/8,-0.47768037633061383
Stieger2021,8,eegnet,1,9.170077857794604,0.6338416848220769,0.6338416848220769,,0.6338416848220769,0.8904865649963689,,0.256644880174292,0.256644880174292,0.256644880174292,11,9.0,False,0.0,2.302585092994046,2.302585092994046,Stieger2021/8,1.2587032037633796
Stieger2021,8,eegnet,2,7.371687927756797,0.8370411568409344,0.903225806451613,,0.8342602892102337,0.942714126807564,,0.03948832035595096,0.1084538375973303,0.10567296996662956,11,8.0,False,0.6931471805599453,2.302585092994046,1.6094379124341005,Stieger2021/8,0.27108536300015
Stieger2021,8,eegnet,3,7.215412514043232,0.8767308341776427,0.9567713610266804,,0.9425869638635596,0.9875042215467748,,0.030732860520094385,0.044917257683215195,0.110773387369132,11,7.0,False,1.0986122886681098,2.302585092994046,1.2039728043259361,Stieger2021/8,0.1852639379141413
Stieger2021,8,eegnet,4,6.4926466559710025,0.7542997542997544,0.9410319410319412,,0.9211711711711712,0.9967239967239968,,0.0556920556920556,0.07555282555282561,0.24242424242424243,11,6.0,False,1.3862943611198906,2.302585092994046,0.9162907318741553,Stieger2021/8,-0.21165579801413514
Stieger2021,8,eegnet,5,6.570813501178119,0.7461538461538463,0.9788461538461538,,0.8958333333333334,0.9846153846153848,,0.005769230769230971,0.08878205128205141,0.2384615384615385,11,5.0,False,1.6094379124341003,2.302585092994046,0.6931471805599456,Stieger2021/8,-0.1687290836273932
Stieger2021,8,eegnet,6,9.29109594073565,0.6363636363636364,0.9953379953379954,,0.916083916083916,0.9984459984459984,,0.0031080031080029658,0.08236208236208231,0.362082362082362,11,4.0,False,1.791759469228055,2.302585092994046,0.5108256237659909,Stieger2021/8,1.325162438088067
Stieger2021,8,eegnet,7,8.906457451305762,0.7328970850684117,0.992266508030934,,0.7150505651397978,0.998810232004759,,0.006543723973825077,0.28375966686496124,0.2659131469363474,11,3.0,False,1.9459101490553132,2.302585092994046,0.35667494393873267,Stieger2021/8,1.1139313651932194
Stieger2021,8,eegnet,8,5.765767146489591,0.8374727668845316,0.99520697167756,,0.9847494553376904,0.9986928104575163,,0.0034858387799563406,0.013943355119825918,0.1612200435729847,11,2.0,False,2.0794415416798357,2.302585092994046,0.22314355131421015,Stieger2021/8,-0.6108346188352543
Stieger2021,8,eegnet,9,6.913722788681196,0.872161480235492,0.9991589571068124,,0.9806560134566864,1.0,,0.000841042893187649,0.019343986543313596,0.127838519764508,11,1.0,False,2.1972245773362196,2.302585092994046,0.10536051565782634,Stieger2021/8,0.019585655264815174
Stieger2021,8,eegnet,10,6.008232641723153,0.7792207792207793,0.993939393939394,,0.961904761904762,0.993939393939394,,0.0,0.03203463203463197,0.21471861471861475,11,0.0,True,2.302585092994046,2.302585092994046,0.0,Stieger2021/8,-0.47768037633061383
Stieger2021,8,ts_lr,1,9.170077857794604,0.6806100217864923,0.6806100217864923,0.7082062454611474,0.6806100217864923,0.8702977487291212,0.7828612926652142,0.18968772694262892,0.18968772694262892,0.18968772694262892,11,9.0,False,0.0,2.302585092994046,2.302585092994046,Stieger2021/8,1.2587032037633796
Stieger2021,8,ts_lr,2,7.371687927756797,0.8562291434927698,0.9162958843159066,0.9394883203559512,0.8718020022246942,0.9621802002224694,0.935706340378198,0.045884315906562834,0.09037819799777524,0.10595105672969962,11,8.0,False,0.6931471805599453,2.302585092994046,1.6094379124341005,Stieger2021/8,0.27108536300015
Stieger2021,8,ts_lr,3,7.215412514043232,0.8990206011482607,0.9635258358662614,0.9511651469098276,0.9533941236068896,0.9608240459304288,0.947112462006079,-0.002701789935832588,0.007429922323539229,0.06180344478216815,11,7.0,False,1.0986122886681098,2.302585092994046,1.2039728043259361,Stieger2021/8,0.1852639379141413
Stieger2021,8,ts_lr,4,6.4926466559710025,0.9393939393939392,0.979115479115479,0.971007371007371,0.9627354627354628,0.9762489762489762,0.979033579033579,-0.002866502866502807,0.013513513513513375,0.03685503685503699,11,6.0,False,1.3862943611198906,2.302585092994046,0.9162907318741553,Stieger2021/8,-0.21165579801413514
Stieger2021,8,ts_lr,5,6.570813501178119,0.8067307692307693,0.9801282051282052,0.9365384615384617,0.9634615384615384,0.971474358974359,0.950448717948718,-0.008653846153846234,0.008012820512820595,0.1647435897435897,11,5.0,False,1.6094379124341003,2.302585092994046,0.6931471805599456,Stieger2021/8,-0.1687290836273932
Stieger2021,8,ts_lr,6,9.29109594073565,0.797979797979798,0.982128982128982,,0.9642579642579644,0.9627039627039626,0.9452991452991452,-0.019425019425019396,-0.0015540015540017604,0.16472416472416462,11,4.0,False,1.791759469228055,2.302585092994046,0.5108256237659909,Stieger2021/8,1.325162438088067
Stieger2021,8,ts_lr,7,8.906457451305762,0.9387269482450922,0.9982153480071384,,0.9583581201665676,0.9982153480071386,0.997263533610946,2.220446049250313e-16,0.039857227840571,0.05948839976204645,11,3.0,False,1.9459101490553132,2.302585092994046,0.35667494393873267,Stieger2021/8,1.1139313651932194
Stieger2021,8,ts_lr,8,5.765767146489591,0.9254901960784314,0.9978213507625272,,0.9877995642701524,0.9986928104575163,0.9966884531590414,0.0008714596949891407,0.01089324618736398,0.07320261437908493,11,2.0,False,2.0794415416798357,2.302585092994046,0.22314355131421015,Stieger2021/8,-0.6108346188352543
Stieger2021,8,ts_lr,9,6.913722788681196,0.9865433137089992,0.9974768713204374,,1.0,1.0,1.0,0.002523128679562614,0.0,0.01345668629100083,11,1.0,False,2.1972245773362196,2.302585092994046,0.10536051565782634,Stieger2021/8,0.019585655264815174
Stieger2021,8,ts_lr,10,6.008232641723153,0.9177489177489178,0.954978354978355,,0.9956709956709956,0.954978354978355,0.954978354978355,0.0,-0.04069264069264056,0.03722943722943728,11,0.0,True,2.302585092994046,2.302585092994046,0.0,Stieger2021/8,-0.47768037633061383
Stieger2021,9,csp_lda,1,5.1355592490435615,0.8301435406698565,0.8301435406698565,0.8197767145135566,0.8301435406698565,0.9298245614035088,0.7795853269537479,0.09968102073365226,0.09968102073365226,0.09968102073365226,11,9.0,False,0.0,2.302585092994046,2.302585092994046,Stieger2021/9,-0.9569245031878086
Stieger2021,9,csp_lda,2,5.313374897589179,0.7539893617021277,0.7375886524822697,0.8297872340425532,0.8195921985815603,0.8293439716312058,0.8279255319148936,0.09175531914893609,0.009751773049645474,0.07535460992907805,11,8.0,False,0.6931471805599453,2.302585092994046,1.6094379124341005,Stieger2021/9,-0.8592738747354776
Stieger2021,9,csp_lda,3,4.251266965955828,0.6411764705882352,0.7426470588235294,0.8501960784313727,0.7975490196078432,0.8637254901960785,0.8492156862745098,0.12107843137254903,0.06617647058823528,0.22254901960784323,11,7.0,False,1.0986122886681098,2.302585092994046,1.2039728043259361,Stieger2021/9,-1.4425493505246338
Stieger2021,9,csp_lda,4,5.238772597005243,0.8654019873532068,0.93676603432701,0.9161698283649504,0.9611562782294488,0.943089430894309,0.93550135501355,0.006323396567298967,-0.018066847335139857,0.07768744354110213,11,6.0,False,1.3862943611198906,2.302585092994046,0.9162907318741553,Stieger2021/9,-0.9002430559948096
Stieger2021,9,csp_lda,5,4.55022239929928,0.8240788790866631,0.9102231447846394,0.8614426569797613,0.815256875973015,0.8972496107939802,0.8832381940840683,-0.012973533990659147,0.08199273482096525,0.07317073170731714,11,5.0,False,1.6094379124341003,2.302585092994046,0.6931471805599456,Stieger2021/9,-1.2783726530067112
Stieger2021,9,csp_lda,6,5.890209775108176,0.6723646723646725,0.8326210826210827,,0.5890313390313391,0.8668091168091168,0.8478632478632478,0.03418803418803407,0.2777777777777777,0.1944444444444443,11,4.0,False,1.791759469228055,2.302585092994046,0.5108256237659909,Stieger2021/9,-0.5424947342960856
Stieger2021,9,csp_lda,7,7.213818553582211,0.7390722569134701,0.9152542372881356,,0.8068688670829616,0.9531668153434434,0.9502230151650312,0.03791257805530779,0.1462979482604818,0.21409455842997327,11,3.0,False,1.9459101490553132,2.302585092994046,0.35667494393873267,Stieger2021/9,0.18438858615505863
Stieger2021,9,csp_lda,8,4.094775496239026,0.7837931034482759,0.8989655172413793,,0.8803448275862069,0.9113793103448274,0.9069655172413794,0.012413793103448145,0.03103448275862053,0.12758620689655154,11,2.0,False,2.0794415416798357,2.302585092994046,0.22314355131421015,Stieger2021/9,-1.5284894266105378
Stieger2021,9,csp_lda,9,5.020514523290297,0.7563352826510721,0.9483430799220272,,0.8996101364522416,0.9580896686159844,0.950682261208577,0.009746588693957281,0.0584795321637428,0.20175438596491235,11,1.0,False,2.1972245773362196,2.302585092994046,0.10536051565782634,Stieger2021/9,-1.0201033620892532
Stieger2021,9,csp_lda,10,7.519488901852401,0.7023394723743156,0.9566948730711796,,0.7934295669487308,0.9566948730711796,0.9566948730711796,0.0,0.16326530612244883,0.254355400696864,11,0.0,True,2.302585092994046,2.302585092994046,0.0,Stieger2021/9,0.35225289872802923
Stieger2021,9,eegnet,1,5.1355592490435615,0.5486443381180223,0.5486443381180223,,0.5486443381180223,0.9728867623604466,,0.4242424242424243,0.4242424242424243,0.4242424242424243,11,9.0,False,0.0,2.302585092994046,2.302585092994046,Stieger2021/9,-0.9569245031878086
Stieger2021,9,eegnet,2,5.313374897589179,0.512854609929078,0.5079787234042553,,0.5066489361702128,0.9933510638297872,,0.4853723404255319,0.48670212765957444,0.48049645390070916,11,8.0,False,0.6931471805599453,2.302585092994046,1.6094379124341005,Stieger2021/9,-0.8592738747354776
Stieger2021,9,eegnet,3,4.251266965955828,0.4745098039215686,0.9220588235294116,,0.4426470588235294,0.957843137254902,,0.0357843137254904,0.5151960784313726,0.4833333333333334,11,7.0,False,1.0986122886681098,2.302585092994046,1.2039728043259361,Stieger2021/9,-1.4425493505246338
Stieger2021,9,eegnet,4,5.238772597005243,0.6106594399277325,0.911472448057814,,0.5898825654923217,0.959349593495935,,0.04787714543812094,0.3694670280036133,0.34869015356820243,11,6.0,False,1.3862943611198906,2.302585092994046,0.9162907318741553,Stieger2021/9,-0.9002430559948096
Stieger2021,9,eegnet,5,4.55022239929928,0.468604047742605,0.9527763362740008,,0.7218474312402698,0.9776855215360664,,0.024909185262065536,0.2558380902957965,0.5090814737934614,11,5.0,False,1.6094379124341003,2.302585092994046,0.6931471805599456,Stieger2021/9,-1.2783726530067112
Stieger2021,9,eegnet,6,5.890209775108176,0.5477207977207977,0.9515669515669516,,0.6958689458689459,0.9736467236467236,,0.022079772079771964,0.2777777777777777,0.4259259259259258,11,4.0,False,1.791759469228055,2.302585092994046,0.5108256237659909,Stieger2021/9,-0.5424947342960856
Stieger2021,9,eegnet,7,7.213818553582211,0.3327386262265834,0.971900089206066,,0.3880463871543265,0.97992863514719,,0.00802854594112401,0.5918822479928635,0.6471900089206066,11,3.0,False,1.9459101490553132,2.302585092994046,0.35667494393873267,Stieger2021/9,0.18438858615505863
Stieger2021,9,eegnet,8,4.094775496239026,0.4817241379310344,0.940344827586207,,0.7334482758620691,0.9582758620689656,,0.01793103448275868,0.22482758620689658,0.47655172413793123,11,2.0,False,2.0794415416798357,2.302585092994046,0.22314355131421015,Stieger2021/9,-1.5284894266105378
Stieger2021,9,eegnet,9,5.020514523290297,0.5185185185185185,0.953216374269006,,0.6306042884990253,0.9736842105263158,,0.020467836257309857,0.34307992202729054,0.45516569200779733,11,1.0,False,2.1972245773362196,2.302585092994046,0.10536051565782634,Stieger2021/9,-1.0201033620892532
Stieger2021,9,eegnet,10,7.519488901852401,0.3872573419611747,0.9910403185664508,,0.3563962170233947,0.9910403185664508,,0.0,0.6346441015430562,0.6037829766052761,11,0.0,True,2.302585092994046,2.302585092994046,0.0,Stieger2021/9,0.35225289872802923
Stieger2021,9,ts_lr,1,5.1355592490435615,0.7687400318979267,0.7687400318979267,0.8475279106858054,0.7687400318979267,0.8835725677830941,0.8283891547049442,0.1148325358851674,0.1148325358851674,0.1148325358851674,11,9.0,False,0.0,2.302585092994046,2.302585092994046,Stieger2021/9,-0.9569245031878086
Stieger2021,9,ts_lr,2,5.313374897589179,0.7783687943262412,0.8364361702127661,0.8714539007092199,0.7486702127659575,0.9033687943262412,0.8485815602836879,0.06693262411347511,0.1546985815602837,0.125,11,8.0,False,0.6931471805599453,2.302585092994046,1.6094379124341005,Stieger2021/9,-0.8592738747354776
Stieger2021,9,ts_lr,3,4.251266965955828,0.7044117647058823,0.8436274509803922,0.8718627450980392,0.8627450980392157,0.9034313725490196,0.8617647058823529,0.05980392156862746,0.04068627450980389,0.19901960784313732,11,7.0,False,1.0986122886681098,2.302585092994046,1.2039728043259361,Stieger2021/9,-1.4425493505246338
Stieger2021,9,ts_lr,4,5.238772597005243,0.8726287262872628,0.940379403794038,0.9539295392953928,0.8934056007226738,0.9701897018970188,0.9504968383017164,0.02981029810298086,0.07678410117434498,0.09756097560975596,11,6.0,False,1.3862943611198906,2.302585092994046,0.9162907318741553,Stieger2021/9,-0.9002430559948096
Stieger2021,9,ts_lr,5,4.55022239929928,0.8329008822003113,0.9377270368448364,0.928386092371562,0.9034769071094966,0.9325376232485728,0.9134405812143228,-0.00518941359626357,0.029060716139076237,0.09963674104826148,11,5.0,False,1.6094379124341003,2.302585092994046,0.6931471805599456,Stieger2021/9,-1.2783726530067112
Stieger2021,9,ts_lr,6,5.890209775108176,0.7713675213675214,0.8739316239316239,,0.7948717948717949,0.9024216524216524,0.8870370370370371,0.028490028490028463,0.10754985754985746,0.131054131054131,11,4.0,False,1.791759469228055,2.302585092994046,0.5108256237659909,Stieger2021/9,-0.5424947342960856
Stieger2021,9,ts_lr,7,7.213818553582211,0.7653880463871543,0.9255129348795718,,0.8898305084745763,0.9585191793041928,0.9564674397859054,0.03300624442462108,0.0686886708296165,0.19313113291703854,11,3.0,False,1.9459101490553132,2.302585092994046,0.35667494393873267,Stieger2021/9,0.18438858615505863
Stieger2021,9,ts_lr,8,4.094775496239026,0.8379310344827586,0.956896551724138,,0.8782758620689655,0.9589655172413794,0.9639310344827589,0.002068965517241339,0.08068965517241389,0.12103448275862072,11,2.0,False,2.0794415416798357,2.302585092994046,0.22314355131421015,Stieger2021/9,-1.5284894266105378
Stieger2021,9,ts_lr,9,5.020514523290297,0.8791423001949318,0.9805068226120858,,0.9074074074074074,0.9707602339181288,0.9693957115009748,-0.009746588693956948,0.06335282651072138,0.09161793372319704,11,1.0,False,2.1972245773362196,2.302585092994046,0.10536051565782634,Stieger2021/9,-1.0201033620892532
Stieger2021,9,ts_lr,10,7.519488901852401,0.6998506719761075,0.9328023892483824,,0.7765057242409158,0.9328023892483824,0.9328023892483824,0.0,0.15629666500746664,0.23295171727227493,11,0.0,True,2.302585092994046,2.302585092994046,0.0,Stieger2021/9,0.35225289872802923
Stieger2021,10,csp_lda,1,10.399520360357984,0.5903614457831325,0.5903614457831325,0.6270729978738484,0.5903614457831325,0.7357902197023387,0.6072572643515237,0.14542877391920617,0.14542877391920617,0.14542877391920617,11,9.0,False,0.0,2.302585092994046,2.302585092994046,Stieger2021/10,1.9338734376729194
Stieger2021,10,csp_lda,2,5.336725803259057,0.5327160493827161,0.6121913580246914,0.6224999999999999,0.633641975308642,0.6279320987654321,0.6662345679012345,0.015740740740740722,-0.005709876543209869,0.095216049382716,11,8.0,False,0.6931471805599453,2.302585092994046,1.6094379124341005,Stieger2021/10,-0.8464503092492838
Stieger2021,10,csp_lda,3,4.167659571055708,0.5782756664775951,0.6513045944412933,0.773057288712422,0.6677538287010777,0.8089903573454339,0.672688598979013,0.1576857629041406,0.1412365286443562,0.2307146908678388,11,7.0,False,1.0986122886681098,2.302585092994046,1.2039728043259361,Stieger2021/10,-1.4884638396150836
Stieger2021,10,csp_lda,4,6.266951129851924,0.4889972493123281,0.7420605151287823,0.7240310077519381,0.7463115778944737,0.7770692673168292,0.7583895973993499,0.03500875218804689,0.030757689422355572,0.28807201800450116,11,6.0,False,1.3862943611198906,2.302585092994046,0.9162907318741553,Stieger2021/10,-0.3356005134802409
Stieger2021,10,csp_lda,5,5.806905481141012,0.5951487536853389,0.7508710801393729,0.6377646743500403,0.8028678638434735,0.8142589118198875,0.730554811042616,0.06338783168051465,0.011391047976413993,0.2191101581345486,11,5.0,False,1.6094379124341003,2.302585092994046,0.6931471805599456,Stieger2021/10,-0.5882427701141169
Stieger2021,10,csp_lda,6,5.143275647279589,0.5412111017661901,0.6230726100364452,,0.6184468741239137,0.6666666666666666,0.6433137089991589,0.04359405663022142,0.04821979254275288,0.1254555649004765,11,4.0,False,1.791759469228055,2.302585092994046,0.5108256237659909,Stieger2021/10,-0.9526869057474279
Stieger2021,10,csp_lda,7,8.122478639083697,0.5273202614379086,0.6597385620915033,,0.7281045751633988,0.7145098039215687,0.7373856209150327,0.05477124183006543,-0.013594771241830061,0.18718954248366015,11,3.0,False,1.9459101490553132,2.302585092994046,0.35667494393873267,Stieger2021/10,0.6833954459253663
Stieger2021,10,csp_lda,8,7.495454540255927,0.5193236714975845,0.5729468599033817,,0.7435990338164251,0.6212560386473429,0.6557004830917874,0.048309178743961234,-0.1223429951690822,0.1019323671497584,11,2.0,False,2.0794415416798357,2.302585092994046,0.22314355131421015,Stieger2021/10,0.33905400125448004
Stieger2021,10,csp_lda,9,5.934848207970607,0.5583333333333332,0.6254830917874397,,0.5851449275362319,0.6288647342995168,0.6383574879227053,0.0033816425120771765,0.04371980676328491,0.0705314009661836,11,1.0,False,2.1972245773362196,2.302585092994046,0.10536051565782634,Stieger2021/10,-0.5179807443419042
Stieger2021,10,csp_lda,10,6.799003541848819,0.4481852315394243,0.7105131414267835,,0.6314142678347935,0.7105131414267835,0.7105131414267835,0.0,0.07909887359198997,0.26232790988735916,11,0.0,True,2.302585092994046,2.302585092994046,0.0,Stieger2021/10,-0.043414461093817955
Stieger2021,10,eegnet,1,10.399520360357984,0.5753366406803686,0.5753366406803686,,0.5753366406803686,0.8506024096385543,,0.27526576895818566,0.27526576895818566,0.27526576895818566,11,9.0,False,0.0,2.302585092994046,2.302585092994046,Stieger2021/10,1.9338734376729194
Stieger2021,10,eegnet,2,5.336725803259057,0.6279320987654321,0.6330246913580246,,0.6143518518518518,0.8438271604938271,,0.21080246913580247,0.2294753086419753,0.215895061728395,11,8.0,False,0.6931471805599453,2.302585092994046,1.6094379124341005,Stieger2021/10,-0.8464503092492838
Stieger2021,10,eegnet,3,4.167659571055708,0.6281905842314237,0.6745604083947817,,0.4788712422007941,0.8893930799773113,,0.2148326715825296,0.41052183777651724,0.2612024957458876,11,7.0,False,1.0986122886681098,2.302585092994046,1.2039728043259361,Stieger2021/10,-1.4884638396150836
Stieger2021,10,eegnet,4,6.266951129851924,0.6059014753688422,0.7025506376594148,,0.5878969742435609,0.8294573643410853,,0.12690672668167047,0.2415603900975244,0.2235558889722431,11,6.0,False,1.3862943611198906,2.302585092994046,0.9162907318741553,Stieger2021/10,-0.3356005134802409
Stieger2021,10,eegnet,5,5.806905481141012,0.6751541141785045,0.6683194853926562,,0.5434199946395069,0.8524524256231573,,0.18413294023050109,0.3090324309836504,0.1772983114446528,11,5.0,False,1.6094379124341003,2.302585092994046,0.6931471805599456,Stieger2021/10,-0.5882427701141169
Stieger2021,10,eegnet,6,5.143275647279589,0.5364451920381273,0.7218951499859827,,0.5308382394168769,0.8522567984300532,,0.1303616484440705,0.3214185590131763,0.31581160639192585,11,4.0,False,1.791759469228055,2.302585092994046,0.5108256237659909,Stieger2021/10,-0.9526869057474279
Stieger2021,10,eegnet,7,8.122478639083697,0.6338562091503268,0.8162091503267973,,0.5149019607843137,0.8346405228758169,,0.01843137254901961,0.3197385620915032,0.2007843137254901,11,3.0,False,1.9459101490553132,2.302585092994046,0.35667494393873267,Stieger2021/10,0.6833954459253663
Stieger2021,10,eegnet,8,7.495454540255927,0.5329710144927536,0.8630434782608696,,0.4298309178743961,0.8757246376811594,,0.0126811594202898,0.4458937198067633,0.34275362318840574,11,2.0,False,2.0794415416798357,2.302585092994046,0.22314355131421015,Stieger2021/10,0.33905400125448004
Stieger2021,10,eegnet,9,5.934848207970607,0.5894927536231883,0.7816425120772947,,0.6089371980676328,0.8346618357487922,,0.05301932367149742,0.22572463768115936,0.24516908212560384,11,1.0,False,2.1972245773362196,2.302585092994046,0.10536051565782634,Stieger2021/10,-0.5179807443419042
Stieger2021,10,eegnet,10,6.799003541848819,0.557947434292866,0.8826032540675846,,0.4826032540675845,0.8826032540675846,,0.0,0.4000000000000001,0.3246558197747186,11,0.0,True,2.302585092994046,2.302585092994046,0.0,Stieger2021/10,-0.043414461093817955
Stieger2021,10,ts_lr,1,10.399520360357984,0.6158752657689581,0.6158752657689581,0.6633876683203402,0.6158752657689581,0.7593196314670446,0.6618001417434444,0.1434443656980865,0.1434443656980865,0.1434443656980865,11,9.0,False,0.0,2.302585092994046,2.302585092994046,Stieger2021/10,1.9338734376729194
Stieger2021,10,ts_lr,2,5.336725803259057,0.5612654320987653,0.6459876543209877,0.7085802469135803,0.6177469135802469,0.7763888888888888,0.7227777777777777,0.1304012345679011,0.15864197530864188,0.21512345679012346,11,8.0,False,0.6931471805599453,2.302585092994046,1.6094379124341005,Stieger2021/10,-0.8464503092492838
Stieger2021,10,ts_lr,3,4.167659571055708,0.6622234826999432,0.7823312535450936,0.8256097560975609,0.7280204197390812,0.8512478729438457,0.7971072036301758,0.06891661939875215,0.12322745320476458,0.1890243902439025,11,7.0,False,1.0986122886681098,2.302585092994046,1.2039728043259361,Stieger2021/10,-1.4884638396150836
Stieger2021,10,ts_lr,4,6.266951129851924,0.5846461615403851,0.7798199549887472,0.8170042510627656,0.7404351087771943,0.8337084271067768,0.8132533133283321,0.05388847211802961,0.09327331832958252,0.24906226556639177,11,6.0,False,1.3862943611198906,2.302585092994046,0.9162907318741553,Stieger2021/10,-0.3356005134802409
Stieger2021,10,ts_lr,5,5.806905481141012,0.6809166443312785,0.8689359421066738,0.8591530420798714,0.8068882337175021,0.8803269900830877,0.8655588314124898,0.011391047976413882,0.07343875636558561,0.19941034575180916,11,5.0,False,1.6094379124341003,2.302585092994046,0.6931471805599456,Stieger2021/10,-0.5882427701141169
Stieger2021,10,ts_lr,6,5.143275647279589,0.6530698065601347,0.8351555929352397,,0.7263807120829829,0.8211382113821138,0.7756377908606672,-0.014017381553125818,0.09475749929913091,0.16806840482197916,11,4.0,False,1.791759469228055,2.302585092994046,0.5108256237659909,Stieger2021/10,-0.9526869057474279
Stieger2021,10,ts_lr,7,8.122478639083697,0.6500653594771241,0.7675816993464053,,0.7379084967320262,0.8092810457516341,0.8007058823529413,0.041699346405228765,0.07137254901960788,0.15921568627451,11,3.0,False,1.9459101490553132,2.302585092994046,0.35667494393873267,Stieger2021/10,0.6833954459253663
Stieger2021,10,ts_lr,8,7.495454540255927,0.6275362318840579,0.8316425120772947,,0.802536231884058,0.8276570048309178,0.8331642512077295,-0.003985507246376918,0.02512077294685977,0.20012077294685982,11,2.0,False,2.0794415416798357,2.302585092994046,0.22314355131421015,Stieger2021/10,0.33905400125448004
Stieger2021,10,ts_lr,9,5.934848207970607,0.5714975845410628,0.7551932367149758,,0.6508454106280193,0.7661835748792271,0.7654830917874397,0.010990338164251212,0.1153381642512078,0.19468599033816425,11,1.0,False,2.1972245773362196,2.302585092994046,0.10536051565782634,Stieger2021/10,-0.5179807443419042
Stieger2021,10,ts_lr,10,6.799003541848819,0.5336670838548185,0.7897371714643304,,0.6991239048811014,0.7897371714643304,0.7897371714643304,0.0,0.09061326658322899,0.2560700876095119,11,0.0,True,2.302585092994046,2.302585092994046,0.0,Stieger2021/10,-0.043414461093817955
Stieger2021,11,csp_lda,1,9.883596267185006,0.5,0.5,0.6197597348798675,0.5,0.5004142502071252,0.5717481358740679,0.00041425020712515526,0.00041425020712515526,0.00041425020712515526,11,9.0,False,0.0,2.302585092994046,2.302585092994046,Stieger2021/11,1.6505445386468263
Stieger2021,11,csp_lda,2,7.600626735394714,0.5,0.90625,0.6007211538461539,0.6240384615384615,0.6401442307692309,0.5864903846153846,-0.2661057692307691,0.01610576923076934,0.14014423076923088,11,8.0,False,0.6931471805599453,2.302585092994046,1.6094379124341005,Stieger2021/11,0.3968111842415504
Stieger2021,11,csp_lda,3,7.304657741895629,0.5,0.8449230769230769,0.5315692307692308,0.7907692307692308,0.5895384615384615,0.5730461538461539,-0.25538461538461543,-0.20123076923076932,0.08953846153846146,11,7.0,False,1.0986122886681098,2.302585092994046,1.2039728043259361,Stieger2021/11,0.23427454332169842
Stieger2021,11,csp_lda,4,5.9572556745374206,0.5,0.6294298921417565,0.56512583461736,0.6789933230611197,0.6022085259373395,0.5456086286594762,-0.027221366204416952,-0.07678479712378017,0.10220852593733953,11,6.0,False,1.3862943611198906,2.302585092994046,0.9162907318741553,Stieger2021/11,-0.5056752852320293
Stieger2021,11,csp_lda,5,6.7367689964040185,0.5,0.6893808370805949,0.5295745416810792,0.5299204427533726,0.6229678312002768,0.5750951227948807,-0.06641300588031818,0.09304738844690419,0.12296783120027677,11,5.0,False,1.6094379124341003,2.302585092994046,0.6931471805599456,Stieger2021/11,-0.07759166947697593
Stieger2021,11,csp_lda,6,5.195061887208096,0.5,0.5315384615384615,,0.5219230769230769,0.4988461538461539,0.5232307692307693,-0.03269230769230763,-0.02307692307692305,-0.0011538461538461164,11,4.0,False,1.791759469228055,2.302585092994046,0.5108256237659909,Stieger2021/11,-0.9242475703145591
Stieger2021,11,csp_lda,7,6.327755339375306,0.5,0.650462962962963,,0.5601851851851852,0.4811507936507936,0.5675925925925925,-0.1693121693121694,-0.07903439153439162,-0.018849206349206393,11,3.0,False,1.9459101490553132,2.302585092994046,0.35667494393873267,Stieger2021/11,-0.3022087995277858
Stieger2021,11,csp_lda,8,7.054003230869763,0.5,0.5606469002695418,,0.5034441449535789,0.4764899670560047,0.562324049116502,-0.08415693321353707,-0.026954177897574205,-0.023510032943995285,11,2.0,False,2.0794415416798357,2.302585092994046,0.22314355131421015,Stieger2021/11,0.09662315703322828
Stieger2021,11,csp_lda,9,8.69750267141181,0.5,0.6377534064473247,,0.5317381189764041,0.6384180790960452,0.604054503157195,0.000664672648720499,0.10667996011964109,0.1384180790960452,11,1.0,False,2.1972245773362196,2.302585092994046,0.10536051565782634,Stieger2021/11,0.9991801284958016
Stieger2021,11,csp_lda,10,7.685480771247909,0.5,0.5190754664438875,,0.5460874408242828,0.5190754664438875,0.5190754664438875,0.0,-0.027011974380395376,0.019075466443887468,11,0.0,True,2.302585092994046,2.302585092994046,0.0,Stieger2021/11,0.44341028840113406
Stieger2021,11,eegnet,1,9.883596267185006,0.6754349627174813,0.6754349627174813,,0.6754349627174813,0.8417564208782105,,0.16632145816072919,0.16632145816072919,0.16632145816072919,11,9.0,False,0.0,2.302585092994046,2.302585092994046,Stieger2021/11,1.6505445386468263
Stieger2021,11,eegnet,2,7.600626735394714,0.7314903846153847,0.914423076923077,,0.5721153846153846,0.9891826923076924,,0.0747596153846154,0.4170673076923078,0.25769230769230766,11,8.0,False,0.6931471805599453,2.302585092994046,1.6094379124341005,Stieger2021/11,0.3968111842415504
Stieger2021,11,eegnet,3,7.304657741895629,0.6769230769230768,0.9012307692307692,,0.9203076923076924,0.9836923076923078,,0.08246153846153859,0.06338461538461537,0.3067692307692309,11,7.0,False,1.0986122886681098,2.302585092994046,1.2039728043259361,Stieger2021/11,0.23427454332169842
Stieger2021,11,eegnet,4,5.9572556745374206,0.650231124807396,0.7994350282485876,,0.6997945557267591,0.8908577298407807,,0.09142270159219312,0.19106317411402163,0.24062660503338473,11,6.0,False,1.3862943611198906,2.302585092994046,0.9162907318741553,Stieger2021/11,-0.5056752852320293
Stieger2021,11,eegnet,5,6.7367689964040185,0.5959875475613975,0.8650985818056036,,0.5437564856451055,0.9277066758906952,,0.0626080940850916,0.38395019024558974,0.33171912832929773,11,5.0,False,1.6094379124341003,2.302585092994046,0.6931471805599456,Stieger2021/11,-0.07759166947697593
Stieger2021,11,eegnet,6,5.195061887208096,0.5138461538461538,0.5511538461538461,,0.6011538461538461,0.5361538461538462,,-0.014999999999999902,-0.06499999999999995,0.02230769230769236,11,4.0,False,1.791759469228055,2.302585092994046,0.5108256237659909,Stieger2021/11,-0.9242475703145591
Stieger2021,11,eegnet,7,6.327755339375306,0.5654761904761905,0.656084656084656,,0.5968915343915343,0.6617063492063491,,0.005621693121693028,0.06481481481481477,0.09623015873015861,11,3.0,False,1.9459101490553132,2.302585092994046,0.35667494393873267,Stieger2021/11,-0.3022087995277858
Stieger2021,11,eegnet,8,7.054003230869763,0.6352201257861635,0.5971847858640311,,0.5603474094040133,0.5747229709493861,,-0.02246181491464505,0.014375561545372784,-0.06049715483677742,11,2.0,False,2.0794415416798357,2.302585092994046,0.22314355131421015,Stieger2021/11,0.09662315703322828
Stieger2021,11,eegnet,9,8.69750267141181,0.6264539714190761,0.8202060485211033,,0.5536723163841809,0.809238949817215,,-0.010967098703888345,0.2555666334330341,0.1827849783981389,11,1.0,False,2.1972245773362196,2.302585092994046,0.10536051565782634,Stieger2021/11,0.9991801284958016
Stieger2021,11,eegnet,10,7.685480771247909,0.5377332219437483,0.8908382066276804,,0.5917571707045391,0.8908382066276804,,0.0,0.2990810359231413,0.35310498468393214,11,0.0,True,2.302585092994046,2.302585092994046,0.0,Stieger2021/11,0.44341028840113406
Stieger2021,11,ts_lr,1,9.883596267185006,0.725973487986744,0.725973487986744,0.7358740679370339,0.725973487986744,0.7466859983429991,0.7078707539353771,0.0207125103562551,0.0207125103562551,0.0207125103562551,11,9.0,False,0.0,2.302585092994046,2.302585092994046,Stieger2021/11,1.6505445386468263
Stieger2021,11,ts_lr,2,7.600626735394714,0.8894230769230769,0.9137019230769232,0.8266346153846154,0.8016826923076923,0.9197115384615384,0.842355769230769,0.006009615384615197,0.11802884615384612,0.030288461538461542,11,8.0,False,0.6931471805599453,2.302585092994046,1.6094379124341005,Stieger2021/11,0.3968111842415504
Stieger2021,11,ts_lr,3,7.304657741895629,0.8412307692307692,0.9716923076923076,0.8574153846153847,0.909846153846154,0.9467692307692308,0.9107692307692308,-0.024923076923076826,0.036923076923076836,0.10553846153846158,11,7.0,False,1.0986122886681098,2.302585092994046,1.2039728043259361,Stieger2021/11,0.23427454332169842
Stieger2021,11,ts_lr,4,5.9572556745374206,0.7942989214175655,0.8076527991782229,0.8166923472008218,0.7853107344632767,0.8487416538263997,0.8099126861838727,0.0410888546481768,0.06343091936312295,0.05444273240883413,11,6.0,False,1.3862943611198906,2.302585092994046,0.9162907318741553,Stieger2021/11,-0.5056752852320293
Stieger2021,11,ts_lr,5,6.7367689964040185,0.8429609131788308,0.9239017640954686,0.8806641300588034,0.8007609823590454,0.9124870287097888,0.8997578692493947,-0.01141473538567983,0.11172604635074346,0.069526115530958,11,5.0,False,1.6094379124341003,2.302585092994046,0.6931471805599456,Stieger2021/11,-0.07759166947697593
Stieger2021,11,ts_lr,6,5.195061887208096,0.6542307692307693,0.6342307692307692,,0.6030769230769231,0.6488461538461539,0.6403846153846153,0.014615384615384697,0.045769230769230784,-0.005384615384615432,11,4.0,False,1.791759469228055,2.302585092994046,0.5108256237659909,Stieger2021/11,-0.9242475703145591
Stieger2021,11,ts_lr,7,6.327755339375306,0.6081349206349206,0.6610449735449736,,0.6150793650793651,0.6673280423280423,0.6767857142857142,0.006283068783068724,0.05224867724867721,0.05919312169312174,11,3.0,False,1.9459101490553132,2.302585092994046,0.35667494393873267,Stieger2021/11,-0.3022087995277858
Stieger2021,11,ts_lr,8,7.054003230869763,0.5582509733453129,0.7115902964959568,,0.6232404911650195,0.6891284815813118,0.6920035938903862,-0.02246181491464505,0.06588799041629234,0.13087750823599886,11,2.0,False,2.0794415416798357,2.302585092994046,0.22314355131421015,Stieger2021/11,0.09662315703322828
Stieger2021,11,ts_lr,9,8.69750267141181,0.7102027251578598,0.844798936523762,,0.6630109670987039,0.8524426719840478,0.8503821867730142,0.007643735460285739,0.1894317048853439,0.142239946826188,11,1.0,False,2.1972245773362196,2.302585092994046,0.10536051565782634,Stieger2021/11,0.9991801284958016
Stieger2021,11,ts_lr,10,7.685480771247909,0.8869395711500975,0.8919521024784183,,0.8253968253968255,0.8919521024784183,0.8919521024784183,0.0,0.06655527708159281,0.005012531328320802,11,0.0,True,2.302585092994046,2.302585092994046,0.0,Stieger2021/11,0.44341028840113406
Stieger2021,12,csp_lda,1,6.470594236657425,0.6627450980392157,0.6627450980392157,0.5633986928104575,0.6627450980392157,0.7189542483660131,0.5869281045751633,0.05620915032679741,0.05620915032679741,0.05620915032679741,11,9.0,False,0.0,2.302585092994046,2.302585092994046,Stieger2021/12,-0.2237662766051838
Stieger2021,12,csp_lda,2,6.690901795604692,0.7059961315280464,0.6552224371373307,0.6029980657640233,0.7209864603481625,0.7872340425531915,0.6588974854932301,0.13201160541586077,0.06624758220502902,0.0812379110251451,11,8.0,False,0.6931471805599453,2.302585092994046,1.6094379124341005,Stieger2021/12,-0.1027804592153239
Stieger2021,12,csp_lda,3,6.012343228239787,0.8179487179487179,0.7410256410256411,0.5458974358974359,0.7478632478632479,0.8662393162393163,0.6844444444444444,0.1252136752136752,0.1183760683760684,0.04829059829059834,11,7.0,False,1.0986122886681098,2.302585092994046,1.2039728043259361,Stieger2021/12,-0.47542297457806815
Stieger2021,12,csp_lda,4,7.735322203644534,0.6198275862068966,0.7482758620689655,0.6133908045977011,0.6956896551724138,0.7775862068965518,0.663448275862069,0.02931034482758632,0.08189655172413801,0.15775862068965518,11,6.0,False,1.3862943611198906,2.302585092994046,0.9162907318741553,Stieger2021/12,0.4707815981610071
Stieger2021,12,csp_lda,5,6.50637717524657,0.5012820512820513,0.5721153846153846,0.4871794871794871,0.5788461538461539,0.5698717948717948,0.562628205128205,-0.0022435897435897356,-0.008974358974359053,0.06858974358974357,11,5.0,False,1.6094379124341003,2.302585092994046,0.6931471805599456,Stieger2021/12,-0.20411543895573642
Stieger2021,12,csp_lda,6,9.667785746138462,0.6085164835164836,0.5611263736263736,,0.6164148351648352,0.4955357142857143,0.5552197802197801,-0.06559065934065933,-0.1208791208791209,-0.11298076923076927,11,4.0,False,1.791759469228055,2.302585092994046,0.5108256237659909,Stieger2021/12,1.5320283496657776
Stieger2021,12,csp_lda,7,5.997818409566752,0.5277382645803699,0.7233285917496444,,0.507823613086771,0.729018492176387,0.7093409198672357,0.005689900426742667,0.221194879089616,0.20128022759601716,11,3.0,False,1.9459101490553132,2.302585092994046,0.35667494393873267,Stieger2021/12,-0.483399537288825
Stieger2021,12,csp_lda,8,5.607366308066674,0.62,0.7557692307692307,,0.5784615384615385,0.7434615384615384,0.7637692307692308,-0.012307692307692353,0.16499999999999992,0.1234615384615384,11,2.0,False,2.0794415416798357,2.302585092994046,0.22314355131421015,Stieger2021/12,-0.6978232587321859
Stieger2021,12,csp_lda,9,6.155471445699897,0.5676923076923077,0.5326923076923078,,0.5415384615384615,0.5688461538461539,0.5690000000000001,0.03615384615384609,0.027307692307692366,0.001153846153846172,11,1.0,False,2.1972245773362196,2.302585092994046,0.10536051565782634,Stieger2021/12,-0.396821566329929
Stieger2021,12,csp_lda,10,5.209562873121452,0.5893736805066855,0.5302603800140746,,0.5573539760731878,0.5302603800140746,0.5302603800140746,0.0,-0.027093596059113212,-0.059113300492610876,11,0.0,True,2.302585092994046,2.302585092994046,0.0,Stieger2021/12,-0.9162840957879946
Stieger2021,12,eegnet,1,6.470594236657425,0.4816993464052288,0.4816993464052288,,0.4816993464052288,0.8222222222222223,,0.3405228758169935,0.3405228758169935,0.3405228758169935,11,9.0,False,0.0,2.302585092994046,2.302585092994046,Stieger2021/12,-0.2237662766051838
Stieger2021,12,eegnet,2,6.690901795604692,0.6353965183752417,0.7427466150870407,,0.5672147001934236,0.7577369439071567,,0.014990328820116083,0.19052224371373316,0.12234042553191504,11,8.0,False,0.6931471805599453,2.302585092994046,1.6094379124341005,Stieger2021/12,-0.1027804592153239
Stieger2021,12,eegnet,3,6.012343228239787,0.4807692307692307,0.6217948717948718,,0.7957264957264958,0.917094017094017,,0.29529914529914525,0.12136752136752127,0.43632478632478633,11,7.0,False,1.0986122886681098,2.302585092994046,1.2039728043259361,Stieger2021/12,-0.47542297457806815
Stieger2021,12,eegnet,4,7.735322203644534,0.6060344827586207,0.8491379310344827,,0.6393678160919541,0.8612068965517241,,0.012068965517241459,0.22183908045976997,0.2551724137931034,11,6.0,False,1.3862943611198906,2.302585092994046,0.9162907318741553,Stieger2021/12,0.4707815981610071
Stieger2021,12,eegnet,5,6.50637717524657,0.4291666666666667,0.7374999999999999,,0.4272435897435898,0.7977564102564102,,0.060256410256410264,0.3705128205128204,0.3685897435897435,11,5.0,False,1.6094379124341003,2.302585092994046,0.6931471805599456,Stieger2021/12,-0.20411543895573642
Stieger2021,12,eegnet,6,9.667785746138462,0.554945054945055,0.820054945054945,,0.5882554945054945,0.678228021978022,,-0.14182692307692302,0.08997252747252749,0.12328296703296704,11,4.0,False,1.791759469228055,2.302585092994046,0.5108256237659909,Stieger2021/12,1.5320283496657776
Stieger2021,12,eegnet,7,5.997818409566752,0.5801327643432906,0.7200094831673779,,0.4732100521574205,0.7110004741583689,,-0.009009009009009028,0.23779042200094835,0.13086770981507823,11,3.0,False,1.9459101490553132,2.302585092994046,0.35667494393873267,Stieger2021/12,-0.483399537288825
Stieger2021,12,eegnet,8,5.607366308066674,0.4642307692307692,0.7784615384615384,,0.4961538461538461,0.7573076923076923,,-0.02115384615384608,0.26115384615384624,0.2930769230769231,11,2.0,False,2.0794415416798357,2.302585092994046,0.22314355131421015,Stieger2021/12,-0.6978232587321859
Stieger2021,12,eegnet,9,6.155471445699897,0.4853846153846154,0.7053846153846154,,0.5234615384615384,0.7026923076923076,,-0.0026923076923077716,0.1792307692307692,0.2173076923076922,11,1.0,False,2.1972245773362196,2.302585092994046,0.10536051565782634,Stieger2021/12,-0.396821566329929
Stieger2021,12,eegnet,10,5.209562873121452,0.4897959183673469,0.6319493314567206,,0.5654468684025333,0.6319493314567206,,0.0,0.06650246305418728,0.14215341308937368,11,0.0,True,2.302585092994046,2.302585092994046,0.0,Stieger2021/12,-0.9162840957879946
Stieger2021,12,ts_lr,1,6.470594236657425,0.8366013071895425,0.8366013071895425,0.6416993464052287,0.8366013071895425,0.8352941176470589,0.7362091503267975,-0.0013071895424836555,-0.0013071895424836555,-0.0013071895424836555,11,9.0,False,0.0,2.302585092994046,2.302585092994046,Stieger2021/12,-0.2237662766051838
Stieger2021,12,ts_lr,2,6.690901795604692,0.8612185686653772,0.8786266924564797,0.7697292069632494,0.8094777562862668,0.9090909090909092,0.8399419729206963,0.030464216634429442,0.09961315280464234,0.04787234042553201,11,8.0,False,0.6931471805599453,2.302585092994046,1.6094379124341005,Stieger2021/12,-0.1027804592153239
Stieger2021,12,ts_lr,3,6.012343228239787,0.9149572649572648,0.911965811965812,0.8403418803418804,0.8589743589743591,0.8910256410256411,0.8513675213675214,-0.020940170940170866,0.03205128205128194,-0.023931623931623736,11,7.0,False,1.0986122886681098,2.302585092994046,1.2039728043259361,Stieger2021/12,-0.47542297457806815
Stieger2021,12,ts_lr,4,7.735322203644534,0.8083333333333333,0.8704022988505746,0.8563218390804597,0.8477011494252873,0.9198275862068964,0.8527586206896551,0.04942528735632179,0.07212643678160913,0.11149425287356307,11,6.0,False,1.3862943611198906,2.302585092994046,0.9162907318741553,Stieger2021/12,0.4707815981610071
Stieger2021,12,ts_lr,5,6.50637717524657,0.6766025641025641,0.7301282051282052,0.6516025641025641,0.6423076923076924,0.7378205128205129,0.6918589743589744,0.007692307692307665,0.0955128205128205,0.06121794871794872,11,5.0,False,1.6094379124341003,2.302585092994046,0.6931471805599456,Stieger2021/12,-0.20411543895573642
Stieger2021,12,ts_lr,6,9.667785746138462,0.6473214285714286,0.7633928571428571,,0.6246565934065934,0.7362637362637363,0.7163461538461539,-0.027129120879120783,0.1116071428571429,0.08894230769230771,11,4.0,False,1.791759469228055,2.302585092994046,0.5108256237659909,Stieger2021/12,1.5320283496657776
Stieger2021,12,ts_lr,7,5.997818409566752,0.6981981981981983,0.80891417733523,,0.7202465623518255,0.7944523470839261,0.7773352299668089,-0.014461830251303875,0.0742057847321006,0.09625414888572781,11,3.0,False,1.9459101490553132,2.302585092994046,0.35667494393873267,Stieger2021/12,-0.483399537288825
Stieger2021,12,ts_lr,8,5.607366308066674,0.7873076923076923,0.8561538461538462,,0.7223076923076923,0.836923076923077,0.8446923076923077,-0.019230769230769162,0.11461538461538467,0.04961538461538473,11,2.0,False,2.0794415416798357,2.302585092994046,0.22314355131421015,Stieger2021/12,-0.6978232587321859
Stieger2021,12,ts_lr,9,6.155471445699897,0.6696153846153846,0.625,,0.6146153846153847,0.6284615384615385,0.6290769230769231,0.003461538461538516,0.013846153846153841,-0.041153846153846096,11,1.0,False,2.1972245773362196,2.302585092994046,0.10536051565782634,Stieger2021/12,-0.396821566329929
Stieger2021,12,ts_lr,10,5.209562873121452,0.58972554539057,0.6023926812104152,,0.5615763546798029,0.6023926812104152,0.6023926812104152,0.0,0.04081632653061229,0.012667135819845243,11,0.0,True,2.302585092994046,2.302585092994046,0.0,Stieger2021/12,-0.9162840957879946
Stieger2021,13,csp_lda,1,8.827122045062127,0.4921588254921589,0.4921588254921589,0.5039706373039706,0.4921588254921589,0.4783116449783117,0.5017684351017684,-0.013847180513847201,-0.013847180513847201,-0.013847180513847201,11,9.0,False,0.0,2.302585092994046,2.302585092994046,Stieger2021/13,1.0703629147133145
Stieger2021,13,csp_lda,2,9.597825688651024,0.4789496527777778,0.4561631944444444,0.5170138888888889,0.464626736111111,0.5275607638888888,0.5239149305555556,0.07139756944444442,0.06293402777777785,0.04861111111111105,11,8.0,False,0.6931471805599453,2.302585092994046,1.6094379124341005,Stieger2021/13,1.4936085388331173
Stieger2021,13,csp_lda,3,9.30551403659555,0.5944444444444444,0.5595959595959596,0.6691919191919193,0.5578282828282828,0.5833333333333334,0.5937878787878788,0.023737373737373724,0.025505050505050586,-0.011111111111111072,11,7.0,False,1.0986122886681098,2.302585092994046,1.2039728043259361,Stieger2021/13,1.333080392066364
Stieger2021,13,csp_lda,4,10.028298266149855,0.4791666666666666,0.4479166666666666,0.56725,0.5045833333333334,0.5629166666666666,0.5436666666666665,0.11500000000000005,0.05833333333333324,0.08375000000000005,11,6.0,False,1.3862943611198906,2.302585092994046,0.9162907318741553,Stieger2021/13,1.7300102170210283
Stieger2021,13,csp_lda,5,8.12346985838543,0.5291472351765489,0.5468021319120586,0.4641905396402398,0.4520319786808794,0.4756828780812792,0.5087941372418388,-0.07111925383077944,0.023650899400399772,-0.053464357095269754,11,5.0,False,1.6094379124341003,2.302585092994046,0.6931471805599456,Stieger2021/13,0.6839397916482541
Stieger2021,13,csp_lda,6,8.344041380219565,0.5143581081081081,0.5618243243243244,,0.5570945945945946,0.5336148648648649,0.5204729729729729,-0.02820945945945952,-0.02347972972972978,0.019256756756756754,11,4.0,False,1.791759469228055,2.302585092994046,0.5108256237659909,Stieger2021/13,0.8050705689558806
Stieger2021,13,csp_lda,7,10.963780734936698,0.429392446633826,0.5119047619047619,,0.534072249589491,0.6235632183908046,0.5935139573070608,0.11165845648604278,0.08949096880131369,0.19417077175697867,11,3.0,False,1.9459101490553132,2.302585092994046,0.35667494393873267,Stieger2021/13,2.2437470660011014
Stieger2021,13,csp_lda,8,7.840173654080962,0.4355188884064264,0.5727312201476336,,0.5601389491966999,0.6461137646547981,0.5961788970907511,0.07338254450716453,0.08597481545809815,0.2105948762483717,11,2.0,False,2.0794415416798357,2.302585092994046,0.22314355131421015,Stieger2021/13,0.5283626384856382
Stieger2021,13,csp_lda,9,9.421987134372094,0.4389329805996472,0.6020723104056436,,0.4980158730158729,0.5493827160493827,0.5714285714285714,-0.05268959435626086,0.0513668430335098,0.11044973544973552,11,1.0,False,2.1972245773362196,2.302585092994046,0.10536051565782634,Stieger2021/13,1.3970436668888917
Stieger2021,13,csp_lda,10,8.332103509310583,0.4907908992416034,0.5590465872156012,,0.5712351029252438,0.5590465872156012,0.5590465872156012,0.0,-0.012188515709642633,0.06825568797399778,11,0.0,True,2.302585092994046,2.302585092994046,0.0,Stieger2021/13,0.7985146746564775
Stieger2021,13,eegnet,1,8.827122045062127,0.6571571571571572,0.6571571571571572,,0.6571571571571572,0.8503503503503504,,0.19319319319319328,0.19319319319319328,0.19319319319319328,11,9.0,False,0.0,2.302585092994046,2.302585092994046,Stieger2021/13,1.0703629147133145
Stieger2021,13,eegnet,2,9.597825688651024,0.543185763888889,0.7864583333333333,,0.5657552083333333,0.783203125,,-0.0032552083333332593,0.21744791666666674,0.24001736111111105,11,8.0,False,0.6931471805599453,2.302585092994046,1.6094379124341005,Stieger2021/13,1.4936085388331173
Stieger2021,13,eegnet,3,9.30551403659555,0.8876262626262627,0.8800505050505051,,0.5648989898989899,0.9964646464646464,,0.1164141414141413,0.4315656565656565,0.10883838383838373,11,7.0,False,1.0986122886681098,2.302585092994046,1.2039728043259361,Stieger2021/13,1.333080392066364
Stieger2021,13,eegnet,4,10.028298266149855,0.5599999999999999,0.825,,0.66125,0.9104166666666668,,0.08541666666666681,0.24916666666666676,0.3504166666666668,11,6.0,False,1.3862943611198906,2.302585092994046,0.9162907318741553,Stieger2021/13,1.7300102170210283
Stieger2021,13,eegnet,5,8.12346985838543,0.7293471019320453,0.9465356429047302,,0.5449700199866755,0.9555296469020652,,0.008994003997334965,0.4105596269153897,0.22618254497001988,11,5.0,False,1.6094379124341003,2.302585092994046,0.6931471805599456,Stieger2021/13,0.6839397916482541
Stieger2021,13,eegnet,6,8.344041380219565,0.7322635135135135,0.9429054054054054,,0.408108108108108,0.9523648648648648,,0.009459459459459474,0.5442567567567569,0.22010135135135134,11,4.0,False,1.791759469228055,2.302585092994046,0.5108256237659909,Stieger2021/13,0.8050705689558806
Stieger2021,13,eegnet,7,10.963780734936698,0.8169129720853859,0.9679802955665026,,0.7877668308702791,0.9745484400656814,,0.006568144499178863,0.18678160919540232,0.15763546798029549,11,3.0,False,1.9459101490553132,2.302585092994046,0.35667494393873267,Stieger2021/13,2.2437470660011014
Stieger2021,13,eegnet,8,7.840173654080962,0.54363873208858,0.9752496743378204,,0.6109422492401216,0.9865392965696916,,0.011289622231871244,0.37559704732957,0.4429005644811116,11,2.0,False,2.0794415416798357,2.302585092994046,0.22314355131421015,Stieger2021/13,0.5283626384856382
Stieger2021,13,eegnet,9,9.421987134372094,0.6166225749559083,0.9750881834215168,,0.6086860670194003,0.9863315696649028,,0.011243386243385944,0.37764550264550245,0.36970899470899443,11,1.0,False,2.1972245773362196,2.302585092994046,0.10536051565782634,Stieger2021/13,1.3970436668888917
Stieger2021,13,eegnet,10,8.332103509310583,0.6451787648970748,0.980498374864572,,0.6075297941495125,0.980498374864572,,0.0,0.37296858071505956,0.3353196099674972,11,0.0,True,2.302585092994046,2.302585092994046,0.0,Stieger2021/13,0.7985146746564775
Stieger2021,13,ts_lr,1,8.827122045062127,0.586086086086086,0.586086086086086,0.5406406406406407,0.586086086086086,0.5518852185518852,0.5669002335669002,-0.03420086753420082,-0.03420086753420082,-0.03420086753420082,11,9.0,False,0.0,2.302585092994046,2.302585092994046,Stieger2021/13,1.0703629147133145
Stieger2021,13,ts_lr,2,9.597825688651024,0.6527777777777777,0.6519097222222222,0.6144965277777777,0.5240885416666666,0.6825086805555556,0.6405381944444445,0.03059895833333337,0.15842013888888895,0.0297309027777779,11,8.0,False,0.6931471805599453,2.302585092994046,1.6094379124341005,Stieger2021/13,1.4936085388331173
Stieger2021,13,ts_lr,3,9.30551403659555,0.7060606060606062,0.6628787878787878,0.8598989898989899,0.7212121212121212,0.7916666666666666,0.7849999999999999,0.12878787878787878,0.07045454545454544,0.08560606060606046,11,7.0,False,1.0986122886681098,2.302585092994046,1.2039728043259361,Stieger2021/13,1.333080392066364
Stieger2021,13,ts_lr,4,10.028298266149855,0.6158333333333333,0.6804166666666666,0.7903333333333334,0.5866666666666667,0.7991666666666666,0.7373333333333333,0.11875000000000002,0.2124999999999999,0.18333333333333324,11,6.0,False,1.3862943611198906,2.302585092994046,0.9162907318741553,Stieger2021/13,1.7300102170210283
Stieger2021,13,ts_lr,5,8.12346985838543,0.6174217188540972,0.655396402398401,0.7103597601598934,0.6828780812791472,0.6419053964023984,0.6606262491672219,-0.013491005996002614,-0.040972684876748766,0.024483677548301164,11,5.0,False,1.6094379124341003,2.302585092994046,0.6931471805599456,Stieger2021/13,0.6839397916482541
Stieger2021,13,ts_lr,6,8.344041380219565,0.6214527027027026,0.653885135135135,,0.6114864864864865,0.6584459459459461,0.6570608108108108,0.004560810810811056,0.04695945945945956,0.03699324324324349,11,4.0,False,1.791759469228055,2.302585092994046,0.5108256237659909,Stieger2021/13,0.8050705689558806
Stieger2021,13,ts_lr,7,10.963780734936698,0.6223316912972086,0.7007389162561576,,0.708128078817734,0.7352216748768474,0.7340722495894909,0.034482758620689835,0.027093596059113434,0.11288998357963886,11,3.0,False,1.9459101490553132,2.302585092994046,0.35667494393873267,Stieger2021/13,2.2437470660011014
Stieger2021,13,ts_lr,8,7.840173654080962,0.597047329570126,0.8037342596613113,,0.6860616587060356,0.8237082066869301,0.8229266174554928,0.019973947025618832,0.13764654798089448,0.22666087711680416,11,2.0,False,2.0794415416798357,2.302585092994046,0.22314355131421015,Stieger2021/13,0.5283626384856382
Stieger2021,13,ts_lr,9,9.421987134372094,0.6593915343915344,0.6626984126984127,,0.6992945326278659,0.6746031746031745,0.6723544973544973,0.011904761904761862,-0.024691358024691357,0.01521164021164012,11,1.0,False,2.1972245773362196,2.302585092994046,0.10536051565782634,Stieger2021/13,1.3970436668888917
Stieger2021,13,ts_lr,10,8.332103509310583,0.5790899241603467,0.8166305525460456,,0.6768689057421452,0.8166305525460456,0.8166305525460456,0.0,0.13976164680390035,0.2375406283856989,11,0.0,True,2.302585092994046,2.302585092994046,0.0,Stieger2021/13,0.7985146746564775
Stieger2021,14,csp_lda,1,6.432401779203935,0.6504817683733233,0.6504817683733233,0.6709616474589081,0.6504817683733233,0.7088607594936709,0.6494993387492916,0.05837899112034761,0.05837899112034761,0.05837899112034761,11,9.0,False,0.0,2.302585092994046,2.302585092994046,Stieger2021/14,-0.24474034442754145
Stieger2021,14,csp_lda,2,7.888632233310829,0.5481358740679371,0.4379453189726595,0.6263463131731566,0.5464788732394367,0.6729080364540183,0.5737199668599834,0.23496271748135883,0.12642916321458164,0.12477216238608124,11,8.0,False,0.6931471805599453,2.302585092994046,1.6094379124341005,Stieger2021/14,0.5549745298147055
Stieger2021,14,csp_lda,3,5.990579895422801,0.6909633418584825,0.6555839727195226,0.5925831202046037,0.5605285592497868,0.7728047740835464,0.6584825234441603,0.1172208013640238,0.21227621483375958,0.0818414322250639,11,7.0,False,1.0986122886681098,2.302585092994046,1.2039728043259361,Stieger2021/14,-0.48737469617387963
Stieger2021,14,csp_lda,4,5.69139838517121,0.5544354838709677,0.5910618279569892,0.6661290322580646,0.5651881720430108,0.6038306451612903,0.5801075268817204,0.012768817204301008,0.03864247311827951,0.04939516129032251,11,6.0,False,1.3862943611198906,2.302585092994046,0.9162907318741553,Stieger2021/14,-0.6516755478499935
Stieger2021,14,csp_lda,5,6.481679762367372,0.6171150278293136,0.6477272727272728,0.7460575139146567,0.5561224489795917,0.6011131725417439,0.648469387755102,-0.04661410018552892,0.04499072356215217,-0.0160018552875697,11,5.0,False,1.6094379124341003,2.302585092994046,0.6931471805599456,Stieger2021/14,-0.2176784628432639
Stieger2021,14,csp_lda,6,8.138470137809435,0.7216666666666667,0.81125,,0.6795833333333333,0.8041666666666667,0.7613333333333333,-0.00708333333333333,0.12458333333333338,0.08250000000000002,11,4.0,False,1.791759469228055,2.302585092994046,0.5108256237659909,Stieger2021/14,0.6921774620934333
Stieger2021,14,csp_lda,7,4.532757682751357,0.5960566228513651,0.6789686552072801,,0.4914054600606673,0.653690596562184,0.6630940343781597,-0.025278058645096135,0.16228513650151666,0.05763397371081891,11,3.0,False,1.9459101490553132,2.302585092994046,0.35667494393873267,Stieger2021/14,-1.2879637129645696
Stieger2021,14,csp_lda,8,6.406197880732423,0.6982758620689653,0.8735632183908045,,0.646551724137931,0.8017241379310345,0.8099616858237548,-0.07183908045977005,0.15517241379310343,0.10344827586206917,11,2.0,False,2.0794415416798357,2.302585092994046,0.22314355131421015,Stieger2021/14,-0.25913068169298065
Stieger2021,14,csp_lda,9,5.439218697516346,0.6447779862414008,0.6535334584115071,,0.6322701688555347,0.6691682301438399,0.6375234521575985,0.015634771732332742,0.036898061288305195,0.024390243902439046,11,1.0,False,2.1972245773362196,2.302585092994046,0.10536051565782634,Stieger2021/14,-0.7901645120318638
Stieger2021,14,csp_lda,10,6.846432460548067,0.4449388209121245,0.5628476084538376,,0.5923248053392658,0.5628476084538376,0.5628476084538376,0.0,-0.02947719688542816,0.11790878754171313,11,0.0,True,2.302585092994046,2.302585092994046,0.0,Stieger2021/14,-0.01736802617272073
Stieger2021,14,eegnet,1,6.432401779203935,0.5471377290761383,0.5471377290761383,,0.5471377290761383,0.7551483090874739,,0.20801058001133554,0.20801058001133554,0.20801058001133554,11,9.0,False,0.0,2.302585092994046,2.302585092994046,Stieger2021/14,-0.24474034442754145
Stieger2021,14,eegnet,2,7.888632233310829,0.6463960231980116,0.6178956089478043,,0.4767191383595692,0.8182270091135045,,0.20033140016570028,0.34150787075393535,0.17183098591549295,11,8.0,False,0.6931471805599453,2.302585092994046,1.6094379124341005,Stieger2021/14,0.5549745298147055
Stieger2021,14,eegnet,3,5.990579895422801,0.5895140664961637,0.6355498721227621,,0.6547314578005115,0.9190110826939472,,0.283461210571185,0.2642796248934357,0.3294970161977835,11,7.0,False,1.0986122886681098,2.302585092994046,1.2039728043259361,Stieger2021/14,-0.48737469617387963
Stieger2021,14,eegnet,4,5.69139838517121,0.590725806451613,0.5934139784946236,,0.5709005376344085,0.8897849462365591,,0.2963709677419355,0.3188844086021506,0.29905913978494614,11,6.0,False,1.3862943611198906,2.302585092994046,0.9162907318741553,Stieger2021/14,-0.6516755478499935
Stieger2021,14,eegnet,5,6.481679762367372,0.7346938775510204,0.8856679035250463,,0.5633116883116883,0.9285714285714284,,0.04290352504638206,0.36525974025974006,0.19387755102040793,11,5.0,False,1.6094379124341003,2.302585092994046,0.6931471805599456,Stieger2021/14,-0.2176784628432639
Stieger2021,14,eegnet,6,8.138470137809435,0.7045833333333333,0.8808333333333334,,0.79125,0.9791666666666669,,0.0983333333333335,0.18791666666666684,0.2745833333333335,11,4.0,False,1.791759469228055,2.302585092994046,0.5108256237659909,Stieger2021/14,0.6921774620934333
Stieger2021,14,eegnet,7,4.532757682751357,0.5758341759352882,0.8200202224469162,,0.6547017189079879,0.8872598584428716,,0.0672396359959554,0.2325581395348837,0.3114256825075834,11,3.0,False,1.9459101490553132,2.302585092994046,0.35667494393873267,Stieger2021/14,-1.2879637129645696
Stieger2021,14,eegnet,8,6.406197880732423,0.6302681992337165,0.9636015325670498,,0.5095785440613028,0.9597701149425288,,-0.003831417624520994,0.4501915708812261,0.3295019157088124,11,2.0,False,2.0794415416798357,2.302585092994046,0.22314355131421015,Stieger2021/14,-0.25913068169298065
Stieger2021,14,eegnet,9,5.439218697516346,0.5766103814884302,0.8005003126954346,,0.6116322701688555,0.809255784865541,,0.008755472170106304,0.1976235146966855,0.2326454033771107,11,1.0,False,2.1972245773362196,2.302585092994046,0.10536051565782634,Stieger2021/14,-0.7901645120318638
Stieger2021,14,eegnet,10,6.846432460548067,0.5789766407119021,0.7180200222469411,,0.4666295884315906,0.7180200222469411,,0.0,0.2513904338153505,0.13904338153503892,11,0.0,True,2.302585092994046,2.302585092994046,0.0,Stieger2021/14,-0.01736802617272073
Stieger2021,14,ts_lr,1,6.432401779203935,0.7950122803703005,0.7950122803703005,0.7466465142641223,0.7950122803703005,0.795390137918005,0.7217079161156245,0.00037785754770447433,0.00037785754770447433,0.00037785754770447433,11,9.0,False,0.0,2.302585092994046,2.302585092994046,Stieger2021/14,-0.24474034442754145
Stieger2021,14,ts_lr,2,7.888632233310829,0.6084507042253521,0.6985915492957746,0.7107870753935378,0.6614747307373654,0.7085335542667771,0.6668765534382768,0.009942004971002505,0.04705882352941171,0.10008285004142503,11,8.0,False,0.6931471805599453,2.302585092994046,1.6094379124341005,Stieger2021/14,0.5549745298147055
Stieger2021,14,ts_lr,3,5.990579895422801,0.7774936061381074,0.8665814151747656,0.894543904518329,0.7945439045183291,0.918158567774936,0.8895993179880648,0.05157715260017037,0.12361466325660686,0.14066496163682862,11,7.0,False,1.0986122886681098,2.302585092994046,1.2039728043259361,Stieger2021/14,-0.48737469617387963
Stieger2021,14,ts_lr,4,5.69139838517121,0.7123655913978495,0.7449596774193549,0.797244623655914,0.6579301075268816,0.7946908602150538,0.7571908602150537,0.04973118279569888,0.13676075268817212,0.08232526881720426,11,6.0,False,1.3862943611198906,2.302585092994046,0.9162907318741553,Stieger2021/14,-0.6516755478499935
Stieger2021,14,ts_lr,5,6.481679762367372,0.8232838589981448,0.8840445269016697,0.9434137291280148,0.8404452690166976,0.9352968460111316,0.9003246753246753,0.05125231910946193,0.09485157699443403,0.11201298701298679,11,5.0,False,1.6094379124341003,2.302585092994046,0.6931471805599456,Stieger2021/14,-0.2176784628432639
Stieger2021,14,ts_lr,6,8.138470137809435,0.8091666666666666,0.9216666666666667,,0.8941666666666667,0.95125,0.9328333333333332,0.029583333333333295,0.057083333333333375,0.14208333333333345,11,4.0,False,1.791759469228055,2.302585092994046,0.5108256237659909,Stieger2021/14,0.6921774620934333
Stieger2021,14,ts_lr,7,4.532757682751357,0.7335692618806876,0.8225480283114257,,0.6274014155712841,0.8316481294236603,0.8290192113245702,0.009100101112234582,0.20424671385237614,0.09807886754297268,11,3.0,False,1.9459101490553132,2.302585092994046,0.35667494393873267,Stieger2021/14,-1.2879637129645696
Stieger2021,14,ts_lr,8,6.406197880732423,0.8840996168582376,0.9482758620689656,,0.8955938697318008,0.9262452107279694,0.9264367816091956,-0.022030651340996243,0.03065134099616862,0.04214559386973182,11,2.0,False,2.0794415416798357,2.302585092994046,0.22314355131421015,Stieger2021/14,-0.25913068169298065
Stieger2021,14,ts_lr,9,5.439218697516346,0.6873045653533458,0.7754846779237023,,0.6385240775484677,0.8042526579111946,0.8042526579111945,0.028767979987492254,0.16572858036272686,0.11694809255784877,11,1.0,False,2.1972245773362196,2.302585092994046,0.10536051565782634,Stieger2021/14,-0.7901645120318638
Stieger2021,14,ts_lr,10,6.846432460548067,0.6468298109010011,0.7483314794215795,,0.560344827586207,0.7483314794215795,0.7483314794215795,0.0,0.18798665183537255,0.1015016685205784,11,0.0,True,2.302585092994046,2.302585092994046,0.0,Stieger2021/14,-0.01736802617272073
Stieger2021,15,csp_lda,1,7.5191863426081875,0.4921900963775341,0.4921900963775341,0.5527417746759722,0.4921900963775341,0.5589896975739448,0.4875373878364906,0.06679960119641071,0.06679960119641071,0.06679960119641071,11,9.0,False,0.0,2.302585092994046,2.302585092994046,Stieger2021/15,0.3520867429336257
Stieger2021,15,csp_lda,2,7.903050123897976,0.6130341370255431,0.703270470279303,0.6604440200525186,0.6610169491525424,0.740033420864168,0.6947242778706135,0.036762950584865006,0.07901647171162562,0.1269992838386249,11,8.0,False,0.6931471805599453,2.302585092994046,1.6094379124341005,Stieger2021/15,0.5628923710638162
Stieger2021,15,csp_lda,3,7.229212086998193,0.5701694915254237,0.7579661016949152,0.6822372881355931,0.5803389830508475,0.7840677966101695,0.6744406779661017,0.02610169491525427,0.20372881355932193,0.21389830508474572,11,7.0,False,1.0986122886681098,2.302585092994046,1.2039728043259361,Stieger2021/15,0.19284221902970955
Stieger2021,15,csp_lda,4,7.903652391055556,0.5223880597014926,0.554804104477612,0.5192164179104477,0.5471082089552238,0.550606343283582,0.4915111940298507,-0.004197761194029925,0.0034981343283582156,0.028218283582089443,11,6.0,False,1.3862943611198906,2.302585092994046,0.9162907318741553,Stieger2021/15,0.5632231167935365
Stieger2021,15,csp_lda,5,8.371764449146273,0.5552238805970149,0.7242250287026407,0.7402985074626866,0.4773823191733639,0.7079219288174512,0.6869345579793341,-0.01630309988518952,0.23053960964408732,0.1526980482204363,11,5.0,False,1.6094379124341003,2.302585092994046,0.6931471805599456,Stieger2021/15,0.8202951857174691
Stieger2021,15,csp_lda,6,7.688199240446559,0.4734375,0.49140625,,0.4731770833333333,0.7200520833333334,0.5508333333333334,0.22864583333333338,0.24687500000000007,0.24661458333333336,11,4.0,False,1.791759469228055,2.302585092994046,0.5108256237659909,Stieger2021/15,0.44490318414932983
Stieger2021,15,csp_lda,7,7.879576881397621,0.4687032045522612,0.5223120694818808,,0.4588200059898172,0.6001796945193172,0.5536987121892782,0.07786762503743638,0.14135968852949998,0.13147648996705597,11,3.0,False,1.9459101490553132,2.302585092994046,0.35667494393873267,Stieger2021/15,0.5500016221296155
Stieger2021,15,csp_lda,8,4.783133580191222,0.5742404792468977,0.5738125802310654,,0.6525459991442019,0.637997432605905,0.6367137355584082,0.06418485237483962,-0.014548566538296837,0.06375695335900733,11,2.0,False,2.0794415416798357,2.302585092994046,0.22314355131421015,Stieger2021/15,-1.150465332286072
Stieger2021,15,csp_lda,9,8.929058089726775,0.5469208211143695,0.4582111436950147,,0.6307429130009775,0.8624144672531769,0.793841642228739,0.40420332355816224,0.23167155425219943,0.3154936461388075,11,1.0,False,2.1972245773362196,2.302585092994046,0.10536051565782634,Stieger2021/15,1.1263429080652159
Stieger2021,15,csp_lda,10,9.590427192860316,0.4062499999999999,0.7999487704918032,,0.5199795081967213,0.7999487704918032,0.7999487704918032,0.0,0.2799692622950819,0.39369877049180335,11,0.0,True,2.302585092994046,2.302585092994046,0.0,Stieger2021/15,1.4895455231791308
Stieger2021,15,eegnet,1,7.5191863426081875,0.4639415088069126,0.4639415088069126,,0.4639415088069126,0.7580591558657361,,0.29411764705882354,0.29411764705882354,0.29411764705882354,11,9.0,False,0.0,2.302585092994046,2.302585092994046,Stieger2021/15,0.3520867429336257
Stieger2021,15,eegnet,2,7.903050123897976,0.5299594175220816,0.5440439245643351,,0.4425877297684411,0.891620911912151,,0.34757698734781584,0.4490331821437099,0.36166149439006934,11,8.0,False,0.6931471805599453,2.302585092994046,1.6094379124341005,Stieger2021/15,0.5628923710638162
Stieger2021,15,eegnet,3,7.229212086998193,0.5596610169491525,0.8125423728813559,,0.4640677966101695,0.8623728813559323,,0.049830508474576374,0.39830508474576276,0.3027118644067798,11,7.0,False,1.0986122886681098,2.302585092994046,1.2039728043259361,Stieger2021/15,0.19284221902970955
Stieger2021,15,eegnet,4,7.903652391055556,0.458955223880597,0.6807369402985074,,0.5615671641791045,0.6194029850746269,,-0.06133395522388052,0.057835820895522416,0.16044776119402987,11,6.0,False,1.3862943611198906,2.302585092994046,0.9162907318741553,Stieger2021/15,0.5632231167935365
Stieger2021,15,eegnet,5,8.371764449146273,0.6080367393800229,0.7267508610792193,,0.4950631458094144,0.8358208955223881,,0.10907003444316887,0.34075774971297373,0.22778415614236525,11,5.0,False,1.6094379124341003,2.302585092994046,0.6931471805599456,Stieger2021/15,0.8202951857174691
Stieger2021,15,eegnet,6,7.688199240446559,0.5145833333333333,0.6395833333333334,,0.5591145833333333,0.7403645833333333,,0.10078124999999993,0.18125000000000002,0.22578125000000004,11,4.0,False,1.791759469228055,2.302585092994046,0.5108256237659909,Stieger2021/15,0.44490318414932983
Stieger2021,15,eegnet,7,7.879576881397621,0.6442048517520215,0.6810422282120395,,0.4776879305181192,0.7041030248577419,,0.023060796645702375,0.2264150943396227,0.05989817310572043,11,3.0,False,1.9459101490553132,2.302585092994046,0.35667494393873267,Stieger2021/15,0.5500016221296155
Stieger2021,15,eegnet,8,4.783133580191222,0.4916559691912708,0.8048780487804879,,0.5404364569961488,0.8344030808729139,,0.029525032092426073,0.2939666238767651,0.3427471116816431,11,2.0,False,2.0794415416798357,2.302585092994046,0.22314355131421015,Stieger2021/15,-1.150465332286072
Stieger2021,15,eegnet,9,8.929058089726775,0.5131964809384164,0.9090909090909092,,0.4794721407624633,0.904692082111437,,-0.004398826979472137,0.42521994134897373,0.3914956011730206,11,1.0,False,2.1972245773362196,2.302585092994046,0.10536051565782634,Stieger2021/15,1.1263429080652159
Stieger2021,15,eegnet,10,9.590427192860316,0.5020491803278688,0.8194159836065573,,0.5348360655737705,0.8194159836065573,,0.0,0.2845799180327868,0.3173668032786885,11,0.0,True,2.302585092994046,2.302585092994046,0.0,Stieger2021/15,1.4895455231791308
Stieger2021,15,ts_lr,1,7.5191863426081875,0.6434031239614489,0.6434031239614489,0.62884679295447,0.6434031239614489,0.7254901960784315,0.6588235294117647,0.08208707211698252,0.08208707211698252,0.08208707211698252,11,9.0,False,0.0,2.302585092994046,2.302585092994046,Stieger2021/15,0.3520867429336257
Stieger2021,15,ts_lr,2,7.903050123897976,0.7994748149916449,0.8142754834089281,0.8561470518023393,0.7543566483647649,0.8961566006206731,0.8539508235855813,0.08188111721174507,0.14179995225590825,0.0966817856290283,11,8.0,False,0.6931471805599453,2.302585092994046,1.6094379124341005,Stieger2021/15,0.5628923710638162
Stieger2021,15,ts_lr,3,7.229212086998193,0.7759322033898305,0.8037288135593221,0.8374915254237288,0.7606779661016949,0.8742372881355932,0.8212881355932204,0.07050847457627107,0.11355932203389829,0.09830508474576272,11,7.0,False,1.0986122886681098,2.302585092994046,1.2039728043259361,Stieger2021/15,0.19284221902970955
Stieger2021,15,ts_lr,4,7.903652391055556,0.5443097014925373,0.5841884328358209,0.6082555970149255,0.6455223880597015,0.6301305970149255,0.6138526119402986,0.04594216417910457,-0.01539179104477606,0.08582089552238814,11,6.0,False,1.3862943611198906,2.302585092994046,0.9162907318741553,Stieger2021/15,0.5632231167935365
Stieger2021,15,ts_lr,5,8.371764449146273,0.7869115958668196,0.8222732491389207,0.8018369690011481,0.5361653272101033,0.8335246842709529,0.8004592422502871,0.011251435132032195,0.2973593570608496,0.04661308840413336,11,5.0,False,1.6094379124341003,2.302585092994046,0.6931471805599456,Stieger2021/15,0.8202951857174691
Stieger2021,15,ts_lr,6,7.688199240446559,0.63828125,0.6825520833333334,,0.6471354166666666,0.7005208333333333,0.7003645833333334,0.017968749999999867,0.05338541666666663,0.06223958333333324,11,4.0,False,1.791759469228055,2.302585092994046,0.5108256237659909,Stieger2021/15,0.44490318414932983
Stieger2021,15,ts_lr,7,7.879576881397621,0.5938903863432166,0.740041928721174,,0.5882000598981731,0.7202755315962863,0.7013477088948787,-0.019766397124887702,0.13207547169811318,0.12638514525306976,11,3.0,False,1.9459101490553132,2.302585092994046,0.35667494393873267,Stieger2021/15,0.5500016221296155
Stieger2021,15,ts_lr,8,4.783133580191222,0.6876337184424475,0.7899015832263585,,0.6970474967907574,0.8018827556696619,0.787505348737698,0.011981172443303434,0.10483525887890455,0.11424903722721447,11,2.0,False,2.0794415416798357,2.302585092994046,0.22314355131421015,Stieger2021/15,-1.150465332286072
Stieger2021,15,ts_lr,9,8.929058089726775,0.8834310850439883,0.9095796676441836,,0.7671065493646139,0.897605083088954,0.891446725317693,-0.011974584555229595,0.13049853372434017,0.014173998044965774,11,1.0,False,2.1972245773362196,2.302585092994046,0.10536051565782634,Stieger2021/15,1.1263429080652159
Stieger2021,15,ts_lr,10,9.590427192860316,0.6882684426229507,0.9241803278688524,,0.8644979508196721,0.9241803278688524,0.9241803278688524,0.0,0.059682377049180335,0.23591188524590168,11,0.0,True,2.302585092994046,2.302585092994046,0.0,Stieger2021/15,1.4895455231791308
Stieger2021,16,csp_lda,1,15.81709306808078,0.5640182648401826,0.5640182648401826,0.5242739726027397,0.5640182648401826,0.5271232876712328,0.5525844748858447,-0.03689497716894974,-0.03689497716894974,-0.03689497716894974,11,9.0,False,0.0,2.302585092994046,2.302585092994046,Stieger2021/16,4.909029920931536
Stieger2021,16,csp_lda,2,7.867796167252026,0.5653846153846154,0.5624434389140271,0.5041176470588236,0.4723981900452489,0.502262443438914,0.5475113122171946,-0.06018099547511313,0.029864253393665108,-0.06312217194570136,11,8.0,False,0.6931471805599453,2.302585092994046,1.6094379124341005,Stieger2021/16,0.5435320332641591
Stieger2021,16,csp_lda,3,5.680984465504746,0.5068493150684932,0.4942208904109589,0.525,0.4642551369863014,0.5498715753424658,0.5301797945205479,0.05565068493150688,0.08561643835616439,0.0430222602739726,11,7.0,False,1.0986122886681098,2.302585092994046,1.2039728043259361,Stieger2021/16,-0.657394537198793
Stieger2021,16,csp_lda,4,7.109436333876068,0.5782853359814631,0.5292949354518371,0.5796756041046012,0.5590863952333663,0.4793114862628269,0.5596160211850381,-0.049983449189010265,-0.07977490897053946,-0.09897384971863626,11,6.0,False,1.3862943611198906,2.302585092994046,0.9162907318741553,Stieger2021/16,0.12706523223809857
Stieger2021,16,csp_lda,5,7.974260503789223,0.5445761967501098,0.4734299516908212,0.6730346947738252,0.5757575757575757,0.5496267018006149,0.5193675889328063,0.07619675010979371,-0.026130873956960787,0.005050505050505083,11,5.0,False,1.6094379124341003,2.302585092994046,0.6931471805599456,Stieger2021/16,0.6019988186998104
Stieger2021,16,csp_lda,6,5.53660197409251,0.6490872210953347,0.6683569979716025,,0.4905341446923597,0.7025016903313049,0.6308992562542258,0.03414469235970241,0.21196754563894527,0.05341446923597026,11,4.0,False,1.791759469228055,2.302585092994046,0.5108256237659909,Stieger2021/16,-0.7366847523133598
Stieger2021,16,csp_lda,7,6.921605610442261,0.5157843613404565,0.552938319572608,,0.6114618746964545,0.6379310344827587,0.5371539582321516,0.0849927149101507,0.026469159786304153,0.12214667314230221,11,3.0,False,1.9459101490553132,2.302585092994046,0.35667494393873267,Stieger2021/16,0.023914647146248066
Stieger2021,16,csp_lda,8,5.956257419389528,0.5394518272425249,0.5058139534883721,,0.5759966777408638,0.5909468438538206,0.549501661129568,0.08513289036544847,0.014950166112956742,0.05149501661129563,11,2.0,False,2.0794415416798357,2.302585092994046,0.22314355131421015,Stieger2021/16,-0.5062234948150709
Stieger2021,16,csp_lda,9,5.190721641650135,0.5412946428571429,0.5225446428571427,,0.5511160714285714,0.50625,0.5512053571428571,-0.01629464285714277,-0.04486607142857146,-0.03504464285714293,11,1.0,False,2.1972245773362196,2.302585092994046,0.10536051565782634,Stieger2021/16,-0.926631093417497
Stieger2021,16,csp_lda,10,5.15519178077183,0.5517241379310345,0.5205254515599342,,0.5656814449917899,0.5205254515599342,0.5205254515599342,0.0,-0.04515599343185561,-0.031198686371100237,11,0.0,True,2.302585092994046,2.302585092994046,0.0,Stieger2021/16,-0.9461429489373463
Stieger2021,16,eegnet,1,15.81709306808078,0.5751598173515982,0.5751598173515982,,0.5751598173515982,0.8763470319634703,,0.30118721461187214,0.30118721461187214,0.30118721461187214,11,9.0,False,0.0,2.302585092994046,2.302585092994046,Stieger2021/16,4.909029920931536
Stieger2021,16,eegnet,2,7.867796167252026,0.5394796380090497,0.7167420814479638,,0.5142533936651583,0.9251131221719456,,0.20837104072398183,0.4108597285067873,0.3856334841628959,11,8.0,False,0.6931471805599453,2.302585092994046,1.6094379124341005,Stieger2021/16,0.5435320332641591
Stieger2021,16,eegnet,3,5.680984465504746,0.5793022260273972,0.8493150684931507,,0.828125,0.8152825342465754,,-0.034032534246575374,-0.012842465753424626,0.23598030821917815,11,7.0,False,1.0986122886681098,2.302585092994046,1.2039728043259361,Stieger2021/16,-0.657394537198793
Stieger2021,16,eegnet,4,7.109436333876068,0.4692154915590865,0.8282025819265144,,0.7507447864945382,0.904998344918901,,0.07679576299238655,0.15425355842436272,0.4357828533598145,11,6.0,False,1.3862943611198906,2.302585092994046,0.9162907318741553,Stieger2021/16,0.12706523223809857
Stieger2021,16,eegnet,5,7.974260503789223,0.583223539745279,0.8779095300834431,,0.6462450592885376,0.8205972771190163,,-0.05731225296442677,0.17435221783047872,0.23737373737373735,11,5.0,False,1.6094379124341003,2.302585092994046,0.6931471805599456,Stieger2021/16,0.6019988186998104
Stieger2021,16,eegnet,6,5.53660197409251,0.6272819472616633,0.7934415145368493,,0.7109533468559839,0.8438133874239351,,0.05037187288708578,0.1328600405679512,0.21653144016227177,11,4.0,False,1.791759469228055,2.302585092994046,0.5108256237659909,Stieger2021/16,-0.7366847523133598
Stieger2021,16,eegnet,7,6.921605610442261,0.5223409422049539,0.8071879553181155,,0.4764448761534726,0.8013598834385623,,-0.005828071879553143,0.32491500728508976,0.2790189412336085,11,3.0,False,1.9459101490553132,2.302585092994046,0.35667494393873267,Stieger2021/16,0.023914647146248066
Stieger2021,16,eegnet,8,5.956257419389528,0.4919019933554818,0.7786544850498339,,0.574750830564784,0.646594684385382,,-0.1320598006644519,0.07184385382059799,0.15469269102990024,11,2.0,False,2.0794415416798357,2.302585092994046,0.22314355131421015,Stieger2021/16,-0.5062234948150709
Stieger2021,16,eegnet,9,5.190721641650135,0.6502232142857144,0.8421875,,0.5203125,0.8627232142857142,,0.020535714285714213,0.34241071428571423,0.2124999999999998,11,1.0,False,2.1972245773362196,2.302585092994046,0.10536051565782634,Stieger2021/16,-0.926631093417497
Stieger2021,16,eegnet,10,5.15519178077183,0.5362616310892173,0.7441160372194855,,0.5881226053639846,0.7441160372194855,,0.0,0.15599343185550085,0.20785440613026818,11,0.0,True,2.302585092994046,2.302585092994046,0.0,Stieger2021/16,-0.9461429489373463
Stieger2021,16,ts_lr,1,15.81709306808078,0.6493150684931506,0.6493150684931506,0.628310502283105,0.6493150684931506,0.696986301369863,0.6287488584474885,0.04767123287671238,0.04767123287671238,0.04767123287671238,11,9.0,False,0.0,2.302585092994046,2.302585092994046,Stieger2021/16,4.909029920931536
Stieger2021,16,ts_lr,2,7.867796167252026,0.7552036199095024,0.8190045248868779,0.7024434389140272,0.7438914027149321,0.8861990950226245,0.7224886877828054,0.06719457013574659,0.14230769230769236,0.13099547511312215,11,8.0,False,0.6931471805599453,2.302585092994046,1.6094379124341005,Stieger2021/16,0.5435320332641591
Stieger2021,16,ts_lr,3,5.680984465504746,0.6175085616438356,0.8591609589041096,0.7186643835616439,0.856806506849315,0.8934075342465754,0.7888270547945206,0.03424657534246578,0.036601027397260344,0.27589897260273977,11,7.0,False,1.0986122886681098,2.302585092994046,1.2039728043259361,Stieger2021/16,-0.657394537198793
Stieger2021,16,ts_lr,4,7.109436333876068,0.6146971201588878,0.7361800728235685,0.7141343925852366,0.7153260509764978,0.7964250248262165,0.742601787487587,0.06024495200264801,0.08109897384971865,0.1817279046673287,11,6.0,False,1.3862943611198906,2.302585092994046,0.9162907318741553,Stieger2021/16,0.12706523223809857
Stieger2021,16,ts_lr,5,7.974260503789223,0.5812472551602986,0.6906016688625385,0.7452788757136583,0.5838823012736056,0.7531840140535793,0.7349582784365394,0.06258234519104078,0.16930171277997363,0.17193675889328064,11,5.0,False,1.6094379124341003,2.302585092994046,0.6931471805599456,Stieger2021/16,0.6019988186998104
Stieger2021,16,ts_lr,6,5.53660197409251,0.7349560513860718,0.7947937795807979,,0.7481406355645707,0.8154158215010142,0.8119675456389454,0.020622041920216327,0.06727518593644355,0.08045977011494243,11,4.0,False,1.791759469228055,2.302585092994046,0.5108256237659909,Stieger2021/16,-0.7366847523133598
Stieger2021,16,ts_lr,7,6.921605610442261,0.6061194754735308,0.6677999028654686,,0.6554152501214181,0.6639145216124331,0.660709082078679,-0.0038853812530355025,0.008499271491015037,0.057795046138902295,11,3.0,False,1.9459101490553132,2.302585092994046,0.35667494393873267,Stieger2021/16,0.023914647146248066
Stieger2021,16,ts_lr,8,5.956257419389528,0.5859634551495017,0.6681893687707641,,0.5490033222591363,0.6644518272425249,0.6651993355481728,-0.00373754152823913,0.11544850498338866,0.07848837209302328,11,2.0,False,2.0794415416798357,2.302585092994046,0.22314355131421015,Stieger2021/16,-0.5062234948150709
Stieger2021,16,ts_lr,9,5.190721641650135,0.7301339285714286,0.8426339285714286,,0.6203124999999999,0.8493303571428572,0.8437053571428571,0.006696428571428603,0.22901785714285727,0.11919642857142865,11,1.0,False,2.1972245773362196,2.302585092994046,0.10536051565782634,Stieger2021/16,-0.926631093417497
Stieger2021,16,ts_lr,10,5.15519178077183,0.6704980842911877,0.7602627257799671,,0.6371100164203612,0.7602627257799671,0.7602627257799671,0.0,0.12315270935960587,0.08976464148877938,11,0.0,True,2.302585092994046,2.302585092994046,0.0,Stieger2021/16,-0.9461429489373463
Stieger2021,17,csp_lda,1,6.544064211549221,0.5532976827094473,0.5532976827094473,0.5932976827094475,0.5532976827094473,0.7418894830659536,0.5890196078431373,0.18859180035650625,0.18859180035650625,0.18859180035650625,11,9.0,False,0.0,2.302585092994046,2.302585092994046,Stieger2021/17,-0.18341893215467367
Stieger2021,17,csp_lda,2,5.761815474216655,0.4017595307917888,0.4770283479960899,0.4942326490713588,0.5190615835777126,0.565982404692082,0.469208211143695,0.08895405669599216,0.04692082111436946,0.16422287390029328,11,8.0,False,0.6931471805599453,2.302585092994046,1.6094379124341005,Stieger2021/17,-0.6130047500022585
Stieger2021,17,csp_lda,3,6.034577261137657,0.5586124401913877,0.6142344497607656,0.566866028708134,0.5466507177033493,0.6381578947368421,0.5222488038277512,0.02392344497607657,0.09150717703349287,0.07954545454545447,11,7.0,False,1.0986122886681098,2.302585092994046,1.2039728043259361,Stieger2021/17,-0.4632127596545495
Stieger2021,17,csp_lda,4,4.898472871370491,0.5755102040816327,0.6020408163265306,0.6131972789115647,0.6129251700680273,0.7170068027210885,0.6145578231292517,0.1149659863945579,0.10408163265306125,0.14149659863945585,11,6.0,False,1.3862943611198906,2.302585092994046,0.9162907318741553,Stieger2021/17,-1.0871247075377801
Stieger2021,17,csp_lda,5,4.952202282152331,0.5254237288135593,0.743997175141243,0.6073446327683616,0.60204802259887,0.745409604519774,0.6782485875706215,0.0014124293785310327,0.14336158192090398,0.21998587570621475,11,5.0,False,1.6094379124341003,2.302585092994046,0.6931471805599456,Stieger2021/17,-1.0576182452430734
Stieger2021,17,csp_lda,6,5.123407757199732,0.5536723163841808,0.724825523429711,,0.4898637421070123,0.6517115320704553,0.56822864739116,-0.07311399135925567,0.161847789963443,0.0980392156862745,11,4.0,False,1.791759469228055,2.302585092994046,0.5108256237659909,Stieger2021/17,-0.963597711225958
Stieger2021,17,csp_lda,7,6.531279561973037,0.5531914893617021,0.6534154535274356,,0.5834266517357223,0.6338185890257558,0.5677491601343785,-0.019596864501679745,0.05039193729003355,0.08062709966405368,11,3.0,False,1.9459101490553132,2.302585092994046,0.35667494393873267,Stieger2021/17,-0.19043985003152183
Stieger2021,17,csp_lda,8,6.921408800155788,0.5642907058001397,0.7700908455625436,,0.5167714884696017,0.5754716981132075,0.5503843466107617,-0.19461914744933606,0.05870020964360578,0.011180992313067795,11,2.0,False,2.0794415416798357,2.302585092994046,0.22314355131421015,Stieger2021/17,0.023806565274280607
Stieger2021,17,csp_lda,9,6.1021745680044415,0.5993939393939394,0.6075757575757575,,0.6360606060606061,0.5830303030303031,0.5849696969696969,-0.024545454545454426,-0.05303030303030298,-0.016363636363636247,11,1.0,False,2.1972245773362196,2.302585092994046,0.10536051565782634,Stieger2021/17,-0.4260904953813172
Stieger2021,17,csp_lda,10,3.5609436974635176,0.5577915376676986,0.7868937048503613,,0.631062951496388,0.7868937048503613,0.7868937048503613,0.0,0.15583075335397323,0.22910216718266263,11,0.0,True,2.302585092994046,2.302585092994046,0.0,Stieger2021/17,-1.82165266091887
Stieger2021,17,eegnet,1,6.544064211549221,0.6402852049910873,0.6402852049910873,,0.6402852049910873,0.8638146167557932,,0.22352941176470587,0.22352941176470587,0.22352941176470587,11,9.0,False,0.0,2.302585092994046,2.302585092994046,Stieger2021/17,-0.18341893215467367
Stieger2021,17,eegnet,2,5.761815474216655,0.6383186705767351,0.7321603128054741,,0.6334310850439882,0.9550342130987292,,0.22287390029325505,0.321603128054741,0.3167155425219941,11,8.0,False,0.6931471805599453,2.302585092994046,1.6094379124341005,Stieger2021/17,-0.6130047500022585
Stieger2021,17,eegnet,3,6.034577261137657,0.6979665071770335,0.7739234449760766,,0.4982057416267942,0.9180622009569378,,0.14413875598086123,0.4198564593301436,0.22009569377990434,11,7.0,False,1.0986122886681098,2.302585092994046,1.2039728043259361,Stieger2021/17,-0.4632127596545495
Stieger2021,17,eegnet,4,4.898472871370491,0.8047619047619048,0.7564625850340136,,0.6108843537414966,0.9340136054421768,,0.17755102040816317,0.3231292517006802,0.12925170068027203,11,6.0,False,1.3862943611198906,2.302585092994046,0.9162907318741553,Stieger2021/17,-1.0871247075377801
Stieger2021,17,eegnet,5,4.952202282152331,0.7118644067796609,0.9244350282485876,,0.7955508474576272,0.9841101694915254,,0.059675141242937824,0.18855932203389825,0.2722457627118645,11,5.0,False,1.6094379124341003,2.302585092994046,0.6931471805599456,Stieger2021/17,-1.0576182452430734
Stieger2021,17,eegnet,6,5.123407757199732,0.6324360252575607,0.9438351611831174,,0.7304752409438351,0.9870388833499502,,0.04320372216683277,0.25656364240611507,0.35460285809238945,11,4.0,False,1.791759469228055,2.302585092994046,0.5108256237659909,Stieger2021/17,-0.963597711225958
Stieger2021,17,eegnet,7,6.531279561973037,0.6215005599104143,0.9322508398656216,,0.6578947368421052,0.944568868980963,,0.012318029115341411,0.28667413213885784,0.32306830907054873,11,3.0,False,1.9459101490553132,2.302585092994046,0.35667494393873267,Stieger2021/17,-0.19043985003152183
Stieger2021,17,eegnet,8,6.921408800155788,0.7819706498951783,0.9954577218728162,,0.6998602375960866,0.9951083158630328,,-0.00034940600978339287,0.2952480782669462,0.21313766596785455,11,2.0,False,2.0794415416798357,2.302585092994046,0.22314355131421015,Stieger2021/17,0.023806565274280607
Stieger2021,17,eegnet,9,6.1021745680044415,0.6715151515151514,0.9557575757575756,,0.4781818181818181,0.9754545454545454,,0.01969696969696977,0.49727272727272726,0.30393939393939395,11,1.0,False,2.1972245773362196,2.302585092994046,0.10536051565782634,Stieger2021/17,-0.4260904953813172
Stieger2021,17,eegnet,10,3.5609436974635176,0.6785345717234261,0.9860681114551084,,0.7667698658410733,0.9860681114551084,,0.0,0.2192982456140351,0.3075335397316823,11,0.0,True,2.302585092994046,2.302585092994046,0.0,Stieger2021/17,-1.82165266091887
Stieger2021,17,ts_lr,1,6.544064211549221,0.6798573975044563,0.6798573975044563,0.6497682709447414,0.6798573975044563,0.8844919786096257,0.7364705882352942,0.2046345811051694,0.2046345811051694,0.2046345811051694,11,9.0,False,0.0,2.302585092994046,2.302585092994046,Stieger2021/17,-0.18341893215467367
Stieger2021,17,ts_lr,2,5.761815474216655,0.6402737047898338,0.7829912023460411,0.6819159335288367,0.7086999022482893,0.804496578690127,0.6916911045943305,0.02150537634408589,0.09579667644183776,0.16422287390029322,11,8.0,False,0.6931471805599453,2.302585092994046,1.6094379124341005,Stieger2021/17,-0.6130047500022585
Stieger2021,17,ts_lr,3,6.034577261137657,0.6566985645933013,0.7667464114832535,0.743421052631579,0.5933014354066986,0.8026315789473685,0.7592105263157896,0.035885167464114964,0.20933014354066992,0.14593301435406714,11,7.0,False,1.0986122886681098,2.302585092994046,1.2039728043259361,Stieger2021/17,-0.4632127596545495
Stieger2021,17,ts_lr,4,4.898472871370491,0.7360544217687075,0.8755102040816327,0.8530612244897959,0.7782312925170067,0.9156462585034012,0.8466666666666667,0.040136054421768486,0.13741496598639447,0.1795918367346937,11,6.0,False,1.3862943611198906,2.302585092994046,0.9162907318741553,Stieger2021/17,-1.0871247075377801
Stieger2021,17,ts_lr,5,4.952202282152331,0.7591807909604519,0.8446327683615819,0.8923022598870055,0.8008474576271186,0.9198446327683616,0.8864406779661017,0.07521186440677974,0.11899717514124297,0.1606638418079097,11,5.0,False,1.6094379124341003,2.302585092994046,0.6931471805599456,Stieger2021/17,-1.0576182452430734
Stieger2021,17,ts_lr,6,5.123407757199732,0.7444333665669658,0.9122632103688934,,0.8142239946826187,0.9461615154536392,0.9038883349950148,0.033898305084745894,0.1319375207710205,0.20172814888667345,11,4.0,False,1.791759469228055,2.302585092994046,0.5108256237659909,Stieger2021/17,-0.963597711225958
Stieger2021,17,ts_lr,7,6.531279561973037,0.5083986562150056,0.8141097424412094,,0.6864501679731243,0.8292273236282195,0.8044792833146696,0.01511758118701012,0.1427771556550952,0.3208286674132139,11,3.0,False,1.9459101490553132,2.302585092994046,0.35667494393873267,Stieger2021/17,-0.19043985003152183
Stieger2021,17,ts_lr,8,6.921408800155788,0.750524109014675,0.9171907756813418,,0.8179594689028651,0.9339622641509434,0.9293501048218028,0.016771488469601636,0.11600279524807833,0.18343815513626838,11,2.0,False,2.0794415416798357,2.302585092994046,0.22314355131421015,Stieger2021/17,0.023806565274280607
Stieger2021,17,ts_lr,9,6.1021745680044415,0.6754545454545455,0.7875757575757576,,0.7021212121212121,0.8003030303030303,0.7971515151515152,0.012727272727272698,0.09818181818181815,0.12484848484848476,11,1.0,False,2.1972245773362196,2.302585092994046,0.10536051565782634,Stieger2021/17,-0.4260904953813172
Stieger2021,17,ts_lr,10,3.5609436974635176,0.7466460268317854,0.9282765737874096,,0.8163054695562435,0.9282765737874096,0.9282765737874096,0.0,0.11197110423116607,0.1816305469556242,11,0.0,True,2.302585092994046,2.302585092994046,0.0,Stieger2021/17,-1.82165266091887
Stieger2021,18,csp_lda,1,6.111917470843052,0.435759209344115,0.435759209344115,0.5256663671758012,0.435759209344115,0.4501347708894879,0.4863731656184487,0.014375561545372895,0.014375561545372895,0.014375561545372895,11,9.0,False,0.0,2.302585092994046,2.302585092994046,Stieger2021/18,-0.4207400068673875
Stieger2021,18,csp_lda,2,7.735611062117672,0.5550133096716948,0.531055900621118,0.4892635314995563,0.4183673469387755,0.4467613132209406,0.5177462289263531,-0.08429458740017737,0.028393966282165117,-0.10825199645075423,11,8.0,False,0.6931471805599453,2.302585092994046,1.6094379124341005,Stieger2021/18,0.47094022993310614
Stieger2021,18,csp_lda,3,6.432810408101571,0.4957482993197279,0.4200680272108843,0.470578231292517,0.5344387755102041,0.4264455782312925,0.4875850340136054,0.0063775510204081565,-0.10799319727891166,-0.06930272108843544,11,7.0,False,1.0986122886681098,2.302585092994046,1.2039728043259361,Stieger2021/18,-0.24451593859495951
Stieger2021,18,csp_lda,4,6.91961947072851,0.5247641509433962,0.4980345911949685,0.4792452830188679,0.4870283018867924,0.4504716981132076,0.534119496855346,-0.047562893081760926,-0.03655660377358483,-0.07429245283018865,11,6.0,False,1.3862943611198906,2.302585092994046,0.9162907318741553,Stieger2021/18,0.022823923169881594
Stieger2021,18,csp_lda,5,5.21112656099558,0.4915254237288136,0.4752680733310273,0.4818401937046005,0.5441023867173987,0.6454514008993428,0.557454168107921,0.17018332756831556,0.10134901418194409,0.15392597717052925,11,5.0,False,1.6094379124341003,2.302585092994046,0.6931471805599456,Stieger2021/18,-0.9154253687588448
Stieger2021,18,csp_lda,6,4.67870784845233,0.4903791737408036,0.5019807583474817,,0.4363327674023769,0.4448217317487266,0.4652518392756083,-0.0571590265987551,0.008488964346349659,-0.04555744199207701,11,4.0,False,1.791759469228055,2.302585092994046,0.5108256237659909,Stieger2021/18,-1.2078125816103142
Stieger2021,18,csp_lda,7,4.763733309355506,0.5196078431372548,0.5101809954751131,,0.5139517345399699,0.5592006033182504,0.5094268476621417,0.0490196078431373,0.04524886877828049,0.039592760180995556,11,3.0,False,1.9459101490553132,2.302585092994046,0.35667494393873267,Stieger2021/18,-1.1611193363332302
Stieger2021,18,csp_lda,8,9.029060285356652,0.5406080799666805,0.5139525197834236,,0.4768846314035818,0.4552269887546855,0.4812161599333611,-0.05872553102873812,-0.021657642648896303,-0.085381091211995,11,2.0,False,2.0794415416798357,2.302585092994046,0.22314355131421015,Stieger2021/18,1.1812608937978677
Stieger2021,18,csp_lda,9,7.89234481620701,0.4648745519713261,0.3956989247311828,,0.4164874551971326,0.4405017921146953,0.4502508960573476,0.044802867383512524,0.024014336917562717,-0.024372759856630788,11,1.0,False,2.1972245773362196,2.302585092994046,0.10536051565782634,Stieger2021/18,0.557013360794761
Stieger2021,18,csp_lda,10,7.249898298461403,0.4882556796303426,0.5737389295340778,,0.5614170196380439,0.5737389295340778,0.5737389295340778,0.0,0.012321909896033878,0.08548324990373518,11,0.0,True,2.302585092994046,2.302585092994046,0.0,Stieger2021/18,0.2042024202617291
Stieger2021,18,eegnet,1,6.111917470843052,0.5190176699610662,0.5190176699610662,,0.5190176699610662,0.5351901766996107,,0.016172506738544423,0.016172506738544423,0.016172506738544423,11,9.0,False,0.0,2.302585092994046,2.302585092994046,Stieger2021/18,-0.4207400068673875
Stieger2021,18,eegnet,2,7.735611062117672,0.5665483584738243,0.5723158828748891,,0.4307897071872227,0.5328305235137533,,-0.03948535936113584,0.10204081632653056,-0.03371783496007108,11,8.0,False,0.6931471805599453,2.302585092994046,1.6094379124341005,Stieger2021/18,0.47094022993310614
Stieger2021,18,eegnet,3,6.432810408101571,0.4562074829931973,0.5102040816326531,,0.475765306122449,0.4591836734693877,,-0.05102040816326536,-0.016581632653061285,0.00297619047619041,11,7.0,False,1.0986122886681098,2.302585092994046,1.2039728043259361,Stieger2021/18,-0.24451593859495951
Stieger2021,18,eegnet,4,6.91961947072851,0.5397012578616353,0.5035377358490566,,0.6194968553459118,0.5349842767295598,,0.03144654088050325,-0.08451257861635197,-0.004716981132075415,11,6.0,False,1.3862943611198906,2.302585092994046,0.9162907318741553,Stieger2021/18,0.022823923169881594
Stieger2021,18,eegnet,5,5.21112656099558,0.590107229332411,0.5164303009339329,,0.5219647180906262,0.461086129367001,,-0.05534417156693194,-0.06087858872362517,-0.12902109996541,11,5.0,False,1.6094379124341003,2.302585092994046,0.6931471805599456,Stieger2021/18,-0.9154253687588448
Stieger2021,18,eegnet,6,4.67870784845233,0.5413129598189022,0.5543293718166383,,0.5382003395585739,0.5826259196378042,,0.028296547821165863,0.044425580079230254,0.04131295981890204,11,4.0,False,1.791759469228055,2.302585092994046,0.5108256237659909,Stieger2021/18,-1.2078125816103142
Stieger2021,18,eegnet,7,4.763733309355506,0.4083710407239819,0.52526395173454,,0.5,0.504524886877828,,-0.020739064856711953,0.004524886877828038,0.09615384615384615,11,3.0,False,1.9459101490553132,2.302585092994046,0.35667494393873267,Stieger2021/18,-1.1611193363332302
Stieger2021,18,eegnet,8,9.029060285356652,0.4748021657642649,0.3990004164931279,,0.4510620574760516,0.4698042482299042,,0.07080383173677629,0.018742190753852583,-0.004997917534360741,11,2.0,False,2.0794415416798357,2.302585092994046,0.22314355131421015,Stieger2021/18,1.1812608937978677
Stieger2021,18,eegnet,9,7.89234481620701,0.4896057347670251,0.482437275985663,,0.5182795698924731,0.4551971326164874,,-0.027240143369175573,-0.06308243727598573,-0.034408602150537704,11,1.0,False,2.1972245773362196,2.302585092994046,0.10536051565782634,Stieger2021/18,0.557013360794761
Stieger2021,18,eegnet,10,7.249898298461403,0.503273007316134,0.6361185983827492,,0.5044281863688871,0.6361185983827492,,0.0,0.1316904120138621,0.1328455910666152,11,0.0,True,2.302585092994046,2.302585092994046,0.0,Stieger2021/18,0.2042024202617291
Stieger2021,18,ts_lr,1,6.111917470843052,0.477088948787062,0.477088948787062,0.5153039832285116,0.477088948787062,0.5678346810422282,0.491224917640012,0.09074573225516624,0.09074573225516624,0.09074573225516624,11,9.0,False,0.0,2.302585092994046,2.302585092994046,Stieger2021/18,-0.4207400068673875
Stieger2021,18,ts_lr,2,7.735611062117672,0.5798580301685892,0.5479148181011535,0.4891748003549246,0.4831410825199645,0.6020408163265305,0.5423247559893523,0.054125998225377,0.11889973380656599,0.022182786157941337,11,8.0,False,0.6931471805599453,2.302585092994046,1.6094379124341005,Stieger2021/18,0.47094022993310614
Stieger2021,18,ts_lr,3,6.432810408101571,0.4774659863945578,0.4931972789115645,0.4626700680272108,0.5803571428571428,0.4791666666666667,0.4961734693877552,-0.014030612244897822,-0.10119047619047611,0.001700680272108901,11,7.0,False,1.0986122886681098,2.302585092994046,1.2039728043259361,Stieger2021/18,-0.24451593859495951
Stieger2021,18,ts_lr,4,6.91961947072851,0.5640723270440252,0.5695754716981132,0.472562893081761,0.5125786163522013,0.4901729559748428,0.500943396226415,-0.0794025157232704,-0.02240566037735847,-0.07389937106918243,11,6.0,False,1.3862943611198906,2.302585092994046,0.9162907318741553,Stieger2021/18,0.022823923169881594
Stieger2021,18,ts_lr,5,5.21112656099558,0.5665859564164649,0.5081286751988932,0.5233483223797993,0.4430992736077482,0.526115530958146,0.514147353856797,0.01798685575925285,0.0830162573503978,-0.040470425458318915,11,5.0,False,1.6094379124341003,2.302585092994046,0.6931471805599456,Stieger2021/18,-0.9154253687588448
Stieger2021,18,ts_lr,6,4.67870784845233,0.5084889643463497,0.5130164119977363,,0.5280135823429541,0.4847198641765704,0.5040181097906056,-0.028296547821165863,-0.04329371816638372,-0.02376910016977929,11,4.0,False,1.791759469228055,2.302585092994046,0.5108256237659909,Stieger2021/18,-1.2078125816103142
Stieger2021,18,ts_lr,7,4.763733309355506,0.5086726998491704,0.578054298642534,,0.5211161387631976,0.5855957767722474,0.566289592760181,0.007541478129713397,0.06447963800904977,0.07692307692307698,11,3.0,False,1.9459101490553132,2.302585092994046,0.35667494393873267,Stieger2021/18,-1.1611193363332302
Stieger2021,18,ts_lr,8,9.029060285356652,0.4702207413577676,0.476051645147855,,0.4548104956268222,0.5035401915868388,0.4892961266139108,0.027488546438983852,0.04872969596001664,0.033319450229071235,11,2.0,False,2.0794415416798357,2.302585092994046,0.22314355131421015,Stieger2021/18,1.1812608937978677
Stieger2021,18,ts_lr,9,7.89234481620701,0.4218637992831541,0.4716845878136201,,0.4401433691756272,0.4670250896057347,0.4675985663082437,-0.004659498207885415,0.026881720430107503,0.045161290322580594,11,1.0,False,2.1972245773362196,2.302585092994046,0.10536051565782634,Stieger2021/18,0.557013360794761
Stieger2021,18,ts_lr,10,7.249898298461403,0.4401232190989603,0.5121293800539084,,0.490180978051598,0.5121293800539084,0.5121293800539084,0.0,0.021948402002310408,0.0720061609549481,11,0.0,True,2.302585092994046,2.302585092994046,0.0,Stieger2021/18,0.2042024202617291
Stieger2021,19,csp_lda,1,7.516454674633856,0.9241394927536232,0.9241394927536232,0.9801177536231884,0.9241394927536232,0.9966032608695652,0.9774456521739132,0.07246376811594202,0.07246376811594202,0.07246376811594202,11,9.0,False,0.0,2.302585092994046,2.302585092994046,Stieger2021/19,0.3505865988428306
Stieger2021,19,csp_lda,2,6.940384078628415,0.9253456221198156,0.9684331797235024,0.9610138248847924,0.9578341013824884,0.9822580645161292,0.9904147465437788,0.01382488479262678,0.024423963133640814,0.056912442396313545,11,8.0,False,0.6931471805599453,2.302585092994046,1.6094379124341005,Stieger2021/19,0.03422717720053977
Stieger2021,19,csp_lda,3,6.093682555852159,0.7473880597014926,0.9893656716417912,0.9603358208955224,0.9402985074626866,0.9779850746268656,0.9789925373134328,-0.011380597014925664,0.03768656716417895,0.230597014925373,11,7.0,False,1.0986122886681098,2.302585092994046,1.2039728043259361,Stieger2021/19,-0.43075403500945325
Stieger2021,19,csp_lda,4,6.694818718161862,0.9004159530217763,0.9508196721311474,0.942353804746758,0.9363836554930268,0.9493516026425248,0.9458282358698312,-0.0014680694886225476,0.012967947149498005,0.04893564962074848,11,6.0,False,1.3862943611198906,2.302585092994046,0.9162907318741553,Stieger2021/19,-0.10062941147326489
Stieger2021,19,csp_lda,5,5.749714559340975,0.9307692307692308,0.9752403846153846,0.963221153846154,0.9495192307692308,0.9961538461538462,0.9877884615384616,0.02091346153846152,0.04663461538461533,0.06538461538461537,11,5.0,False,1.6094379124341003,2.302585092994046,0.6931471805599456,Stieger2021/19,-0.6196501827980966
Stieger2021,19,csp_lda,6,7.635660412114364,0.8652357494722027,0.9950738916256158,,0.9933145672061928,0.9971850809289232,0.9920478536242084,0.002111189303307448,0.0038705137227303954,0.1319493314567205,11,4.0,False,1.791759469228055,2.302585092994046,0.5108256237659909,Stieger2021/19,0.41605055139877745
Stieger2021,19,csp_lda,7,6.273977385191227,0.9356575963718822,0.9982993197278912,,0.9821428571428572,0.999716553287982,0.9987528344671202,0.0014172335600908248,0.01757369614512483,0.06405895691609986,11,3.0,False,1.9459101490553132,2.302585092994046,0.35667494393873267,Stieger2021/19,-0.33174192029588745
Stieger2021,19,csp_lda,8,8.38460966578084,0.7931240063593005,0.9795310015898252,,0.9940381558028616,0.9844992050874404,0.9866454689984104,0.004968203497615176,-0.009538950715421213,0.1913751987281399,11,2.0,False,2.0794415416798357,2.302585092994046,0.22314355131421015,Stieger2021/19,0.8273493650724991
Stieger2021,19,csp_lda,9,10.739222697988149,0.6514583333333334,0.9641666666666668,,0.7375,0.9575,0.95475,-0.006666666666666821,0.21999999999999997,0.30604166666666666,11,1.0,False,2.1972245773362196,2.302585092994046,0.10536051565782634,Stieger2021/19,2.120427022959883
Stieger2021,19,csp_lda,10,8.384669160427146,0.945601851851852,0.9844907407407408,,0.961574074074074,0.9844907407407408,0.9844907407407406,0.0,0.022916666666666807,0.03888888888888886,11,0.0,True,2.302585092994046,2.302585092994046,0.0,Stieger2021/19,0.8273820376165012
Stieger2021,19,eegnet,1,7.516454674633856,0.9472373188405796,0.9472373188405796,,0.9472373188405796,0.9997735507246376,,0.05253623188405798,0.05253623188405798,0.05253623188405798,11,9.0,False,0.0,2.302585092994046,2.302585092994046,Stieger2021/19,0.3505865988428306
Stieger2021,19,eegnet,2,6.940384078628415,0.8990783410138249,0.9817972350230416,,0.7566820276497694,0.9935483870967742,,0.011751152073732563,0.23686635944700474,0.09447004608294929,11,8.0,False,0.6931471805599453,2.302585092994046,1.6094379124341005,Stieger2021/19,0.03422717720053977
Stieger2021,19,eegnet,3,6.093682555852159,0.9378731343283582,0.991044776119403,,0.9393656716417912,0.998320895522388,,0.007276119402985004,0.05895522388059682,0.060447761194029836,11,7.0,False,1.0986122886681098,2.302585092994046,1.2039728043259361,Stieger2021/19,-0.43075403500945325
Stieger2021,19,eegnet,4,6.694818718161862,0.9089796917054074,0.9610961585515048,,0.943724002936139,0.9645216540249572,,0.003425495473452389,0.020797651088818148,0.055541962319549776,11,6.0,False,1.3862943611198906,2.302585092994046,0.9162907318741553,Stieger2021/19,-0.10062941147326489
Stieger2021,19,eegnet,5,5.749714559340975,0.9322115384615384,0.9995192307692308,,0.8721153846153846,1.0,,0.00048076923076922906,0.12788461538461537,0.06778846153846163,11,5.0,False,1.6094379124341003,2.302585092994046,0.6931471805599456,Stieger2021/19,-0.6196501827980966
Stieger2021,19,eegnet,6,7.635660412114364,0.8377902885292048,0.9936664320900774,,0.9553131597466572,0.9989444053483462,,0.005277973258268731,0.04363124560168896,0.16115411681914138,11,4.0,False,1.791759469228055,2.302585092994046,0.5108256237659909,Stieger2021/19,0.41605055139877745
Stieger2021,19,eegnet,7,6.273977385191227,0.8866213151927438,0.9943310657596371,,0.9047619047619048,1.0,,0.005668934240362855,0.09523809523809523,0.11337868480725621,11,3.0,False,1.9459101490553132,2.302585092994046,0.35667494393873267,Stieger2021/19,-0.33174192029588745
Stieger2021,19,eegnet,8,8.38460966578084,0.9481319554848966,0.9994038155802862,,0.985095389507154,0.9962241653418124,,-0.0031796502384738856,0.011128775834658322,0.04809220985691576,11,2.0,False,2.0794415416798357,2.302585092994046,0.22314355131421015,Stieger2021/19,0.8273493650724991
Stieger2021,19,eegnet,9,10.739222697988149,0.7075,0.9904166666666668,,0.8395833333333333,0.9686458333333332,,-0.021770833333333628,0.12906249999999986,0.2611458333333332,11,1.0,False,2.1972245773362196,2.302585092994046,0.10536051565782634,Stieger2021/19,2.120427022959883
Stieger2021,19,eegnet,10,8.384669160427146,0.9412037037037038,0.9976851851851852,,0.9,0.9976851851851852,,0.0,0.09768518518518521,0.056481481481481466,11,0.0,True,2.302585092994046,2.302585092994046,0.0,Stieger2021/19,0.8273820376165012
Stieger2021,19,ts_lr,1,7.516454674633856,0.9592391304347826,0.9592391304347826,0.9814764492753624,0.9592391304347826,0.998641304347826,0.9862318840579712,0.03940217391304346,0.03940217391304346,0.03940217391304346,11,9.0,False,0.0,2.302585092994046,2.302585092994046,Stieger2021/19,0.3505865988428306
Stieger2021,19,ts_lr,2,6.940384078628415,0.970967741935484,0.986405529953917,0.9962672811059908,0.9921658986175116,0.9963133640552996,0.9928571428571428,0.009907834101382629,0.004147465437787989,0.025345622119815614,11,8.0,False,0.6931471805599453,2.302585092994046,1.6094379124341005,Stieger2021/19,0.03422717720053977
Stieger2021,19,ts_lr,3,6.093682555852159,0.9880597014925374,1.0,0.9981343283582088,0.9992537313432835,1.0,0.9998134328358208,0.0,0.0007462686567164534,0.011940298507462588,11,7.0,False,1.0986122886681098,2.302585092994046,1.2039728043259361,Stieger2021/19,-0.43075403500945325
Stieger2021,19,ts_lr,4,6.694818718161862,0.9491069243944212,0.9615855150477124,0.949938830437974,0.9591387325666748,0.9574259848299488,0.9533643259114264,-0.004159530217763607,-0.001712747736726028,0.008319060435527548,11,6.0,False,1.3862943611198906,2.302585092994046,0.9162907318741553,Stieger2021/19,-0.10062941147326489
Stieger2021,19,ts_lr,5,5.749714559340975,0.9771634615384616,0.9846153846153848,0.996875,0.9778846153846154,0.9987980769230768,0.9927403846153846,0.01418269230769198,0.02091346153846141,0.021634615384615197,11,5.0,False,1.6094379124341003,2.302585092994046,0.6931471805599456,Stieger2021/19,-0.6196501827980966
Stieger2021,19,ts_lr,6,7.635660412114364,0.9155524278676987,0.9922589725545392,,0.9933145672061928,0.9961294862772696,0.9981703026038,0.0038705137227303954,0.0028149190710767824,0.08057705840957086,11,4.0,False,1.791759469228055,2.302585092994046,0.5108256237659909,Stieger2021/19,0.41605055139877745
Stieger2021,19,ts_lr,7,6.273977385191227,0.9951814058956916,0.9994331065759636,,0.9994331065759636,0.9994331065759636,0.9993197278911564,0.0,0.0,0.00425170068027203,11,3.0,False,1.9459101490553132,2.302585092994046,0.35667494393873267,Stieger2021/19,-0.33174192029588745
Stieger2021,19,ts_lr,8,8.38460966578084,0.974960254372019,0.9992050874403816,,0.9829093799682036,0.999006359300477,0.9993243243243244,-0.0001987281399046248,0.016096979332273387,0.024046104928457934,11,2.0,False,2.0794415416798357,2.302585092994046,0.22314355131421015,Stieger2021/19,0.8273493650724991
Stieger2021,19,ts_lr,9,10.739222697988149,0.9495833333333332,0.9908333333333332,,0.9625,0.9914583333333332,0.99075,0.0006249999999999867,0.028958333333333197,0.041874999999999996,11,1.0,False,2.1972245773362196,2.302585092994046,0.10536051565782634,Stieger2021/19,2.120427022959883
Stieger2021,19,ts_lr,10,8.384669160427146,0.9847222222222222,0.9976851851851852,,0.9840277777777776,0.9976851851851852,0.9976851851851852,0.0,0.013657407407407618,0.012962962962963065,11,0.0,True,2.302585092994046,2.302585092994046,0.0,Stieger2021/19,0.8273820376165012
Stieger2021,20,csp_lda,1,6.398974431038708,0.8655913978494624,0.8655913978494624,0.8086021505376344,0.8655913978494624,0.8417818740399385,0.8396313364055299,-0.023809523809523836,-0.023809523809523836,-0.023809523809523836,7,5.0,False,0.0,1.791759469228055,1.791759469228055,Stieger2021/20,-0.2630975676670467
Stieger2021,20,csp_lda,2,7.762908698116106,0.8170360712733594,0.8326814428509343,0.776445023902651,0.6510212950890917,0.8522381573229031,0.7379400260756193,0.019556714471968828,0.2012168622338114,0.03520208604954367,7,4.0,False,0.6931471805599453,1.791759469228055,1.0986122886681096,Stieger2021/20,0.48593121262958205
Stieger2021,20,csp_lda,3,7.289471052263399,0.5438292964244521,0.5294117647058824,0.7145328719723183,0.701845444059977,0.8050749711649365,0.707035755478662,0.2756632064590542,0.10322952710495958,0.26124567474048443,7,3.0,False,1.0986122886681098,1.791759469228055,0.6931471805599452,Stieger2021/20,0.2259345023926384
Stieger2021,20,csp_lda,4,7.044091985113187,0.7373737373737375,0.7764602547211242,,0.8392621870882742,0.8032498902064119,0.7946420729029425,0.026789635485287677,-0.03601229688186225,0.06587615283267445,7,2.0,False,1.3862943611198906,1.791759469228055,0.4054651081081644,Stieger2021/20,0.09118022000945541
Stieger2021,20,csp_lda,5,8.17379953262058,0.5837301587301588,0.9111111111111112,,0.7972222222222222,0.7682539682539683,0.8183333333333334,-0.1428571428571429,-0.028968253968253865,0.18452380952380953,7,1.0,False,1.6094379124341003,1.791759469228055,0.18232155679395468,Stieger2021/20,0.7115792281042789
Stieger2021,20,csp_lda,6,7.918557002281114,0.9080439404677534,0.9601346562721472,,0.5471296952515946,0.9601346562721472,0.9601346562721474,0.0,0.4130049610205526,0.05209071580439384,7,0.0,True,1.791759469228055,1.791759469228055,0.0,Stieger2021/20,0.5714082493446798
Stieger2021,20,eegnet,1,6.398974431038708,0.7081413210445469,0.7081413210445469,,0.7081413210445469,0.9516129032258064,,0.24347158218125953,0.24347158218125953,0.24347158218125953,7,5.0,False,0.0,1.791759469228055,1.791759469228055,Stieger2021/20,-0.2630975676670467
Stieger2021,20,eegnet,2,7.762908698116106,0.877444589308996,0.9361147327249022,,0.6799217731421121,0.986527596697088,,0.050412863972185806,0.3066058235549759,0.10908300738809196,7,4.0,False,0.6931471805599453,1.791759469228055,1.0986122886681096,Stieger2021/20,0.48593121262958205
Stieger2021,20,eegnet,3,7.289471052263399,0.8091118800461362,0.9071510957324106,,0.8552479815455594,0.9607843137254902,,0.05363321799307963,0.10553633217993086,0.151672433679354,7,3.0,False,1.0986122886681098,1.791759469228055,0.6931471805599452,Stieger2021/20,0.2259345023926384
Stieger2021,20,eegnet,4,7.044091985113187,0.6534914361001318,0.9516908212560388,,0.6073781291172595,0.9789196310935442,,0.02722880983750542,0.37154150197628466,0.32542819499341236,7,2.0,False,1.3862943611198906,1.791759469228055,0.4054651081081644,Stieger2021/20,0.09118022000945541
Stieger2021,20,eegnet,5,8.17379953262058,0.8563492063492063,0.9353174603174604,,0.838888888888889,0.9591269841269842,,0.023809523809523725,0.12023809523809514,0.10277777777777786,7,1.0,False,1.6094379124341003,1.791759469228055,0.18232155679395468,Stieger2021/20,0.7115792281042789
Stieger2021,20,eegnet,6,7.918557002281114,0.8844790928419561,0.979801559177888,,0.8401842664776754,0.979801559177888,,0.0,0.13961729270021261,0.09532246633593189,7,0.0,True,1.791759469228055,1.791759469228055,0.0,Stieger2021/20,0.5714082493446798
Stieger2021,20,ts_lr,1,6.398974431038708,0.9685099846390168,0.9685099846390168,0.9466973886328724,0.9685099846390168,0.9654377880184332,0.9447004608294932,-0.003072196620583667,-0.003072196620583667,-0.003072196620583667,7,5.0,False,0.0,1.791759469228055,1.791759469228055,Stieger2021/20,-0.2630975676670467
Stieger2021,20,ts_lr,2,7.762908698116106,0.950890916992612,0.919600173837462,0.9764450239026512,0.7605388961321164,0.9887005649717514,0.9644502390265102,0.06910039113428945,0.22816166883963496,0.03780964797913944,7,4.0,False,0.6931471805599453,1.791759469228055,1.0986122886681096,Stieger2021/20,0.48593121262958205
Stieger2021,20,ts_lr,3,7.289471052263399,0.7693194925028836,0.9331026528258362,0.9826989619377162,0.908304498269896,0.9821222606689736,0.9544405997693196,0.049019607843137414,0.07381776239907756,0.21280276816609,7,3.0,False,1.0986122886681098,1.791759469228055,0.6931471805599452,Stieger2021/20,0.2259345023926384
Stieger2021,20,ts_lr,4,7.044091985113187,0.9235836627140976,0.979358805445762,,0.9569609134826528,0.9802371541501976,0.9780412823891084,0.0008783487044355942,0.023276240667544856,0.05665349143609999,7,2.0,False,1.3862943611198906,1.791759469228055,0.4054651081081644,Stieger2021/20,0.09118022000945541
Stieger2021,20,ts_lr,5,8.17379953262058,0.7781746031746032,0.9507936507936507,,0.9071428571428573,0.9349206349206348,0.9450793650793652,-0.015873015873015928,0.027777777777777568,0.15674603174603163,7,1.0,False,1.6094379124341003,1.791759469228055,0.18232155679395468,Stieger2021/20,0.7115792281042789
Stieger2021,20,ts_lr,6,7.918557002281114,0.9909638554216867,0.9952161587526576,,0.8738483345145287,0.9952161587526576,0.9952161587526576,0.0,0.12136782423812886,0.004252303330970819,7,0.0,True,1.791759469228055,1.791759469228055,0.0,Stieger2021/20,0.5714082493446798
Stieger2021,21,csp_lda,1,7.994586323852948,0.5104377104377105,0.5104377104377105,0.5588552188552189,0.5104377104377105,0.535016835016835,0.5561616161616162,0.02457912457912448,0.02457912457912448,0.02457912457912448,7,5.0,False,0.0,1.791759469228055,1.791759469228055,Stieger2021/21,0.6131611045799678
Stieger2021,21,csp_lda,2,6.826700820612443,0.5928649237472767,0.5220588235294118,0.5582788671023964,0.5125272331154684,0.5021786492374729,0.5681917211328976,-0.01988017429193889,-0.010348583877995532,-0.09068627450980382,7,4.0,False,0.6931471805599453,1.791759469228055,1.0986122886681096,Stieger2021/21,-0.028204007459342734
Stieger2021,21,csp_lda,3,9.621170779087032,0.5417236662106704,0.4575923392612859,0.5971272229822161,0.5232558139534883,0.7065663474692203,0.6306429548563611,0.24897400820793442,0.183310533515732,0.16484268125854995,7,3.0,False,1.0986122886681098,1.791759469228055,0.6931471805599452,Stieger2021/21,1.506428910780122
Stieger2021,21,csp_lda,4,8.638451680513672,0.4616500829187397,0.5630182421227198,,0.5250829187396351,0.4498341625207296,0.5386815920398009,-0.11318407960199017,-0.07524875621890548,-0.011815920398010105,7,2.0,False,1.3862943611198906,1.791759469228055,0.4054651081081644,Stieger2021/21,0.96675122575805
Stieger2021,21,csp_lda,5,9.114565373009745,0.5817042606516291,0.5814536340852131,,0.5390977443609023,0.5666666666666667,0.6030576441102757,-0.01478696741854646,0.027568922305764354,-0.015037593984962405,7,1.0,False,1.6094379124341003,1.791759469228055,0.18232155679395468,Stieger2021/21,1.2282175346418494
Stieger2021,21,csp_lda,6,7.250066757684604,0.4717377260981912,0.6847545219638244,,0.5145348837209303,0.6847545219638244,0.6847545219638244,0.0,0.1702196382428941,0.21301679586563316,7,0.0,True,1.791759469228055,1.791759469228055,0.0,Stieger2021/21,0.2042949326426626
Stieger2021,21,eegnet,1,7.994586323852948,0.6178451178451179,0.6178451178451179,,0.6178451178451179,0.8734006734006734,,0.25555555555555554,0.25555555555555554,0.25555555555555554,7,5.0,False,0.0,1.791759469228055,1.791759469228055,Stieger2021/21,0.6131611045799678
Stieger2021,21,eegnet,2,6.826700820612443,0.5988562091503269,0.6195533769063181,,0.6857298474945533,0.903322440087146,,0.28376906318082795,0.21759259259259267,0.3044662309368191,7,4.0,False,0.6931471805599453,1.791759469228055,1.0986122886681096,Stieger2021/21,-0.028204007459342734
Stieger2021,21,eegnet,3,9.621170779087032,0.4254445964432284,0.6819425444596443,,0.5129958960328317,0.7729138166894665,,0.09097127222982215,0.25991792065663477,0.34746922024623805,7,3.0,False,1.0986122886681098,1.791759469228055,0.6931471805599452,Stieger2021/21,1.506428910780122
Stieger2021,21,eegnet,4,8.638451680513672,0.6200248756218906,0.8476368159203981,,0.5783582089552238,0.888681592039801,,0.04104477611940294,0.3103233830845772,0.26865671641791045,7,2.0,False,1.3862943611198906,1.791759469228055,0.4054651081081644,Stieger2021/21,0.96675122575805
Stieger2021,21,eegnet,5,9.114565373009745,0.6884711779448622,0.930827067669173,,0.7646616541353384,0.9343358395989976,,0.0035087719298245723,0.1696741854636592,0.24586466165413534,7,1.0,False,1.6094379124341003,1.791759469228055,0.18232155679395468,Stieger2021/21,1.2282175346418494
Stieger2021,21,eegnet,6,7.250066757684604,0.5833333333333333,0.8964793281653747,,0.756298449612403,0.8964793281653747,,0.0,0.14018087855297168,0.3131459948320414,7,0.0,True,1.791759469228055,1.791759469228055,0.0,Stieger2021/21,0.2042949326426626
Stieger2021,21,ts_lr,1,7.994586323852948,0.5161616161616162,0.5161616161616162,0.6713804713804714,0.5161616161616162,0.7306397306397306,0.6587205387205388,0.2144781144781145,0.2144781144781145,0.2144781144781145,7,5.0,False,0.0,1.791759469228055,1.791759469228055,Stieger2021/21,0.6131611045799678
Stieger2021,21,ts_lr,2,6.826700820612443,0.6293572984749456,0.7224945533769063,0.7955882352941176,0.7184095860566448,0.82380174291939,0.7809368191721133,0.10130718954248374,0.10539215686274517,0.19444444444444442,7,4.0,False,0.6931471805599453,1.791759469228055,1.0986122886681096,Stieger2021/21,-0.028204007459342734
Stieger2021,21,ts_lr,3,9.621170779087032,0.4616963064295485,0.7455540355677155,0.8296853625171,0.7558139534883721,0.8761969904240766,0.8551299589603284,0.13064295485636113,0.12038303693570451,0.4145006839945281,7,3.0,False,1.0986122886681098,1.791759469228055,0.6931471805599452,Stieger2021/21,1.506428910780122
Stieger2021,21,ts_lr,4,8.638451680513672,0.5008291873963515,0.796849087893864,,0.7236733001658375,0.8505389718076286,0.8552238805970148,0.05368988391376461,0.12686567164179108,0.3497097844112771,7,2.0,False,1.3862943611198906,1.791759469228055,0.4054651081081644,Stieger2021/21,0.96675122575805
Stieger2021,21,ts_lr,5,9.114565373009745,0.6476190476190475,0.9197994987468672,,0.8919799498746869,0.9358395989974938,0.9271177944862156,0.016040100250626632,0.04385964912280693,0.28822055137844627,7,1.0,False,1.6094379124341003,1.791759469228055,0.18232155679395468,Stieger2021/21,1.2282175346418494
Stieger2021,21,ts_lr,6,7.250066757684604,0.482719638242894,0.8822674418604651,,0.8693475452196383,0.8822674418604651,0.882267441860465,0.0,0.012919896640826822,0.39954780361757114,7,0.0,True,1.791759469228055,1.791759469228055,0.0,Stieger2021/21,0.2042949326426626
Stieger2021,22,csp_lda,1,7.685610897934597,0.5886260961998406,0.5886260961998406,0.6324740898219506,0.5886260961998406,0.7778368323146426,0.5484985384002126,0.189210736114802,0.189210736114802,0.189210736114802,7,5.0,False,0.0,1.791759469228055,1.791759469228055,Stieger2021/22,0.4434817497873363
Stieger2021,22,csp_lda,2,6.9122776592764525,0.6118738404452689,0.7153988868274583,0.6303525046382189,0.7165120593692023,0.629313543599258,0.7104267161410018,-0.08608534322820038,-0.08719851576994431,0.017439703153989017,7,4.0,False,0.6931471805599453,1.791759469228055,1.0986122886681096,Stieger2021/22,0.01879203672942557
Stieger2021,22,csp_lda,3,9.522728737570844,0.5441893830703014,0.7344332855093257,0.7852223816355811,0.64519368723099,0.8067431850789096,0.7035581061692969,0.07230989956958389,0.1615494978479196,0.26255380200860823,7,3.0,False,1.0986122886681098,1.791759469228055,0.6931471805599452,Stieger2021/22,1.4523677114491749
Stieger2021,22,csp_lda,4,8.940850458038524,0.6191322901849218,0.7800497866287339,,0.6331792318634423,0.7558677098150781,0.822475106685633,-0.024182076813655806,0.12268847795163584,0.13673541963015634,7,2.0,False,1.3862943611198906,1.791759469228055,0.4054651081081644,Stieger2021/22,1.1328188970234556
Stieger2021,22,csp_lda,5,4.680108262522278,0.6634199134199135,0.6455627705627704,,0.6904761904761905,0.6536796536796536,0.6308441558441558,0.008116883116883189,-0.03679653679653683,-0.009740259740259827,7,1.0,False,1.6094379124341003,1.791759469228055,0.18232155679395468,Stieger2021/22,-1.2070435192969438
Stieger2021,22,csp_lda,6,7.374827675436261,0.5456059975010412,0.592253227821741,,0.6093294460641399,0.592253227821741,0.592253227821741,0.0,-0.01707621824239891,0.04664723032069973,7,0.0,True,1.791759469228055,1.791759469228055,0.0,Stieger2021/22,0.272809611324688
Stieger2021,22,eegnet,1,7.685610897934597,0.5676322083444061,0.5676322083444061,,0.5676322083444061,0.9186819027371778,,0.35104969439277167,0.35104969439277167,0.35104969439277167,7,5.0,False,0.0,1.791759469228055,1.791759469228055,Stieger2021/22,0.4434817497873363
Stieger2021,22,eegnet,2,6.9122776592764525,0.54582560296846,0.6649350649350649,,0.662708719851577,0.8871985157699444,,0.22226345083487942,0.22448979591836737,0.3413729128014843,7,4.0,False,0.6931471805599453,1.791759469228055,1.0986122886681096,Stieger2021/22,0.01879203672942557
Stieger2021,22,eegnet,3,9.522728737570844,0.5725968436154949,0.7361549497847919,,0.5744619799139168,0.8236728837876613,,0.08751793400286945,0.24921090387374456,0.25107604017216645,7,3.0,False,1.0986122886681098,1.791759469228055,0.6931471805599452,Stieger2021/22,1.4523677114491749
Stieger2021,22,eegnet,4,8.940850458038524,0.519203413940256,0.8362375533428164,,0.6543385490753911,0.9297652916073968,,0.0935277382645805,0.2754267425320057,0.4105618776671408,7,2.0,False,1.3862943611198906,1.791759469228055,0.4054651081081644,Stieger2021/22,1.1328188970234556
Stieger2021,22,eegnet,5,4.680108262522278,0.5351731601731602,0.8566017316017315,,0.6834415584415585,0.854978354978355,,-0.0016233766233765268,0.17153679653679643,0.31980519480519476,7,1.0,False,1.6094379124341003,1.791759469228055,0.18232155679395468,Stieger2021/22,-1.2070435192969438
Stieger2021,22,eegnet,6,7.374827675436261,0.4581424406497292,0.7526030820491462,,0.5152019991670137,0.7526030820491462,,0.0,0.23740108288213246,0.29446064139941697,7,0.0,True,1.791759469228055,1.791759469228055,0.0,Stieger2021/22,0.272809611324688
Stieger2021,22,ts_lr,1,7.685610897934597,0.684825936752591,0.684825936752591,0.7794844538931704,0.684825936752591,0.8777571086898751,0.750730799893702,0.19293117193728415,0.19293117193728415,0.19293117193728415,7,5.0,False,0.0,1.791759469228055,1.791759469228055,Stieger2021/22,0.4434817497873363
Stieger2021,22,ts_lr,2,6.9122776592764525,0.6705009276437848,0.7265306122448979,0.8217439703153989,0.6564007421150277,0.8727272727272727,0.7969573283858998,0.14619666048237479,0.21632653061224494,0.2022263450834879,7,4.0,False,0.6931471805599453,1.791759469228055,1.0986122886681096,Stieger2021/22,0.01879203672942557
Stieger2021,22,ts_lr,3,9.522728737570844,0.582209469153515,0.7718794835007173,0.8362984218077475,0.7562410329985652,0.8299856527977045,0.79506456241033,0.0581061692969872,0.07374461979913938,0.24777618364418952,7,3.0,False,1.0986122886681098,1.791759469228055,0.6931471805599452,Stieger2021/22,1.4523677114491749
Stieger2021,22,ts_lr,4,8.940850458038524,0.6843883357041252,0.8700213371266003,,0.8385490753911806,0.8899359886201992,0.8793029871977242,0.019914651493598834,0.05138691322901856,0.20554765291607402,7,2.0,False,1.3862943611198906,1.791759469228055,0.4054651081081644,Stieger2021/22,1.1328188970234556
Stieger2021,22,ts_lr,5,4.680108262522278,0.5784632034632035,0.829004329004329,,0.7402597402597403,0.8322510822510824,0.8415584415584416,0.0032467532467533866,0.09199134199134207,0.2537878787878789,7,1.0,False,1.6094379124341003,1.791759469228055,0.18232155679395468,Stieger2021/22,-1.2070435192969438
Stieger2021,22,ts_lr,6,7.374827675436261,0.5830903790087464,0.7396917950853812,,0.5910037484381507,0.7396917950853812,0.7396917950853812,0.0,0.14868804664723045,0.1566014160766348,7,0.0,True,1.791759469228055,1.791759469228055,0.0,Stieger2021/22,0.272809611324688
Stieger2021,23,csp_lda,1,8.053837032606161,0.6960651289009497,0.6960651289009497,0.7309556115526264,0.6960651289009497,0.8495832525683271,0.7033145958519093,0.15351812366737738,0.15351812366737738,0.15351812366737738,7,5.0,False,0.0,1.791759469228055,1.791759469228055,Stieger2021/23,0.6456996859327386
Stieger2021,23,csp_lda,2,8.681025153482187,0.5418181818181818,0.6054545454545455,0.5849696969696969,0.5593939393939394,0.6957575757575758,0.5753939393939393,0.09030303030303033,0.13636363636363635,0.15393939393939404,7,4.0,False,0.6931471805599453,1.791759469228055,1.0986122886681096,Stieger2021/23,0.990131206230957
Stieger2021,23,csp_lda,3,8.001950871331333,0.9105263157894736,0.7000000000000001,0.9605263157894736,0.75,0.951315789473684,0.9292105263157896,0.25131578947368394,0.201315789473684,0.040789473684210376,7,3.0,False,1.0986122886681098,1.791759469228055,0.6931471805599452,Stieger2021/23,0.6172054769139744
Stieger2021,23,csp_lda,4,6.726524803509541,0.7756045519203414,0.5665007112375533,,0.7014580369843528,0.7848506401137979,0.7861664295874823,0.2183499288762446,0.08339260312944508,0.009246088193456514,7,2.0,False,1.3862943611198906,1.791759469228055,0.4054651081081644,Stieger2021/23,-0.08321745034786476
Stieger2021,23,csp_lda,5,6.288218274676103,0.8910166150380174,0.8394818361025064,,0.5291467192340187,0.7952689383272319,0.841396789636722,-0.044212897775274485,0.2661222190932132,-0.09574767671078555,7,1.0,False,1.6094379124341003,1.791759469228055,0.18232155679395468,Stieger2021/23,-0.3239212823526438
Stieger2021,23,csp_lda,6,7.059824926601514,0.6591631355932204,0.8516949152542372,,0.6427436440677966,0.8516949152542372,0.8516949152542372,0.0,0.20895127118644063,0.19253177966101687,7,0.0,True,1.791759469228055,1.791759469228055,0.0,Stieger2021/23,0.09982024486837374
Stieger2021,23,eegnet,1,8.053837032606161,0.7389028881566195,0.7389028881566195,,0.7389028881566195,0.9637526652452024,,0.2248497770885829,0.2248497770885829,0.2248497770885829,7,5.0,False,0.0,1.791759469228055,1.791759469228055,Stieger2021/23,0.6456996859327386
Stieger2021,23,eegnet,2,8.681025153482187,0.5933333333333334,0.912121212121212,,0.7981818181818182,0.9751515151515152,,0.06303030303030321,0.176969696969697,0.38181818181818183,7,4.0,False,0.6931471805599453,1.791759469228055,1.0986122886681096,Stieger2021/23,0.990131206230957
Stieger2021,23,eegnet,3,8.001950871331333,0.8368421052631579,0.9539473684210528,,0.7960526315789473,0.9526315789473684,,-0.0013157894736843812,0.15657894736842104,0.11578947368421044,7,3.0,False,1.0986122886681098,1.791759469228055,0.6931471805599452,Stieger2021/23,0.6172054769139744
Stieger2021,23,eegnet,4,6.726524803509541,0.6827880512091039,0.9240753911806544,,0.6637624466571834,0.95323613086771,,0.02916073968705557,0.28947368421052655,0.27044807965860607,7,2.0,False,1.3862943611198906,1.791759469228055,0.4054651081081644,Stieger2021/23,-0.08321745034786476
Stieger2021,23,eegnet,5,6.288218274676103,0.8152633061109548,0.9749366375668826,,0.9048155449169248,0.9822585187271192,,0.007321881160236576,0.07744297381019438,0.16699521261616446,7,1.0,False,1.6094379124341003,1.791759469228055,0.18232155679395468,Stieger2021/23,-0.3239212823526438
Stieger2021,23,eegnet,6,7.059824926601514,0.7534427966101694,0.941207627118644,,0.8561970338983051,0.941207627118644,,0.0,0.08501059322033888,0.1877648305084746,7,0.0,True,1.791759469228055,1.791759469228055,0.0,Stieger2021/23,0.09982024486837374
Stieger2021,23,ts_lr,1,8.053837032606161,0.854235316921884,0.854235316921884,0.7927893002519867,0.854235316921884,0.9276991665051366,0.8282612909478582,0.07346384958325258,0.07346384958325258,0.07346384958325258,7,5.0,False,0.0,1.791759469228055,1.791759469228055,Stieger2021/23,0.6456996859327386
Stieger2021,23,ts_lr,2,8.681025153482187,0.5836363636363636,0.7781818181818182,0.8109090909090909,0.8551515151515152,0.8103030303030304,0.8,0.03212121212121222,-0.044848484848484804,0.2266666666666668,7,4.0,False,0.6931471805599453,1.791759469228055,1.0986122886681096,Stieger2021/23,0.990131206230957
Stieger2021,23,ts_lr,3,8.001950871331333,0.8710526315789474,0.9565789473684212,0.9618421052631578,0.8460526315789474,0.9802631578947368,0.9605263157894736,0.02368421052631564,0.13421052631578945,0.10921052631578942,7,3.0,False,1.0986122886681098,1.791759469228055,0.6931471805599452,Stieger2021/23,0.6172054769139744
Stieger2021,23,ts_lr,4,6.726524803509541,0.733108108108108,0.8627311522048365,,0.6850995732574681,0.9027382645803698,0.8694879089615931,0.04000711237553323,0.2176386913229017,0.16963015647226176,7,2.0,False,1.3862943611198906,1.791759469228055,0.4054651081081644,Stieger2021/23,-0.08321745034786476
Stieger2021,23,ts_lr,5,6.288218274676103,0.906223598986201,0.9301605181638974,,0.925091523514503,0.9464939453675022,0.9357927344410026,0.016333427203604756,0.02140242185299923,0.040270346381301225,7,1.0,False,1.6094379124341003,1.791759469228055,0.18232155679395468,Stieger2021/23,-0.3239212823526438
Stieger2021,23,ts_lr,6,7.059824926601514,0.8667902542372881,0.9221398305084746,,0.9017478813559322,0.9221398305084746,0.9221398305084746,0.0,0.020391949152542388,0.05534957627118653,7,0.0,True,1.791759469228055,1.791759469228055,0.0,Stieger2021/23,0.09982024486837374
Stieger2021,24,csp_lda,1,6.1250675025750825,0.6083192567567567,0.6083192567567567,0.5305743243243243,0.6083192567567567,0.667652027027027,0.6565878378378378,0.059332770270270285,0.059332770270270285,0.059332770270270285,11,9.0,False,0.0,2.302585092994046,2.302585092994046,Stieger2021/24,-0.4135184328759878
Stieger2021,24,csp_lda,2,6.724942409623672,0.681929067367236,0.6913116907487332,0.6235691499343216,0.5160442859823606,0.5685869769187465,0.6602739726027396,-0.12272471382998673,0.05254269093638586,-0.11334209044848953,11,8.0,False,0.6931471805599453,2.302585092994046,1.6094379124341005,Stieger2021/24,-0.084086450116322
Stieger2021,24,csp_lda,3,6.789586065036612,0.6187290969899666,0.7529542920847269,0.5792642140468228,0.8408026755852843,0.6889632107023411,0.6768338907469342,-0.06399108138238574,-0.1518394648829432,0.07023411371237454,11,7.0,False,1.0986122886681098,2.302585092994046,1.2039728043259361,Stieger2021/24,-0.0485862361128839
Stieger2021,24,csp_lda,4,5.556161895539392,0.7529513888888889,0.6265624999999999,0.6183680555555554,0.7069444444444445,0.631076388888889,0.5945833333333335,0.004513888888889039,-0.07586805555555554,-0.12187499999999996,11,6.0,False,1.3862943611198906,2.302585092994046,0.9162907318741553,Stieger2021/24,-0.725943073291357
Stieger2021,24,csp_lda,5,6.492109029707349,0.6623376623376623,0.7604854162231212,0.5769640195869704,0.7298275494996807,0.705982542048116,0.6862252501596762,-0.05450287417500521,-0.023845007451564704,0.04364487971045361,11,5.0,False,1.6094379124341003,2.302585092994046,0.6931471805599456,Stieger2021/24,-0.2119510450463715
Stieger2021,24,csp_lda,6,10.19537871082862,0.5989393939393939,0.7101515151515152,,0.6553030303030303,0.6289393939393939,0.6145454545454546,-0.08121212121212129,-0.026363636363636367,0.030000000000000027,11,4.0,False,1.791759469228055,2.302585092994046,0.5108256237659909,Stieger2021/24,1.8217654171871756
Stieger2021,24,csp_lda,7,9.552516143154174,0.5877100840336134,0.7778361344537815,,0.4215686274509803,0.6102941176470589,0.5898459383753502,-0.16754201680672265,0.1887254901960786,0.02258403361344552,11,3.0,False,1.9459101490553132,2.302585092994046,0.35667494393873267,Stieger2021/24,1.4687259954301843
Stieger2021,24,csp_lda,8,6.342634006257615,0.53671875,0.7067187500000001,,0.50625,0.49140625,0.59990625,-0.21531250000000007,-0.014843749999999989,-0.04531250000000003,11,2.0,False,2.0794415416798357,2.302585092994046,0.22314355131421015,Stieger2021/24,-0.29403791477453745
Stieger2021,24,csp_lda,9,6.698114375123866,0.6021526418786692,0.860078277886497,,0.7915851272015656,0.647358121330724,0.7495890410958903,-0.21272015655577303,-0.14422700587084158,0.045205479452054775,11,1.0,False,2.1972245773362196,2.302585092994046,0.10536051565782634,Stieger2021/24,-0.09881954279109217
Stieger2021,24,csp_lda,10,6.91844417750188,0.5498373262348418,0.6989056492162082,,0.6515823720792664,0.6989056492162082,0.6989056492162082,0.0,0.047323277136941844,0.1490683229813664,11,0.0,True,2.302585092994046,2.302585092994046,0.0,Stieger2021/24,0.022178489974687923
Stieger2021,24,eegnet,1,6.1250675025750825,0.6583614864864864,0.6583614864864864,,0.6583614864864864,0.9824746621621622,,0.32411317567567577,0.32411317567567577,0.32411317567567577,11,9.0,False,0.0,2.302585092994046,2.302585092994046,Stieger2021/24,-0.4135184328759878
Stieger2021,24,eegnet,2,6.724942409623672,0.6282604616250703,0.9508350534809532,,0.8829048601989116,0.9900544192156128,,0.03921936573465956,0.1071495590167012,0.36179395759054245,11,8.0,False,0.6931471805599453,2.302585092994046,1.6094379124341005,Stieger2021/24,-0.084086450116322
Stieger2021,24,eegnet,3,6.789586065036612,0.6537346711259755,0.973690078037904,,0.8448160535117056,0.9919732441471572,,0.01828316610925318,0.14715719063545152,0.33823857302118165,11,7.0,False,1.0986122886681098,2.302585092994046,1.2039728043259361,Stieger2021/24,-0.0485862361128839
Stieger2021,24,eegnet,4,5.556161895539392,0.6015625000000001,0.9920138888888888,,0.8717013888888888,0.9907986111111112,,-0.0012152777777775237,0.11909722222222241,0.3892361111111111,11,6.0,False,1.3862943611198906,2.302585092994046,0.9162907318741553,Stieger2021/24,-0.725943073291357
Stieger2021,24,eegnet,5,6.492109029707349,0.5243772620821802,0.9654034490100064,,0.8571428571428571,0.9857355758995104,,0.020332126889504032,0.12859271875665335,0.4613583138173303,11,5.0,False,1.6094379124341003,2.302585092994046,0.6931471805599456,Stieger2021/24,-0.2119510450463715
Stieger2021,24,eegnet,6,10.19537871082862,0.535909090909091,0.9515151515151516,,0.5866666666666667,0.9753030303030304,,0.023787878787878802,0.3886363636363638,0.43939393939393945,11,4.0,False,1.791759469228055,2.302585092994046,0.5108256237659909,Stieger2021/24,1.8217654171871756
Stieger2021,24,eegnet,7,9.552516143154174,0.648109243697479,0.988795518207283,,0.8914565826330533,0.993872549019608,,0.005077030812325023,0.1024159663865547,0.34576330532212896,11,3.0,False,1.9459101490553132,2.302585092994046,0.35667494393873267,Stieger2021/24,1.4687259954301843
Stieger2021,24,eegnet,8,6.342634006257615,0.506875,0.96265625,,0.8395312500000002,0.9728125,,0.010156249999999978,0.1332812499999998,0.4659375,11,2.0,False,2.0794415416798357,2.302585092994046,0.22314355131421015,Stieger2021/24,-0.29403791477453745
Stieger2021,24,eegnet,9,6.698114375123866,0.5199608610567514,0.986105675146771,,0.8146771037181995,0.9900195694716244,,0.00391389432485334,0.17534246575342494,0.47005870841487296,11,1.0,False,2.1972245773362196,2.302585092994046,0.10536051565782634,Stieger2021/24,-0.09881954279109217
Stieger2021,24,eegnet,10,6.91844417750188,0.6157941437444542,0.9970422951789412,,0.8737060041407867,0.9970422951789412,,0.0,0.12333629103815447,0.381248151434487,11,0.0,True,2.302585092994046,2.302585092994046,0.0,Stieger2021/24,0.022178489974687923
Stieger2021,24,ts_lr,1,6.1250675025750825,0.8125,0.8125,0.8603462837837839,0.8125,0.9611486486486488,0.8688344594594595,0.1486486486486488,0.1486486486486488,0.1486486486486488,11,9.0,False,0.0,2.302585092994046,2.302585092994046,Stieger2021/24,-0.4135184328759878
Stieger2021,24,ts_lr,2,6.724942409623672,0.8556952523925689,0.9213736160630512,0.9527115781572528,0.8949146181272284,0.9711015199849876,0.9385625820979544,0.04972790392193638,0.07618690185775923,0.11540626759241868,11,8.0,False,0.6931471805599453,2.302585092994046,1.6094379124341005,Stieger2021/24,-0.084086450116322
Stieger2021,24,ts_lr,3,6.789586065036612,0.7172798216276477,0.9186176142697882,0.8837458193979935,0.9188405797101448,0.9235228539576368,0.9081382385730212,0.004905239687848617,0.004682274247492013,0.20624303232998908,11,7.0,False,1.0986122886681098,2.302585092994046,1.2039728043259361,Stieger2021/24,-0.0485862361128839
Stieger2021,24,ts_lr,4,5.556161895539392,0.7963541666666667,0.9760416666666666,0.970625,0.9232638888888888,0.9822916666666668,0.9724305555555556,0.0062500000000002,0.05902777777777801,0.1859375000000001,11,6.0,False,1.3862943611198906,2.302585092994046,0.9162907318741553,Stieger2021/24,-0.725943073291357
Stieger2021,24,ts_lr,5,6.492109029707349,0.8428784330423675,0.9137747498403236,0.9642324888226528,0.8562912497338727,0.9538002980625933,0.9492441984245265,0.04002554822226967,0.09750904832872054,0.11092186502022572,11,5.0,False,1.6094379124341003,2.302585092994046,0.6931471805599456,Stieger2021/24,-0.2119510450463715
Stieger2021,24,ts_lr,6,10.19537871082862,0.8163636363636365,0.9112121212121213,,0.8081818181818182,0.9340909090909092,0.9086060606060606,0.022878787878787943,0.12590909090909097,0.11772727272727268,11,4.0,False,1.791759469228055,2.302585092994046,0.5108256237659909,Stieger2021/24,1.8217654171871756
Stieger2021,24,ts_lr,7,9.552516143154174,0.6650910364145658,0.9534313725490196,,0.8198529411764706,0.9667366946778712,0.9563375350140056,0.013305322128851604,0.1468837535014006,0.30164565826330536,11,3.0,False,1.9459101490553132,2.302585092994046,0.35667494393873267,Stieger2021/24,1.4687259954301843
Stieger2021,24,ts_lr,8,6.342634006257615,0.754375,0.90859375,,0.8609375,0.9184375,0.917,0.00984375000000004,0.057499999999999996,0.1640625,11,2.0,False,2.0794415416798357,2.302585092994046,0.22314355131421015,Stieger2021/24,-0.29403791477453745
Stieger2021,24,ts_lr,9,6.698114375123866,0.8227005870841487,0.980430528375734,,0.931311154598826,0.9823874755381604,0.9816438356164384,0.001956947162426448,0.05107632093933445,0.1596868884540117,11,1.0,False,2.1972245773362196,2.302585092994046,0.10536051565782634,Stieger2021/24,-0.09881954279109217
Stieger2021,24,ts_lr,10,6.91844417750188,0.7542147293700088,0.94321206743567,,0.9071280686187518,0.94321206743567,0.94321206743567,0.0,0.03608399881691815,0.1889973380656612,11,0.0,True,2.302585092994046,2.302585092994046,0.0,Stieger2021/24,0.022178489974687923
Stieger2021,25,csp_lda,1,7.711469976830527,0.5408653846153846,0.5408653846153846,0.547676282051282,0.5408653846153846,0.6358173076923077,0.536298076923077,0.09495192307692313,0.09495192307692313,0.09495192307692313,11,9.0,False,0.0,2.302585092994046,2.302585092994046,Stieger2021/25,0.45768272324518194
Stieger2021,25,csp_lda,2,5.041263170519129,0.4760765550239234,0.4662413609782031,0.569377990430622,0.4734183944710261,0.5964912280701755,0.5135034556087188,0.1302498670919724,0.12307283359914939,0.12041467304625214,11,8.0,False,0.6931471805599453,2.302585092994046,1.6094379124341005,Stieger2021/25,-1.0087088731452083
Stieger2021,25,csp_lda,3,5.912179136972769,0.5359307359307359,0.6320346320346321,0.5990476190476189,0.5424242424242425,0.5963203463203463,0.5429870129870129,-0.03571428571428581,0.053896103896103775,0.060389610389610326,11,7.0,False,1.0986122886681098,2.302585092994046,1.2039728043259361,Stieger2021/25,-0.5304298681815389
Stieger2021,25,csp_lda,4,7.915226002027122,0.5148565573770492,0.5320184426229508,0.5991803278688524,0.4920594262295081,0.5076844262295082,0.620952868852459,-0.02433401639344268,0.015625000000000056,-0.0071721311475410054,11,6.0,False,1.3862943611198906,2.302585092994046,0.9162907318741553,Stieger2021/25,0.5695789712646141
Stieger2021,25,csp_lda,5,8.450863696604205,0.5119977678571428,0.5859375,0.5669642857142857,0.5655691964285715,0.5089285714285714,0.5676339285714286,-0.0770089285714286,-0.05664062500000011,-0.003069196428571397,11,5.0,False,1.6094379124341003,2.302585092994046,0.6931471805599456,Stieger2021/25,0.8637339453966658
Stieger2021,25,csp_lda,6,10.142510373093147,0.5633838383838384,0.5517676767676768,,0.5547979797979798,0.5555555555555555,0.6084343434343434,0.0037878787878786735,0.0007575757575756237,-0.007828282828282962,11,4.0,False,1.791759469228055,2.302585092994046,0.5108256237659909,Stieger2021/25,1.7927318284826659
Stieger2021,25,csp_lda,7,7.366498114943091,0.4852941176470588,0.5579710144927537,,0.6054987212276215,0.5200341005967604,0.6404092071611254,-0.037936913895993296,-0.08546462063086113,0.03473998294970154,11,3.0,False,1.9459101490553132,2.302585092994046,0.35667494393873267,Stieger2021/25,0.26823528491673315
Stieger2021,25,csp_lda,8,5.784814689128929,0.5229885057471264,0.6751183231913456,,0.7559161595672752,0.5243407707910751,0.5850574712643679,-0.15077755240027046,-0.2315753887762001,0.0013522650439486972,11,2.0,False,2.0794415416798357,2.302585092994046,0.22314355131421015,Stieger2021/25,-0.60037432175557
Stieger2021,25,csp_lda,9,5.435423544308016,0.4753550543024227,0.5781119465329991,,0.7276524644945698,0.5672514619883041,0.5780005569479254,-0.010860484544695015,-0.16040100250626566,0.09189640768588142,11,1.0,False,2.1972245773362196,2.302585092994046,0.10536051565782634,Stieger2021/25,-0.7922486879685576
Stieger2021,25,csp_lda,10,7.411071796223503,0.4730195177956371,0.7476463834672791,,0.6491389207807118,0.7476463834672791,0.7476463834672791,0.0,0.0985074626865673,0.27462686567164196,11,0.0,True,2.302585092994046,2.302585092994046,0.0,Stieger2021/25,0.2927137153870949
Stieger2021,25,eegnet,1,7.711469976830527,0.530849358974359,0.530849358974359,,0.530849358974359,0.9134615384615384,,0.3826121794871794,0.3826121794871794,0.3826121794871794,11,9.0,False,0.0,2.302585092994046,2.302585092994046,Stieger2021/25,0.45768272324518194
Stieger2021,25,eegnet,2,5.041263170519129,0.4970760233918129,0.5364167995746943,,0.4922913343965975,0.7751196172248804,,0.23870281765018608,0.28282828282828293,0.27804359383306754,11,8.0,False,0.6931471805599453,2.302585092994046,1.6094379124341005,Stieger2021/25,-1.0087088731452083
Stieger2021,25,eegnet,3,5.912179136972769,0.5383116883116883,0.6452380952380953,,0.4943722943722943,0.8497835497835498,,0.20454545454545447,0.35541125541125546,0.31147186147186146,11,7.0,False,1.0986122886681098,2.302585092994046,1.2039728043259361,Stieger2021/25,-0.5304298681815389
Stieger2021,25,eegnet,4,7.915226002027122,0.5120389344262295,0.5035860655737705,,0.5591700819672132,0.8527151639344261,,0.34912909836065564,0.29354508196721296,0.34067622950819665,11,6.0,False,1.3862943611198906,2.302585092994046,0.9162907318741553,Stieger2021/25,0.5695789712646141
Stieger2021,25,eegnet,5,8.450863696604205,0.5744977678571429,0.7865513392857143,,0.51171875,0.8588169642857143,,0.072265625,0.3470982142857143,0.2843191964285714,11,5.0,False,1.6094379124341003,2.302585092994046,0.6931471805599456,Stieger2021/25,0.8637339453966658
Stieger2021,25,eegnet,6,10.142510373093147,0.4583333333333333,0.836111111111111,,0.4888888888888889,0.8810606060606061,,0.04494949494949507,0.3921717171717172,0.4227272727272728,11,4.0,False,1.791759469228055,2.302585092994046,0.5108256237659909,Stieger2021/25,1.7927318284826659
Stieger2021,25,eegnet,7,7.366498114943091,0.497229326513214,0.9017476555839729,,0.5417732310315431,0.9475703324808183,,0.04582267689684549,0.4057971014492753,0.45034100596760435,11,3.0,False,1.9459101490553132,2.302585092994046,0.35667494393873267,Stieger2021/25,0.26823528491673315
Stieger2021,25,eegnet,8,5.784814689128929,0.5598377281947262,0.8262339418526031,,0.7444219066937119,0.8573360378634212,,0.031102096010818037,0.11291413116970928,0.29749830966869495,11,2.0,False,2.0794415416798357,2.302585092994046,0.22314355131421015,Stieger2021/25,-0.60037432175557
Stieger2021,25,eegnet,9,5.435423544308016,0.5018100807574492,0.95098858256753,,0.4951267056530214,0.9479253689780006,,-0.0030632135895294343,0.4527986633249792,0.44611528822055146,11,1.0,False,2.1972245773362196,2.302585092994046,0.10536051565782634,Stieger2021/25,-0.7922486879685576
Stieger2021,25,eegnet,10,7.411071796223503,0.5641791044776119,0.9005740528128588,,0.5543053960964409,0.9005740528128588,,0.0,0.34626865671641793,0.33639494833524697,11,0.0,True,2.302585092994046,2.302585092994046,0.0,Stieger2021/25,0.2927137153870949
Stieger2021,25,ts_lr,1,7.711469976830527,0.6442307692307693,0.6442307692307693,0.7169871794871795,0.6442307692307693,0.7856570512820512,0.7370993589743591,0.14142628205128194,0.14142628205128194,0.14142628205128194,11,9.0,False,0.0,2.302585092994046,2.302585092994046,Stieger2021/25,0.45768272324518194
Stieger2021,25,ts_lr,2,5.041263170519129,0.6892610313662945,0.7113237639553429,0.7574694311536417,0.7017543859649122,0.7506645401382244,0.7505050505050506,0.039340776182881454,0.048910154173312126,0.061403508771929904,11,8.0,False,0.6931471805599453,2.302585092994046,1.6094379124341005,Stieger2021/25,-1.0087088731452083
Stieger2021,25,ts_lr,3,5.912179136972769,0.6443722943722944,0.6950216450216449,0.7051082251082251,0.5926406926406926,0.6813852813852814,0.6580519480519481,-0.013636363636363447,0.08874458874458879,0.03701298701298705,11,7.0,False,1.0986122886681098,2.302585092994046,1.2039728043259361,Stieger2021/25,-0.5304298681815389
Stieger2021,25,ts_lr,4,7.915226002027122,0.7277151639344263,0.7479508196721312,0.8124487704918032,0.725922131147541,0.8237704918032787,0.7818647540983606,0.07581967213114749,0.09784836065573765,0.0960553278688524,11,6.0,False,1.3862943611198906,2.302585092994046,0.9162907318741553,Stieger2021/25,0.5695789712646141
Stieger2021,25,ts_lr,5,8.450863696604205,0.7262834821428572,0.7879464285714286,0.84375,0.7848772321428572,0.8244977678571429,0.802734375,0.0365513392857143,0.0396205357142857,0.0982142857142857,11,5.0,False,1.6094379124341003,2.302585092994046,0.6931471805599456,Stieger2021/25,0.8637339453966658
Stieger2021,25,ts_lr,6,10.142510373093147,0.7282828282828282,0.7666666666666666,,0.753030303030303,0.8093434343434344,0.7890404040404041,0.04267676767676776,0.056313131313131315,0.08106060606060617,11,4.0,False,1.791759469228055,2.302585092994046,0.5108256237659909,Stieger2021/25,1.7927318284826659
Stieger2021,25,ts_lr,7,7.366498114943091,0.8363171355498722,0.9017476555839729,,0.8049872122762148,0.9279624893435636,0.9267263427109974,0.026214833759590772,0.12297527706734879,0.09164535379369143,11,3.0,False,1.9459101490553132,2.302585092994046,0.35667494393873267,Stieger2021/25,0.26823528491673315
Stieger2021,25,ts_lr,8,5.784814689128929,0.751183231913455,0.8860716700473291,,0.872210953346856,0.896213657876944,0.8939148073022313,0.01014198782961484,0.024002704530087904,0.14503042596348892,11,2.0,False,2.0794415416798357,2.302585092994046,0.22314355131421015,Stieger2021/25,-0.60037432175557
Stieger2021,25,ts_lr,9,5.435423544308016,0.7204121414647731,0.913394597605124,,0.8571428571428572,0.922584238373712,0.9238095238095236,0.00918964076858797,0.06544138123085474,0.2021720969089389,11,1.0,False,2.1972245773362196,2.302585092994046,0.10536051565782634,Stieger2021/25,-0.7922486879685576
Stieger2021,25,ts_lr,10,7.411071796223503,0.7963260619977037,0.9570608495981632,,0.9391504018369692,0.9570608495981632,0.9570608495981632,0.0,0.017910447761193993,0.16073478760045945,11,0.0,True,2.302585092994046,2.302585092994046,0.0,Stieger2021/25,0.2927137153870949
Stieger2021,26,csp_lda,1,6.770241413365382,0.8531497705465164,0.8531497705465164,0.9785565289945766,0.8531497705465164,0.9883187317480184,0.9504380475594496,0.135168961201502,0.135168961201502,0.135168961201502,11,9.0,False,0.0,2.302585092994046,2.302585092994046,Stieger2021/26,-0.059209695905864085
Stieger2021,26,csp_lda,2,9.291965174754264,0.8023900981647459,0.9532650448143408,0.9371318822023046,0.9391805377720872,0.9831412718736664,0.9424669227486128,0.029876227059325577,0.04396073410157919,0.18075117370892047,11,8.0,False,0.6931471805599453,2.302585092994046,1.6094379124341005,Stieger2021/26,1.3256397934214366
Stieger2021,26,csp_lda,3,9.537436531187176,0.627170138888889,0.9513888888888888,0.9496961805555556,0.9292534722222222,0.9657118055555556,0.966362847222222,0.01432291666666674,0.03645833333333337,0.33854166666666663,11,7.0,False,1.0986122886681098,2.302585092994046,1.2039728043259361,Stieger2021/26,1.46044475810693
Stieger2021,26,csp_lda,4,7.483836677763032,0.6775735294117647,0.961764705882353,0.963933823529412,0.9689338235294118,0.9770220588235294,0.96375,0.015257352941176472,0.008088235294117618,0.2994485294117647,11,6.0,False,1.3862943611198906,2.302585092994046,0.9162907318741553,Stieger2021/26,0.3326738452728037
Stieger2021,26,csp_lda,5,4.490407119231945,0.7661458333333334,0.990972222222222,0.9876736111111112,0.9852430555555556,0.9907986111111112,0.9862152777777778,-0.00017361111111080518,0.005555555555555647,0.2246527777777778,11,5.0,False,1.6094379124341003,2.302585092994046,0.6931471805599456,Stieger2021/26,-1.3112212787457953
Stieger2021,26,csp_lda,6,2.3762019224456465,0.6920614596670934,0.9854886897140418,,0.9820742637644048,0.9831412718736662,0.9864703371745625,-0.0023474178403756207,0.0010670081092614137,0.29107981220657275,11,4.0,False,1.791759469228055,2.302585092994046,0.5108256237659909,Stieger2021/26,-2.472274694640193
Stieger2021,26,csp_lda,7,3.611182154186265,0.8653508771929824,0.9875,,0.9958333333333332,0.9932017543859648,0.9900877192982456,0.0057017543859647635,-0.0026315789473684292,0.12785087719298238,11,3.0,False,1.9459101490553132,2.302585092994046,0.35667494393873267,Stieger2021/26,-1.794063318183419
Stieger2021,26,csp_lda,8,6.630859902465292,0.7157287157287158,0.9631003916718204,,0.7808699237270665,0.9569160997732424,0.9494124922696352,-0.006184291898577943,0.1760461760461759,0.24118738404452666,11,2.0,False,2.0794415416798357,2.302585092994046,0.22314355131421015,Stieger2021/26,-0.135753533556562
Stieger2021,26,csp_lda,9,7.447279857698788,0.5741776315789473,0.9870065789473684,,0.8865131578947368,0.990625,0.9886513157894736,0.0036184210526315486,0.10411184210526314,0.4164473684210527,11,1.0,False,2.1972245773362196,2.302585092994046,0.10536051565782634,Stieger2021/26,0.31259801683649857
Stieger2021,26,csp_lda,10,6.785088921697912,0.7548076923076923,0.9759615384615384,,0.8951923076923076,0.9759615384615384,0.9759615384615384,0.0,0.08076923076923082,0.22115384615384615,11,0.0,True,2.302585092994046,2.302585092994046,0.0,Stieger2021/26,-0.0510559224248379
Stieger2021,26,eegnet,1,6.770241413365382,0.8281184814351272,0.8281184814351272,,0.8281184814351272,0.9987484355444304,,0.17062995410930315,0.17062995410930315,0.17062995410930315,11,9.0,False,0.0,2.302585092994046,2.302585092994046,Stieger2021/26,-0.059209695905864085
Stieger2021,26,eegnet,2,9.291965174754264,0.7597097737942808,0.9246692274861288,,0.7405036278275715,0.9993597951344432,,0.07469056764831439,0.25885616730687167,0.23965002134016233,11,8.0,False,0.6931471805599453,2.302585092994046,1.6094379124341005,Stieger2021/26,1.3256397934214366
Stieger2021,26,eegnet,3,9.537436531187176,0.7185329861111112,0.9822048611111112,,0.5,0.9945746527777778,,0.01236979166666663,0.4945746527777778,0.27604166666666663,11,7.0,False,1.0986122886681098,2.302585092994046,1.2039728043259361,Stieger2021/26,1.46044475810693
Stieger2021,26,eegnet,4,7.483836677763032,0.6472426470588235,0.9520220588235294,,0.9213235294117648,0.9898897058823528,,0.037867647058823395,0.06856617647058805,0.3426470588235293,11,6.0,False,1.3862943611198906,2.302585092994046,0.9162907318741553,Stieger2021/26,0.3326738452728037
Stieger2021,26,eegnet,5,4.490407119231945,0.7315972222222222,0.9904513888888888,,0.9809027777777778,0.999826388888889,,0.009375000000000133,0.018923611111111183,0.26822916666666674,11,5.0,False,1.6094379124341003,2.302585092994046,0.6931471805599456,Stieger2021/26,-1.3112212787457953
Stieger2021,26,eegnet,6,2.3762019224456465,0.6090482287665386,0.990183525394793,,0.989543320529236,0.993384549722578,,0.003201024327784907,0.003841229193341955,0.3843363209560393,11,4.0,False,1.791759469228055,2.302585092994046,0.5108256237659909,Stieger2021/26,-2.472274694640193
Stieger2021,26,eegnet,7,3.611182154186265,0.675219298245614,0.9969298245614036,,0.9565789473684212,0.9982456140350878,,0.0013157894736842701,0.04166666666666663,0.32302631578947383,11,3.0,False,1.9459101490553132,2.302585092994046,0.35667494393873267,Stieger2021/26,-1.794063318183419
Stieger2021,26,eegnet,8,6.630859902465292,0.6615130900845186,0.9917542774685632,,0.958359101216244,0.9748505462791176,,-0.016903731189445548,0.01649144506287359,0.31333745619459896,11,2.0,False,2.0794415416798357,2.302585092994046,0.22314355131421015,Stieger2021/26,-0.135753533556562
Stieger2021,26,eegnet,9,7.447279857698788,0.6106907894736844,1.0,,0.9462171052631578,0.9990131578947368,,-0.0009868421052632304,0.05279605263157894,0.3883223684210524,11,1.0,False,2.1972245773362196,2.302585092994046,0.10536051565782634,Stieger2021/26,0.31259801683649857
Stieger2021,26,eegnet,10,6.785088921697912,0.6408653846153846,0.9889423076923076,,0.954326923076923,0.9889423076923076,,0.0,0.0346153846153846,0.34807692307692306,11,0.0,True,2.302585092994046,2.302585092994046,0.0,Stieger2021/26,-0.0510559224248379
Stieger2021,26,ts_lr,1,6.770241413365382,0.98456403838131,0.98456403838131,0.9675427617855654,0.98456403838131,0.9870671672924488,0.9723821443471008,0.0025031289111387967,0.0025031289111387967,0.0025031289111387967,11,9.0,False,0.0,2.302585092994046,2.302585092994046,Stieger2021/26,-0.059209695905864085
Stieger2021,26,ts_lr,2,9.291965174754264,0.9466495945369184,0.9696969696969696,0.9769953051643192,0.9637217242851044,0.992104139991464,0.9893299189073836,0.02240717029449435,0.028382415706359576,0.045454545454545525,11,8.0,False,0.6931471805599453,2.302585092994046,1.6094379124341005,Stieger2021/26,1.3256397934214366
Stieger2021,26,ts_lr,3,9.537436531187176,0.9045138888888888,0.955078125,0.9736545138888888,0.9659288194444444,0.9806857638888888,0.9807291666666668,0.02560763888888884,0.01475694444444442,0.076171875,11,7.0,False,1.0986122886681098,2.302585092994046,1.2039728043259361,Stieger2021/26,1.46044475810693
Stieger2021,26,ts_lr,4,7.483836677763032,0.8840073529411765,0.9678308823529412,0.9806617647058824,0.9689338235294116,0.9818014705882352,0.977058823529412,0.013970588235293957,0.012867647058823595,0.0977941176470587,11,6.0,False,1.3862943611198906,2.302585092994046,0.9162907318741553,Stieger2021/26,0.3326738452728037
Stieger2021,26,ts_lr,5,4.490407119231945,0.9522569444444444,0.9961805555555556,0.9907986111111112,0.98125,0.9958333333333332,0.995590277777778,-0.0003472222222223875,0.014583333333333282,0.04357638888888882,11,5.0,False,1.6094379124341003,2.302585092994046,0.6931471805599456,Stieger2021/26,-1.3112212787457953
Stieger2021,26,ts_lr,6,2.3762019224456465,0.9144259496372172,0.9839948783610756,,0.9861288945795988,0.9827144686299616,0.984763124199744,-0.001280409731113985,-0.0034144259496372564,0.06828851899274435,11,4.0,False,1.791759469228055,2.302585092994046,0.5108256237659909,Stieger2021/26,-2.472274694640193
Stieger2021,26,ts_lr,7,3.611182154186265,0.9793859649122808,0.9964912280701754,,0.9791666666666669,0.9971491228070176,0.9962280701754386,0.0006578947368421906,0.017982456140350767,0.017763157894736814,11,3.0,False,1.9459101490553132,2.302585092994046,0.35667494393873267,Stieger2021/26,-1.794063318183419
Stieger2021,26,ts_lr,8,6.630859902465292,0.9428983714698,0.9750566893424036,,0.974438260152546,0.9849515563801278,0.9824366110080396,0.009894867037724131,0.010513296227581792,0.04205318491032772,11,2.0,False,2.0794415416798357,2.302585092994046,0.22314355131421015,Stieger2021/26,-0.135753533556562
Stieger2021,26,ts_lr,9,7.447279857698788,0.9328947368421052,0.9955592105263158,,0.9623355263157894,0.9945723684210526,0.9935526315789474,-0.0009868421052632304,0.03223684210526312,0.061677631578947345,11,1.0,False,2.1972245773362196,2.302585092994046,0.10536051565782634,Stieger2021/26,0.31259801683649857
Stieger2021,26,ts_lr,10,6.785088921697912,0.9735576923076924,0.9855769230769232,,0.8884615384615384,0.9855769230769232,0.9855769230769232,0.0,0.09711538461538483,0.012019230769230838,11,0.0,True,2.302585092994046,2.302585092994046,0.0,Stieger2021/26,-0.0510559224248379
Stieger2021,27,csp_lda,1,9.896718655129792,0.4933930093776641,0.4933930093776641,0.518542199488491,0.4933930093776641,0.5347399829497017,0.5140238704177322,0.04134697357203759,0.04134697357203759,0.04134697357203759,11,9.0,False,0.0,2.302585092994046,2.302585092994046,Stieger2021/27,1.6577509315604115
Stieger2021,27,csp_lda,2,7.215821115311683,0.5142191142191141,0.6053613053613054,0.5023776223776224,0.544988344988345,0.4892773892773893,0.4045687645687646,-0.1160839160839161,-0.055710955710955745,-0.024941724941724863,11,8.0,False,0.6931471805599453,2.302585092994046,1.6094379124341005,Stieger2021/27,0.18548832857366443
Stieger2021,27,csp_lda,3,5.767268744292274,0.5764471939902784,0.5101634997790544,0.4743261157755192,0.5245249668581529,0.5276182059213433,0.4861688024745912,0.017454706142288945,0.0030932390631904783,-0.0488289880689351,11,7.0,False,1.0986122886681098,2.302585092994046,1.2039728043259361,Stieger2021/27,-0.6100099896740196
Stieger2021,27,csp_lda,4,3.883638817257609,0.5245996527107852,0.5678178661007139,0.5403048427551611,0.595986880185221,0.5091645765000965,0.5556241558942697,-0.05865328960061744,-0.08682230368512445,-0.015435076210688736,11,6.0,False,1.3862943611198906,2.302585092994046,0.9162907318741553,Stieger2021/27,-1.6444388920288426
Stieger2021,27,csp_lda,5,5.601460436749924,0.5413839891451833,0.613749434644957,0.467209407507915,0.4911804613297151,0.4604251469923112,0.5094979647218454,-0.15332428765264583,-0.030755314337403916,-0.08095884215287208,11,5.0,False,1.6094379124341003,2.302585092994046,0.6931471805599456,Stieger2021/27,-0.7010665730881287
Stieger2021,27,csp_lda,6,4.946475509342034,0.471182548794489,0.4702640642939151,,0.3921928817451205,0.4890929965556832,0.4929047072330654,0.018828932261768128,0.09690011481056271,0.017910447761194215,11,4.0,False,1.791759469228055,2.302585092994046,0.5108256237659909,Stieger2021/27,-1.0607632044663091
Stieger2021,27,csp_lda,7,6.635312863749316,0.5302710843373495,0.5359939759036144,,0.5465361445783133,0.5234939759036146,0.5549999999999999,-0.012499999999999845,-0.02304216867469877,-0.006777108433734913,11,3.0,False,1.9459101490553132,2.302585092994046,0.35667494393873267,Stieger2021/27,-0.13330811060635783
Stieger2021,27,csp_lda,8,6.001224965820317,0.5716078431372549,0.5477647058823529,,0.5996862745098039,0.4861176470588235,0.455843137254902,-0.061647058823529444,-0.11356862745098045,-0.08549019607843139,11,2.0,False,2.0794415416798357,2.302585092994046,0.22314355131421015,Stieger2021/27,-0.4815287662867245
Stieger2021,27,csp_lda,9,7.277117318047476,0.523454157782516,0.5669864960909737,,0.5108386638237384,0.5961265103056148,0.5271499644633972,0.029140014214641075,0.08528784648187637,0.07267235252309878,11,1.0,False,2.1972245773362196,2.302585092994046,0.10536051565782634,Stieger2021/27,0.21915022935601391
Stieger2021,27,csp_lda,10,6.285421587803092,0.4469328140214216,0.4193443687114573,,0.4876663420967219,0.4193443687114573,0.4193443687114573,0.0,-0.06832197338526458,-0.027588445309964293,11,0.0,True,2.302585092994046,2.302585092994046,0.0,Stieger2021/27,-0.32545713272896115
Stieger2021,27,eegnet,1,9.896718655129792,0.4852941176470589,0.4852941176470589,,0.4852941176470589,0.5991048593350384,,0.11381074168797956,0.11381074168797956,0.11381074168797956,11,9.0,False,0.0,2.302585092994046,2.302585092994046,Stieger2021/27,1.6577509315604115
Stieger2021,27,eegnet,2,7.215821115311683,0.6214452214452215,0.8279720279720281,,0.7097902097902098,0.7076923076923078,,-0.12027972027972023,-0.002097902097901949,0.08624708624708632,11,8.0,False,0.6931471805599453,2.302585092994046,1.6094379124341005,Stieger2021/27,0.18548832857366443
Stieger2021,27,eegnet,3,5.767268744292274,0.5888201502430402,0.672779496243924,,0.5521431727794962,0.7249226690234203,,0.052143172779496316,0.17277949624392408,0.13610251878038004,11,7.0,False,1.0986122886681098,2.302585092994046,1.2039728043259361,Stieger2021/27,-0.6100099896740196
Stieger2021,27,eegnet,4,3.883638817257609,0.557399189658499,0.7034535983021416,,0.4806096855103221,0.757669303492186,,0.05421570519004437,0.27705961798186385,0.20027011383368698,11,6.0,False,1.3862943611198906,2.302585092994046,0.9162907318741553,Stieger2021/27,-1.6444388920288426
Stieger2021,27,eegnet,5,5.601460436749924,0.5682948891904116,0.8118498417005879,,0.6492537313432836,0.8032564450474898,,-0.008593396653098107,0.15400271370420626,0.23496155585707823,11,5.0,False,1.6094379124341003,2.302585092994046,0.6931471805599456,Stieger2021/27,-0.7010665730881287
Stieger2021,27,eegnet,6,4.946475509342034,0.4861079219288174,0.608036739380023,,0.5318025258323766,0.6392652123995408,,0.03122847301951781,0.10746268656716418,0.1531572904707234,11,4.0,False,1.791759469228055,2.302585092994046,0.5108256237659909,Stieger2021/27,-1.0607632044663091
Stieger2021,27,eegnet,7,6.635312863749316,0.5049698795180723,0.6899096385542169,,0.5170180722891566,0.6082831325301205,,-0.08162650602409649,0.09126506024096381,0.10331325301204819,11,3.0,False,1.9459101490553132,2.302585092994046,0.35667494393873267,Stieger2021/27,-0.13330811060635783
Stieger2021,27,eegnet,8,6.001224965820317,0.5545098039215687,0.5620392156862745,,0.4977254901960785,0.5992156862745097,,0.037176470588235255,0.10149019607843124,0.04470588235294104,11,2.0,False,2.0794415416798357,2.302585092994046,0.22314355131421015,Stieger2021/27,-0.4815287662867245
Stieger2021,27,eegnet,9,7.277117318047476,0.5259417199715708,0.5632551528073917,,0.5465529495380241,0.5955934612651029,,0.03233830845771124,0.049040511727078795,0.06965174129353213,11,1.0,False,2.1972245773362196,2.302585092994046,0.10536051565782634,Stieger2021/27,0.21915022935601391
Stieger2021,27,eegnet,10,6.285421587803092,0.5929892891918208,0.6551444336254462,,0.4492048036351834,0.6551444336254462,,0.0,0.20593962999026277,0.06215514443362535,11,0.0,True,2.302585092994046,2.302585092994046,0.0,Stieger2021/27,-0.32545713272896115
Stieger2021,27,ts_lr,1,9.896718655129792,0.6110400682011936,0.6110400682011936,0.5939897698209718,0.6110400682011936,0.6187127024722934,0.5831628303495312,0.007672634271099765,0.007672634271099765,0.007672634271099765,11,9.0,False,0.0,2.302585092994046,2.302585092994046,Stieger2021/27,1.6577509315604115
Stieger2021,27,ts_lr,2,7.215821115311683,0.7438228438228438,0.7247086247086248,0.6834498834498834,0.6228438228438229,0.7454545454545455,0.541958041958042,0.020745920745920632,0.12261072261072259,0.0016317016317016764,11,8.0,False,0.6931471805599453,2.302585092994046,1.6094379124341005,Stieger2021/27,0.18548832857366443
Stieger2021,27,ts_lr,3,5.767268744292274,0.6303579319487406,0.6120194432169686,0.6063632346442775,0.570702607158639,0.6193106495802033,0.5936367653557225,0.00729120636323477,0.04860804242156436,-0.011047282368537248,11,7.0,False,1.0986122886681098,2.302585092994046,1.2039728043259361,Stieger2021/27,-0.6100099896740196
Stieger2021,27,ts_lr,4,3.883638817257609,0.672583445880764,0.743777734902566,0.5941732587304649,0.6258923403434304,0.6914914142388578,0.6858190237314297,-0.0522863206637082,0.0655990738954274,0.01890796835809383,11,6.0,False,1.3862943611198906,2.302585092994046,0.9162907318741553,Stieger2021/27,-1.6444388920288426
Stieger2021,27,ts_lr,5,5.601460436749924,0.6458616010854817,0.7225237449118046,0.521935775667119,0.6221166892808685,0.6406603346901855,0.6643600180913614,-0.08186341022161914,0.018543645409316967,-0.005201266395296278,11,5.0,False,1.6094379124341003,2.302585092994046,0.6931471805599456,Stieger2021/27,-0.7010665730881287
Stieger2021,27,ts_lr,6,4.946475509342034,0.5398392652123996,0.5722158438576349,,0.5448909299655569,0.624569460390356,0.599081515499426,0.05235361653272108,0.07967853042479911,0.08473019517795644,11,4.0,False,1.791759469228055,2.302585092994046,0.5108256237659909,Stieger2021/27,-1.0607632044663091
Stieger2021,27,ts_lr,7,6.635312863749316,0.6245481927710843,0.570933734939759,,0.5805722891566266,0.598644578313253,0.5840361445783133,0.027710843373494054,0.018072289156626398,-0.025903614457831292,11,3.0,False,1.9459101490553132,2.302585092994046,0.35667494393873267,Stieger2021/27,-0.13330811060635783
Stieger2021,27,ts_lr,8,6.001224965820317,0.5074509803921569,0.5487058823529412,,0.6136470588235294,0.5857254901960784,0.5578039215686275,0.03701960784313729,-0.027921568627450988,0.07827450980392159,11,2.0,False,2.0794415416798357,2.302585092994046,0.22314355131421015,Stieger2021/27,-0.4815287662867245
Stieger2021,27,ts_lr,9,7.277117318047476,0.6190476190476191,0.6069651741293532,,0.5090618336886994,0.611407249466951,0.6151030561478322,0.004442075337597773,0.10234541577825162,-0.007640369580668049,11,1.0,False,2.1972245773362196,2.302585092994046,0.10536051565782634,Stieger2021/27,0.21915022935601391
Stieger2021,27,ts_lr,10,6.285421587803092,0.6828951639078221,0.6269068484258358,,0.5120090879584551,0.6269068484258358,0.6269068484258358,0.0,0.11489776046738065,-0.05598831548198635,11,0.0,True,2.302585092994046,2.302585092994046,0.0,Stieger2021/27,-0.32545713272896115
Stieger2021,28,csp_lda,1,6.612268675836845,0.7182083739045764,0.7182083739045764,0.8177604673807206,0.7182083739045764,0.8399221032132425,0.7163777994157741,0.12171372930866609,0.12171372930866609,0.12171372930866609,11,9.0,False,0.0,2.302585092994046,2.302585092994046,Stieger2021/28,-0.14596323657660737
Stieger2021,28,csp_lda,2,4.721852743088328,0.8973063973063974,0.8552188552188553,0.9205387205387204,0.6952861952861954,0.7222222222222223,0.8818181818181818,-0.132996632996633,0.026936026936026924,-0.17508417508417506,11,8.0,False,0.6931471805599453,2.302585092994046,1.6094379124341005,Stieger2021/28,-1.1841187947576122
Stieger2021,28,csp_lda,3,7.247081761323592,0.6887293992557151,0.8165869218500797,0.7655502392344498,0.5808080808080809,0.9484316852737904,0.7964380648591175,0.13184476342371065,0.3676236044657095,0.2597022860180753,11,7.0,False,1.0986122886681098,2.302585092994046,1.2039728043259361,Stieger2021/28,0.20265566875916943
Stieger2021,28,csp_lda,4,6.306743607508751,0.7574074074074074,0.8048611111111111,0.8696759259259259,0.919212962962963,0.643287037037037,0.875324074074074,-0.1615740740740741,-0.2759259259259259,-0.11412037037037037,11,6.0,False,1.3862943611198906,2.302585092994046,0.9162907318741553,Stieger2021/28,-0.3137477660834466
Stieger2021,28,csp_lda,5,6.2103635464288836,0.7233766233766233,0.9217532467532468,0.836038961038961,0.8964285714285715,0.8977272727272727,0.8238311688311688,-0.02402597402597406,0.0012987012987012436,0.17435064935064937,11,5.0,False,1.6094379124341003,2.302585092994046,0.6931471805599456,Stieger2021/28,-0.3666765921552906
Stieger2021,28,csp_lda,6,6.010206647418988,0.8112745098039215,0.9126838235294118,,0.5284926470588235,0.9868259803921569,0.9639093137254902,0.07414215686274506,0.45833333333333337,0.1755514705882354,11,4.0,False,1.791759469228055,2.302585092994046,0.5108256237659909,Stieger2021/28,-0.4765963159661669
Stieger2021,28,csp_lda,7,7.460376814973006,0.8796296296296297,0.9037037037037036,,0.9060185185185186,0.8259259259259258,0.9290740740740742,-0.07777777777777772,-0.08009259259259272,-0.05370370370370381,11,3.0,False,1.9459101490553132,2.302585092994046,0.35667494393873267,Stieger2021/28,0.31979044404468404
Stieger2021,28,csp_lda,8,7.973102168200429,0.5104344851180294,0.527027027027027,,0.5781731098186794,0.5530277112555594,0.5536777283612727,0.02600068422853241,-0.025145398563120036,0.04259322613753003,11,2.0,False,2.0794415416798357,2.302585092994046,0.22314355131421015,Stieger2021/28,0.6013626980932743
Stieger2021,28,csp_lda,9,8.965313088128294,0.6456575682382133,0.7094292803970224,,0.6258064516129032,0.7930521091811414,0.6698759305210918,0.08362282878411909,0.16724565756823828,0.14739454094292814,11,1.0,False,2.1972245773362196,2.302585092994046,0.10536051565782634,Stieger2021/28,1.146252985763121
Stieger2021,28,csp_lda,10,7.566508747585744,0.7157006603081438,0.9068231841526044,,0.85986793837124,0.9068231841526044,0.9068231841526048,0.0,0.04695524578136445,0.1911225238444606,11,0.0,True,2.302585092994046,2.302585092994046,0.0,Stieger2021/28,0.37807468394855065
Stieger2021,28,eegnet,1,6.612268675836845,0.569620253164557,0.569620253164557,,0.569620253164557,0.9407984420642648,,0.3711781888997078,0.3711781888997078,0.3711781888997078,11,9.0,False,0.0,2.302585092994046,2.302585092994046,Stieger2021/28,-0.14596323657660737
Stieger2021,28,eegnet,2,4.721852743088328,0.5505050505050505,0.9225589225589226,,0.8754208754208754,0.9326599326599326,,0.010101010101010055,0.0572390572390572,0.38215488215488214,11,8.0,False,0.6931471805599453,2.302585092994046,1.6094379124341005,Stieger2021/28,-1.1841187947576122
Stieger2021,28,eegnet,3,7.247081761323592,0.6354332801701222,0.7421584263689527,,0.5962254120148857,0.9441786283891548,,0.2020202020202021,0.3479532163742691,0.30874534821903254,11,7.0,False,1.0986122886681098,2.302585092994046,1.2039728043259361,Stieger2021/28,0.20265566875916943
Stieger2021,28,eegnet,4,6.306743607508751,0.5315972222222223,0.8703703703703703,,0.7162037037037038,0.9701388888888888,,0.09976851851851842,0.253935185185185,0.4385416666666665,11,6.0,False,1.3862943611198906,2.302585092994046,0.9162907318741553,Stieger2021/28,-0.3137477660834466
Stieger2021,28,eegnet,5,6.2103635464288836,0.5922077922077922,0.8675324675324676,,0.7081168831168831,0.9422077922077922,,0.07467532467532456,0.23409090909090902,0.35,11,5.0,False,1.6094379124341003,2.302585092994046,0.6931471805599456,Stieger2021/28,-0.3666765921552906
Stieger2021,28,eegnet,6,6.010206647418988,0.6444546568627452,0.9705882352941176,,0.775735294117647,0.9908088235294116,,0.020220588235293935,0.2150735294117646,0.3463541666666664,11,4.0,False,1.791759469228055,2.302585092994046,0.5108256237659909,Stieger2021/28,-0.4765963159661669
Stieger2021,28,eegnet,7,7.460376814973006,0.4706018518518519,0.8912037037037037,,0.6134259259259258,0.975,,0.08379629629629626,0.36157407407407416,0.5043981481481481,11,3.0,False,1.9459101490553132,2.302585092994046,0.35667494393873267,Stieger2021/28,0.31979044404468404
Stieger2021,28,eegnet,8,7.973102168200429,0.4991447143345878,0.8384365378036265,,0.6460827916524119,0.8364693807731781,,-0.001967157030448363,0.19038658912076623,0.3373246664385903,11,2.0,False,2.0794415416798357,2.302585092994046,0.22314355131421015,Stieger2021/28,0.6013626980932743
Stieger2021,28,eegnet,9,8.965313088128294,0.4982630272952854,0.9672456575682382,,0.611166253101737,0.9732009925558311,,0.005955334987592931,0.36203473945409415,0.47493796526054577,11,1.0,False,2.1972245773362196,2.302585092994046,0.10536051565782634,Stieger2021/28,1.146252985763121
Stieger2021,28,eegnet,10,7.566508747585744,0.549523110785033,0.9732208363903154,,0.8374908290535583,0.9732208363903154,,0.0,0.1357300073367571,0.4236977256052824,11,0.0,True,2.302585092994046,2.302585092994046,0.0,Stieger2021/28,0.37807468394855065
Stieger2021,28,ts_lr,1,6.612268675836845,0.8662122687439142,0.8662122687439142,0.8632521908471273,0.8662122687439142,0.918987341772152,0.8388704965920155,0.05277507302823781,0.05277507302823781,0.05277507302823781,11,9.0,False,0.0,2.302585092994046,2.302585092994046,Stieger2021/28,-0.14596323657660737
Stieger2021,28,ts_lr,2,4.721852743088328,0.9276094276094276,0.9410774410774412,0.9127946127946128,0.9074074074074074,0.930976430976431,0.9286195286195288,-0.010101010101010166,0.023569023569023573,0.0033670033670034627,11,8.0,False,0.6931471805599453,2.302585092994046,1.6094379124341005,Stieger2021/28,-1.1841187947576122
Stieger2021,28,ts_lr,3,7.247081761323592,0.9059011164274322,0.932748538011696,0.9496544391281232,0.5964912280701754,0.9752791068580542,0.9363104731525784,0.0425305688463582,0.3787878787878788,0.06937799043062198,11,7.0,False,1.0986122886681098,2.302585092994046,1.2039728043259361,Stieger2021/28,0.20265566875916943
Stieger2021,28,ts_lr,4,6.306743607508751,0.8418981481481481,0.9460648148148147,0.940787037037037,0.8460648148148148,0.9541666666666666,0.9226388888888888,0.00810185185185186,0.10810185185185184,0.11226851851851849,11,6.0,False,1.3862943611198906,2.302585092994046,0.9162907318741553,Stieger2021/28,-0.3137477660834466
Stieger2021,28,ts_lr,5,6.2103635464288836,0.8314935064935065,0.9418831168831168,0.9590909090909092,0.928896103896104,0.9607142857142856,0.9438311688311688,0.018831168831168865,0.031818181818181634,0.12922077922077913,11,5.0,False,1.6094379124341003,2.302585092994046,0.6931471805599456,Stieger2021/28,-0.3666765921552906
Stieger2021,28,ts_lr,6,6.010206647418988,0.9632352941176472,0.985906862745098,,0.8262867647058824,0.9837622549019608,0.981188725490196,-0.0021446078431371918,0.15747549019607843,0.020526960784313597,11,4.0,False,1.791759469228055,2.302585092994046,0.5108256237659909,Stieger2021/28,-0.4765963159661669
Stieger2021,28,ts_lr,7,7.460376814973006,0.9337962962962962,0.9726851851851852,,0.9648148148148148,0.975925925925926,0.971574074074074,0.0032407407407407662,0.011111111111111183,0.04212962962962974,11,3.0,False,1.9459101490553132,2.302585092994046,0.35667494393873267,Stieger2021/28,0.31979044404468404
Stieger2021,28,ts_lr,8,7.973102168200429,0.7449538145740678,0.7960998973657202,,0.8460485802257954,0.8303113239822101,0.8294218268901814,0.034211426616489904,-0.01573725624358535,0.08535750940814224,11,2.0,False,2.0794415416798357,2.302585092994046,0.22314355131421015,Stieger2021/28,0.6013626980932743
Stieger2021,28,ts_lr,9,8.965313088128294,0.8952853598014889,0.956575682382134,,0.8719602977667493,0.9555831265508684,0.9588089330024816,-0.0009925558312655625,0.08362282878411909,0.06029776674937948,11,1.0,False,2.1972245773362196,2.302585092994046,0.10536051565782634,Stieger2021/28,1.146252985763121
Stieger2021,28,ts_lr,10,7.566508747585744,0.8833455612619223,0.9845928099779896,,0.8760088041085841,0.9845928099779896,0.9845928099779896,0.0,0.10858400586940553,0.10124724871606727,11,0.0,True,2.302585092994046,2.302585092994046,0.0,Stieger2021/28,0.37807468394855065
Stieger2021,29,csp_lda,1,9.331928015242498,0.6056451612903226,0.6056451612903226,0.7933870967741936,0.6056451612903226,0.8895161290322581,0.7342473118279569,0.28387096774193543,0.28387096774193543,0.28387096774193543,11,9.0,False,0.0,2.302585092994046,2.302585092994046,Stieger2021/29,1.3475860985994943
Stieger2021,29,csp_lda,2,8.537419423089124,0.7543290043290043,0.8002164502164503,0.8738961038961041,0.8722943722943722,0.9616883116883116,0.8712987012987015,0.16147186147186132,0.08939393939393936,0.2073593073593073,11,8.0,False,0.6931471805599453,2.302585092994046,1.6094379124341005,Stieger2021/29,0.9112675632561316
Stieger2021,29,csp_lda,3,5.10589008402359,0.8135198135198135,0.9423076923076924,0.8276223776223777,0.8607226107226106,0.9667832167832168,0.937062937062937,0.02447552447552437,0.10606060606060619,0.15326340326340326,11,7.0,False,1.0986122886681098,2.302585092994046,1.2039728043259361,Stieger2021/29,-0.9732178532588113
Stieger2021,29,csp_lda,4,6.359355489845518,0.6955017301038062,0.921280276816609,0.8487889273356402,0.9558823529411764,0.8555363321799307,0.8607266435986158,-0.06574394463667821,-0.10034602076124566,0.16003460207612452,11,6.0,False,1.3862943611198906,2.302585092994046,0.9162907318741553,Stieger2021/29,-0.28485501442594896
Stieger2021,29,csp_lda,5,7.772519199797342,0.7310789049919485,0.8355187485622267,0.8930296756383713,0.644122383252818,0.9503105590062112,0.8994248907292384,0.11479181044398445,0.3061881757533932,0.2192316540142627,11,5.0,False,1.6094379124341003,2.302585092994046,0.6931471805599456,Stieger2021/29,0.4912089906912478
Stieger2021,29,csp_lda,6,9.670247994360796,0.6538901601830663,0.9679633867276888,,0.7070938215102974,0.962242562929062,0.9635011441647596,-0.005720823798626817,0.25514874141876454,0.3083524027459956,11,4.0,False,1.791759469228055,2.302585092994046,0.5108256237659909,Stieger2021/29,1.5333805371041904
Stieger2021,29,csp_lda,7,8.657454434425148,0.7667493796526054,0.9010545905707196,,0.8095533498759305,0.9767369727047148,0.9423697270471464,0.07568238213399525,0.1671836228287843,0.20998759305210946,11,3.0,False,1.9459101490553132,2.302585092994046,0.35667494393873267,Stieger2021/29,0.977186926310606
Stieger2021,29,csp_lda,8,8.808139423536856,0.6912568306010929,0.6180935033394049,,0.590922890103218,0.6408621736490588,0.6082574377656345,0.022768670309653904,0.049939283545840873,-0.050394656952034045,11,2.0,False,2.0794415416798357,2.302585092994046,0.22314355131421015,Stieger2021/29,1.0599382702189915
Stieger2021,29,csp_lda,9,9.664047757066152,0.7663265306122449,0.9666666666666668,,0.8316326530612245,0.9605442176870748,0.9589795918367348,-0.006122448979592021,0.1289115646258503,0.1942176870748299,11,1.0,False,2.1972245773362196,2.302585092994046,0.10536051565782634,Stieger2021/29,1.5299755664318806
Stieger2021,29,csp_lda,10,7.94643190078768,0.8375262054507338,0.9863731656184488,,0.9664570230607966,0.9863731656184488,0.9863731656184488,0.0,0.019916142557652172,0.14884696016771504,11,0.0,True,2.302585092994046,2.302585092994046,0.0,Stieger2021/29,0.5867162460225582
Stieger2021,29,eegnet,1,9.331928015242498,0.4862903225806451,0.4862903225806451,,0.4862903225806451,0.9153225806451613,,0.42903225806451617,0.42903225806451617,0.42903225806451617,11,9.0,False,0.0,2.302585092994046,2.302585092994046,Stieger2021/29,1.3475860985994943
Stieger2021,29,eegnet,2,8.537419423089124,0.524025974025974,0.8281385281385282,,0.5495670995670996,0.9283549783549784,,0.1002164502164502,0.3787878787878788,0.4043290043290044,11,8.0,False,0.6931471805599453,2.302585092994046,1.6094379124341005,Stieger2021/29,0.9112675632561316
Stieger2021,29,eegnet,3,5.10589008402359,0.6206293706293706,0.898018648018648,,0.68006993006993,0.973776223776224,,0.07575757575757602,0.293706293706294,0.35314685314685335,11,7.0,False,1.0986122886681098,2.302585092994046,1.2039728043259361,Stieger2021/29,-0.9732178532588113
Stieger2021,29,eegnet,4,6.359355489845518,0.5294117647058824,0.8711072664359861,,0.8287197231833909,0.8961937716262975,,0.025086505190311414,0.06747404844290661,0.3667820069204152,11,6.0,False,1.3862943611198906,2.302585092994046,0.9162907318741553,Stieger2021/29,-0.28485501442594896
Stieger2021,29,eegnet,5,7.772519199797342,0.5074764205198987,0.8668046928916494,,0.5198987807683461,0.9645732689210952,,0.09776857602944578,0.4446744881527491,0.45709684840119646,11,5.0,False,1.6094379124341003,2.302585092994046,0.6931471805599456,Stieger2021/29,0.4912089906912478
Stieger2021,29,eegnet,6,9.670247994360796,0.6910755148741419,0.9118993135011442,,0.8049199084668193,0.9399313501144164,,0.02803203661327225,0.13501144164759715,0.24885583524027455,11,4.0,False,1.791759469228055,2.302585092994046,0.5108256237659909,Stieger2021/29,1.5333805371041904
Stieger2021,29,eegnet,7,8.657454434425148,0.5648263027295285,0.9621588089330024,,0.5707196029776674,0.9733250620347396,,0.011166253101737134,0.4026054590570721,0.40849875930521107,11,3.0,False,1.9459101490553132,2.302585092994046,0.35667494393873267,Stieger2021/29,0.977186926310606
Stieger2021,29,eegnet,8,8.808139423536856,0.4851244687310261,0.925925925925926,,0.6985428051001821,0.8776563448694595,,-0.048269581056466504,0.17911353976927746,0.39253187613843343,11,2.0,False,2.0794415416798357,2.302585092994046,0.22314355131421015,Stieger2021/29,1.0599382702189915
Stieger2021,29,eegnet,9,9.664047757066152,0.5622448979591836,0.9420068027210884,,0.4637755102040816,0.9789115646258504,,0.036904761904761996,0.5151360544217688,0.41666666666666674,11,1.0,False,2.1972245773362196,2.302585092994046,0.10536051565782634,Stieger2021/29,1.5299755664318806
Stieger2021,29,eegnet,10,7.94643190078768,0.441299790356394,0.9678546470999302,,0.910552061495458,0.9678546470999302,,0.0,0.05730258560447221,0.5265548567435362,11,0.0,True,2.302585092994046,2.302585092994046,0.0,Stieger2021/29,0.5867162460225582
Stieger2021,29,ts_lr,1,9.331928015242498,0.7991935483870968,0.7991935483870968,0.8470430107526882,0.7991935483870968,0.9024193548387096,0.8265591397849462,0.10322580645161283,0.10322580645161283,0.10322580645161283,11,9.0,False,0.0,2.302585092994046,2.302585092994046,Stieger2021/29,1.3475860985994943
Stieger2021,29,ts_lr,2,8.537419423089124,0.924025974025974,0.9521645021645022,0.8826406926406927,0.8725108225108225,0.9545454545454546,0.9036363636363636,0.0023809523809523725,0.08203463203463213,0.030519480519480613,11,8.0,False,0.6931471805599453,2.302585092994046,1.6094379124341005,Stieger2021/29,0.9112675632561316
Stieger2021,29,ts_lr,3,5.10589008402359,0.8717948717948718,0.9324009324009324,0.912937062937063,0.921911421911422,0.9586247086247086,0.9215617715617715,0.02622377622377625,0.036713286713286664,0.0868298368298368,11,7.0,False,1.0986122886681098,2.302585092994046,1.2039728043259361,Stieger2021/29,-0.9732178532588113
Stieger2021,29,ts_lr,4,6.359355489845518,0.842560553633218,0.9489619377162628,0.8825259515570935,0.9307958477508652,0.9576124567474048,0.9257785467128028,0.008650519031142001,0.026816608996539593,0.11505190311418678,11,6.0,False,1.3862943611198906,2.302585092994046,0.9162907318741553,Stieger2021/29,-0.28485501442594896
Stieger2021,29,ts_lr,5,7.772519199797342,0.935587761674718,0.9560616517138256,0.9783758914193698,0.8217161260639521,0.9783758914193696,0.9724407637451116,0.022314239705544026,0.1566597653554176,0.042788129744651626,11,5.0,False,1.6094379124341003,2.302585092994046,0.6931471805599456,Stieger2021/29,0.4912089906912478
Stieger2021,29,ts_lr,6,9.670247994360796,0.7677345537757437,0.9570938215102976,,0.8975972540045767,0.9668192219679634,0.9700228832951944,0.00972540045766579,0.06922196796338675,0.1990846681922197,11,4.0,False,1.791759469228055,2.302585092994046,0.5108256237659909,Stieger2021/29,1.5333805371041904
Stieger2021,29,ts_lr,7,8.657454434425148,0.9655707196029776,0.9944168734491317,,0.9680521091811414,0.995347394540943,0.9944789081885856,0.0009305210918113538,0.027295285359801635,0.02977667493796543,11,3.0,False,1.9459101490553132,2.302585092994046,0.35667494393873267,Stieger2021/29,0.977186926310606
Stieger2021,29,ts_lr,8,8.808139423536856,0.8542805100182149,0.9049787492410444,,0.9013357619914998,0.9174256223436552,0.9075288403157256,0.012446873102610834,0.016089860352155427,0.06314511232544029,11,2.0,False,2.0794415416798357,2.302585092994046,0.22314355131421015,Stieger2021/29,1.0599382702189915
Stieger2021,29,ts_lr,9,9.664047757066152,0.970408163265306,0.9948979591836734,,0.9460884353741496,0.9935374149659864,0.9926530612244898,-0.0013605442176870541,0.047448979591836804,0.023129251700680364,11,1.0,False,2.1972245773362196,2.302585092994046,0.10536051565782634,Stieger2021/29,1.5299755664318806
Stieger2021,29,ts_lr,10,7.94643190078768,0.9549266247379454,0.9937106918238994,,0.9584206848357792,0.9937106918238994,0.9937106918238994,0.0,0.035290006988120126,0.038784067085953944,11,0.0,True,2.302585092994046,2.302585092994046,0.0,Stieger2021/29,0.5867162460225582
Stieger2021,30,csp_lda,1,5.553450010983051,0.9685099846390168,0.9685099846390168,0.9613927291346648,0.9685099846390168,0.9807987711213516,0.9538658474142344,0.01228878648233478,0.01228878648233478,0.01228878648233478,11,9.0,False,0.0,2.302585092994046,2.302585092994046,Stieger2021/30,-0.7274323529660252
Stieger2021,30,csp_lda,2,7.621215329655773,0.8765872131877923,0.8215638226776565,0.8514145689463131,0.7509467587435954,0.9068834929828468,0.872087324571174,0.08531967030519028,0.15593673423925136,0.030296279795054448,11,8.0,False,0.6931471805599453,2.302585092994046,1.6094379124341005,Stieger2021/30,0.40811777724945825
Stieger2021,30,csp_lda,3,7.924285387018921,0.9457755359394704,0.9475409836065574,0.9696343001261034,0.918032786885246,0.9659520807061792,0.9299369482976042,0.018411097099621854,0.047919293820933184,0.020176544766708826,11,7.0,False,1.0986122886681098,2.302585092994046,1.2039728043259361,Stieger2021/30,0.5745540937865998
Stieger2021,30,csp_lda,4,4.36145937714818,0.9477582846003898,0.9797270955165692,0.9769200779727096,0.9703703703703704,0.9832358674463938,0.9709161793372318,0.0035087719298245723,0.012865497076023358,0.035477582846004,11,6.0,False,1.3862943611198906,2.302585092994046,0.9162907318741553,Stieger2021/30,-1.382035226533739
Stieger2021,30,csp_lda,5,6.43427316263099,0.9290657439446368,0.9671280276816608,0.9777970011534024,0.9587658592848904,0.9852941176470588,0.9777393310265282,0.018166089965397925,0.026528258362168322,0.05622837370242195,11,5.0,False,1.6094379124341003,2.302585092994046,0.6931471805599456,Stieger2021/30,-0.2437126409086337
Stieger2021,30,csp_lda,6,6.5204469177031745,0.962701612903226,0.9831149193548387,,0.9810987903225806,0.9833669354838708,0.9825604838709676,0.00025201612903202886,0.002268145161290147,0.020665322580644796,11,4.0,False,1.791759469228055,2.302585092994046,0.5108256237659909,Stieger2021/30,-0.1963887894494224
Stieger2021,30,csp_lda,7,6.622417384913606,0.9335585585585586,0.9902402402402404,,0.9962462462462462,0.9887387387387389,0.992117117117117,-0.0015015015015015232,-0.007507507507507394,0.05518018018018023,11,3.0,False,1.9459101490553132,2.302585092994046,0.35667494393873267,Stieger2021/30,-0.14038989234379456
Stieger2021,30,csp_lda,8,6.029842099033202,0.954476861167002,0.9856639839034204,,0.9801307847082494,0.9932092555331992,0.9892857142857142,0.007545271629778805,0.013078470824949728,0.03873239436619713,11,2.0,False,2.0794415416798357,2.302585092994046,0.22314355131421015,Stieger2021/30,-0.46581315820836466
Stieger2021,30,csp_lda,9,6.203128233769759,0.944055944055944,0.979020979020979,,0.9696969696969696,0.9743589743589745,0.9752913752913752,-0.004662004662004504,0.004662004662004837,0.030303030303030498,11,1.0,False,2.1972245773362196,2.302585092994046,0.10536051565782634,Stieger2021/30,-0.3706499928879679
Stieger2021,30,csp_lda,10,7.989399258889983,0.939516129032258,0.997983870967742,,0.9193548387096774,0.997983870967742,0.9979838709677418,0.0,0.07862903225806461,0.058467741935483986,11,0.0,True,2.302585092994046,2.302585092994046,0.0,Stieger2021/30,0.6103125355276964
Stieger2021,30,eegnet,1,5.553450010983051,0.4695340501792115,0.4695340501792115,,0.4695340501792115,0.9984639016897082,,0.5289298515104968,0.5289298515104968,0.5289298515104968,11,9.0,False,0.0,2.302585092994046,2.302585092994046,Stieger2021/30,-0.7274323529660252
Stieger2021,30,eegnet,2,7.621215329655773,0.4502116284250389,0.9565604811762084,,0.8909556694141234,0.9697037202049454,,0.013143239028737042,0.07874805079082203,0.5194920917799065,11,8.0,False,0.6931471805599453,2.302585092994046,1.6094379124341005,Stieger2021/30,0.40811777724945825
Stieger2021,30,eegnet,3,7.924285387018921,0.4539722572509457,0.991172761664565,,0.9614123581336697,0.9987389659520808,,0.007566204287515754,0.03732660781841113,0.5447667087011351,11,7.0,False,1.0986122886681098,2.302585092994046,1.2039728043259361,Stieger2021/30,0.5745540937865998
Stieger2021,30,eegnet,4,4.36145937714818,0.5742690058479533,0.9984405458089668,,0.9633528265107212,0.9988304093567252,,0.0003898635477583845,0.035477582846004,0.4245614035087719,11,6.0,False,1.3862943611198906,2.302585092994046,0.9162907318741553,Stieger2021/30,-1.382035226533739
Stieger2021,30,eegnet,5,6.43427316263099,0.3734140715109573,0.991349480968858,,0.9359861591695502,0.9968281430219148,,0.005478662053056804,0.06084198385236461,0.6234140715109575,11,5.0,False,1.6094379124341003,2.302585092994046,0.6931471805599456,Stieger2021/30,-0.2437126409086337
Stieger2021,30,eegnet,6,6.5204469177031745,0.4828629032258065,0.9992439516129032,,0.9717741935483872,0.9994959677419356,,0.0002520161290323619,0.027721774193548376,0.5166330645161291,11,4.0,False,1.791759469228055,2.302585092994046,0.5108256237659909,Stieger2021/30,-0.1963887894494224
Stieger2021,30,eegnet,7,6.622417384913606,0.5900900900900901,1.0,,0.9812312312312312,1.0,,0.0,0.018768768768768762,0.40990990990990994,11,3.0,False,1.9459101490553132,2.302585092994046,0.35667494393873267,Stieger2021/30,-0.14038989234379456
Stieger2021,30,eegnet,8,6.029842099033202,0.584758551307847,0.988682092555332,,0.9710764587525152,0.988933601609658,,0.00025150905432602677,0.017857142857142794,0.404175050301811,11,2.0,False,2.0794415416798357,2.302585092994046,0.22314355131421015,Stieger2021/30,-0.46581315820836466
Stieger2021,30,eegnet,9,6.203128233769759,0.6107226107226107,0.9831002331002332,,0.9825174825174824,0.9854312354312356,,0.002331002331002363,0.002913752913753176,0.37470862470862487,11,1.0,False,2.1972245773362196,2.302585092994046,0.10536051565782634,Stieger2021/30,-0.3706499928879679
Stieger2021,30,eegnet,10,7.989399258889983,0.3800403225806451,0.997983870967742,,0.8991935483870969,0.997983870967742,,0.0,0.09879032258064513,0.617943548387097,11,0.0,True,2.302585092994046,2.302585092994046,0.0,Stieger2021/30,0.6103125355276964
Stieger2021,30,ts_lr,1,5.553450010983051,0.9723502304147466,0.9723502304147466,0.9835125448028672,0.9723502304147466,0.9895033282130056,0.9795698924731184,0.01715309779825902,0.01715309779825902,0.01715309779825902,11,9.0,False,0.0,2.302585092994046,2.302585092994046,Stieger2021/30,-0.7274323529660252
Stieger2021,30,ts_lr,2,7.621215329655773,0.9155713967476052,0.9019826241924706,0.9128090888839384,0.8204499888616619,0.9287146357763422,0.906705279572288,0.026732011583871618,0.1082646469146803,0.01314323902873693,11,8.0,False,0.6931471805599453,2.302585092994046,1.6094379124341005,Stieger2021/30,0.40811777724945825
Stieger2021,30,ts_lr,3,7.924285387018921,0.9621689785624212,0.9626733921815888,0.9823455233291298,0.93921815889029,0.9833543505674652,0.9791172761664566,0.02068095838587647,0.044136191677175196,0.021185372005044,11,7.0,False,1.0986122886681098,2.302585092994046,1.2039728043259361,Stieger2021/30,0.5745540937865998
Stieger2021,30,ts_lr,4,4.36145937714818,0.961793372319688,0.9734892787524366,0.9828460038986356,0.9598440545808968,0.9797270955165692,0.977231968810916,0.006237816764132598,0.01988304093567239,0.017933723196881246,11,6.0,False,1.3862943611198906,2.302585092994046,0.9162907318741553,Stieger2021/30,-1.382035226533739
Stieger2021,30,ts_lr,5,6.43427316263099,0.968569780853518,0.9873125720876584,0.9884659746251442,0.9821222606689736,0.9916378316032296,0.9887543252595156,0.004325259515571167,0.009515570934256035,0.023068050749711633,11,5.0,False,1.6094379124341003,2.302585092994046,0.6931471805599456,Stieger2021/30,-0.2437126409086337
Stieger2021,30,ts_lr,6,6.5204469177031745,0.9773185483870968,0.9909274193548387,,0.9753024193548387,0.9934475806451613,0.9939012096774194,0.002520161290322509,0.01814516129032251,0.016129032258064502,11,4.0,False,1.791759469228055,2.302585092994046,0.5108256237659909,Stieger2021/30,-0.1963887894494224
Stieger2021,30,ts_lr,7,6.622417384913606,0.9838588588588588,0.9962462462462462,,1.0,0.998873873873874,0.9981231231231232,0.0026276276276278043,-0.001126126126125948,0.015015015015015232,11,3.0,False,1.9459101490553132,2.302585092994046,0.35667494393873267,Stieger2021/30,-0.14038989234379456
Stieger2021,30,ts_lr,8,6.029842099033202,0.987927565392354,0.9962273641851108,,0.9859154929577464,0.9954728370221329,0.995523138832998,-0.0007545271629779693,0.009557344064386464,0.007545271629778805,11,2.0,False,2.0794415416798357,2.302585092994046,0.22314355131421015,Stieger2021/30,-0.46581315820836466
Stieger2021,30,ts_lr,9,6.203128233769759,0.9434731934731936,0.976107226107226,,0.9597902097902098,0.9825174825174824,0.978904428904429,0.0064102564102563875,0.022727272727272596,0.039044289044288805,11,1.0,False,2.1972245773362196,2.302585092994046,0.10536051565782634,Stieger2021/30,-0.3706499928879679
Stieger2021,30,ts_lr,10,7.989399258889983,0.964717741935484,0.9879032258064516,,0.9566532258064516,0.9879032258064516,0.9879032258064516,0.0,0.03125,0.023185483870967638,11,0.0,True,2.302585092994046,2.302585092994046,0.0,Stieger2021/30,0.6103125355276964
Stieger2021,31,csp_lda,1,11.78635307918338,0.4090497737556561,0.4090497737556561,0.5383710407239819,0.4090497737556561,0.5230769230769231,0.4937104072398189,0.11402714932126701,0.11402714932126701,0.11402714932126701,11,9.0,False,0.0,2.302585092994046,2.302585092994046,Stieger2021/31,2.6954773103310266
Stieger2021,31,csp_lda,2,8.060099773995468,0.4987129987129987,0.3828828828828829,0.4729729729729729,0.5746460746460746,0.5347490347490347,0.5185971685971686,0.15186615186615177,-0.039897039897039965,0.036036036036036,11,8.0,False,0.6931471805599453,2.302585092994046,1.6094379124341005,Stieger2021/31,0.6491389818411826
Stieger2021,31,csp_lda,3,6.529554041032097,0.5246179966044142,0.4917940011318619,0.5766836445953594,0.6097906055461233,0.5373514431239389,0.5842671194114318,0.04555744199207701,-0.0724391624221844,0.012733446519524683,11,7.0,False,1.0986122886681098,2.302585092994046,1.2039728043259361,Stieger2021/31,-0.19138745056988046
Stieger2021,31,csp_lda,4,8.241292792629855,0.553679435483871,0.4581653225806452,0.6114415322580646,0.6285282258064516,0.6045866935483871,0.5364919354838709,0.14642137096774194,-0.023941532258064502,0.050907258064516125,11,6.0,False,1.3862943611198906,2.302585092994046,0.9162907318741553,Stieger2021/31,0.7486443531937139
Stieger2021,31,csp_lda,5,8.833140587132418,0.5289351851851852,0.5131172839506173,0.6739969135802468,0.4741512345679012,0.6265432098765432,0.6058641975308643,0.11342592592592593,0.152391975308642,0.09760802469135799,11,5.0,False,1.6094379124341003,2.302585092994046,0.6931471805599456,Stieger2021/31,1.0736681042190617
Stieger2021,31,csp_lda,6,9.857329196761777,0.51213282247765,0.590676883780332,,0.5129310344827587,0.586845466155811,0.5740740740740741,-0.003831417624520994,0.07391443167305234,0.074712643678161,11,4.0,False,1.791759469228055,2.302585092994046,0.5108256237659909,Stieger2021/31,1.636119509379664
Stieger2021,31,csp_lda,7,10.800665805789675,0.4257688229056203,0.5609756097560975,,0.5551431601272534,0.6548250265111346,0.5354188759278898,0.09384941675503711,0.09968186638388121,0.22905620360551432,11,3.0,False,1.9459101490553132,2.302585092994046,0.35667494393873267,Stieger2021/31,2.1541695992739367
Stieger2021,31,csp_lda,8,8.578483794598345,0.4972098214285714,0.7232142857142858,,0.5,0.6180245535714286,0.6763950892857142,-0.1051897321428572,0.1180245535714286,0.1208147321428572,11,2.0,False,2.0794415416798357,2.302585092994046,0.22314355131421015,Stieger2021/31,0.9338187938012128
Stieger2021,31,csp_lda,9,8.555410173774623,0.5440900562851783,0.7166979362101313,,0.557848655409631,0.6228893058161351,0.7165728580362726,-0.09380863039399623,0.06504065040650409,0.07879924953095685,11,1.0,False,2.1972245773362196,2.302585092994046,0.10536051565782634,Stieger2021/31,0.921147504223855
Stieger2021,31,csp_lda,10,6.773502883625776,0.4766439909297052,0.6909297052154194,,0.5,0.6909297052154194,0.6909297052154194,0.0,0.1909297052154194,0.2142857142857142,11,0.0,True,2.302585092994046,2.302585092994046,0.0,Stieger2021/31,-0.0574186014593913
Stieger2021,31,eegnet,1,11.78635307918338,0.5753393665158371,0.5753393665158371,,0.5753393665158371,0.5312217194570136,,-0.044117647058823484,-0.044117647058823484,-0.044117647058823484,11,9.0,False,0.0,2.302585092994046,2.302585092994046,Stieger2021/31,2.6954773103310266
Stieger2021,31,eegnet,2,8.060099773995468,0.6254826254826255,0.5482625482625483,,0.5534105534105535,0.5527670527670527,,0.0045045045045044585,-0.0006435006435007162,-0.07271557271557272,11,8.0,False,0.6931471805599453,2.302585092994046,1.6094379124341005,Stieger2021/31,0.6491389818411826
Stieger2021,31,eegnet,3,6.529554041032097,0.5659309564233163,0.5178268251273344,,0.5028296547821165,0.5226372382569326,,0.00481041312959829,0.01980758347481615,-0.04329371816638361,11,7.0,False,1.0986122886681098,2.302585092994046,1.2039728043259361,Stieger2021/31,-0.19138745056988046
Stieger2021,31,eegnet,4,8.241292792629855,0.4458165322580645,0.5690524193548387,,0.4768145161290322,0.4899193548387097,,-0.07913306451612906,0.013104838709677491,0.044102822580645185,11,6.0,False,1.3862943611198906,2.302585092994046,0.9162907318741553,Stieger2021/31,0.7486443531937139
Stieger2021,31,eegnet,5,8.833140587132418,0.5142746913580247,0.566358024691358,,0.5482253086419753,0.5,,-0.06635802469135799,-0.04822530864197527,-0.014274691358024727,11,5.0,False,1.6094379124341003,2.302585092994046,0.6931471805599456,Stieger2021/31,1.0736681042190617
Stieger2021,31,eegnet,6,9.857329196761777,0.4553001277139208,0.5274584929757344,,0.6210089399744572,0.5772669220945083,,0.04980842911877381,-0.04374201787994891,0.12196679438058744,11,4.0,False,1.791759469228055,2.302585092994046,0.5108256237659909,Stieger2021/31,1.636119509379664
Stieger2021,31,eegnet,7,10.800665805789675,0.634676564156946,0.7449628844114529,,0.6161187698833511,0.7152704135737009,,-0.02969247083775195,0.09915164369034979,0.08059384941675496,11,3.0,False,1.9459101490553132,2.302585092994046,0.35667494393873267,Stieger2021/31,2.1541695992739367
Stieger2021,31,eegnet,8,8.578483794598345,0.5345982142857142,0.5701729910714286,,0.5811941964285715,0.6149553571428572,,0.0447823660714286,0.0337611607142857,0.08035714285714302,11,2.0,False,2.0794415416798357,2.302585092994046,0.22314355131421015,Stieger2021/31,0.9338187938012128
Stieger2021,31,eegnet,9,8.555410173774623,0.4784240150093808,0.4496560350218886,,0.6554096310193871,0.5966228893058162,,0.14696685428392758,-0.0587867417135709,0.11819887429643539,11,1.0,False,2.1972245773362196,2.302585092994046,0.10536051565782634,Stieger2021/31,0.921147504223855
Stieger2021,31,eegnet,10,6.773502883625776,0.4226757369614511,0.5755102040816327,,0.6333333333333333,0.5755102040816327,,0.0,-0.05782312925170063,0.15283446712018156,11,0.0,True,2.302585092994046,2.302585092994046,0.0,Stieger2021/31,-0.0574186014593913
Stieger2021,31,ts_lr,1,11.78635307918338,0.485972850678733,0.485972850678733,0.5448868778280542,0.485972850678733,0.5880090497737556,0.5331674208144797,0.10203619909502254,0.10203619909502254,0.10203619909502254,11,9.0,False,0.0,2.302585092994046,2.302585092994046,Stieger2021/31,2.6954773103310266
Stieger2021,31,ts_lr,2,8.060099773995468,0.4787644787644788,0.4967824967824968,0.5875160875160876,0.5257400257400258,0.6151866151866152,0.6097812097812098,0.11840411840411841,0.08944658944658945,0.1364221364221364,11,8.0,False,0.6931471805599453,2.302585092994046,1.6094379124341005,Stieger2021/31,0.6491389818411826
Stieger2021,31,ts_lr,3,6.529554041032097,0.4555744199207696,0.5483870967741935,0.5876627051499717,0.6103565365025467,0.5865874363327674,0.5273344651952462,0.03820033955857394,-0.02376910016977929,0.13101301641199786,11,7.0,False,1.0986122886681098,2.302585092994046,1.2039728043259361,Stieger2021/31,-0.19138745056988046
Stieger2021,31,ts_lr,4,8.241292792629855,0.571320564516129,0.5977822580645161,0.7359375000000001,0.5582157258064516,0.7265625,0.6684475806451613,0.12878024193548387,0.16834677419354838,0.155241935483871,11,6.0,False,1.3862943611198906,2.302585092994046,0.9162907318741553,Stieger2021/31,0.7486443531937139
Stieger2021,31,ts_lr,5,8.833140587132418,0.4185956790123457,0.5177469135802469,0.7608024691358024,0.6192129629629629,0.6651234567901234,0.7026234567901234,0.14737654320987648,0.0459104938271605,0.24652777777777773,11,5.0,False,1.6094379124341003,2.302585092994046,0.6931471805599456,Stieger2021/31,1.0736681042190617
Stieger2021,31,ts_lr,6,9.857329196761777,0.5801404853128991,0.7116858237547893,,0.6590038314176245,0.7353128991060025,0.7539591315453384,0.023627075351213223,0.07630906768837797,0.15517241379310343,11,4.0,False,1.791759469228055,2.302585092994046,0.5108256237659909,Stieger2021/31,1.636119509379664
Stieger2021,31,ts_lr,7,10.800665805789675,0.5371155885471898,0.7444326617179216,,0.6961823966065749,0.7905620360551431,0.7819724284199363,0.04612937433722153,0.0943796394485682,0.2534464475079533,11,3.0,False,1.9459101490553132,2.302585092994046,0.35667494393873267,Stieger2021/31,2.1541695992739367
Stieger2021,31,ts_lr,8,8.578483794598345,0.5694754464285715,0.7784598214285714,,0.6576450892857143,0.8284040178571429,0.8276227678571428,0.04994419642857151,0.1707589285714286,0.2589285714285714,11,2.0,False,2.0794415416798357,2.302585092994046,0.22314355131421015,Stieger2021/31,0.9338187938012128
Stieger2021,31,ts_lr,9,8.555410173774623,0.5103189493433395,0.8505315822388992,,0.8586616635397124,0.8455284552845528,0.8417761100687929,-0.00500312695434646,-0.013133208255159623,0.33520950594121324,11,1.0,False,2.1972245773362196,2.302585092994046,0.10536051565782634,Stieger2021/31,0.921147504223855
Stieger2021,31,ts_lr,10,6.773502883625776,0.5326530612244897,0.7256235827664399,,0.6435374149659864,0.7256235827664399,0.7256235827664399,0.0,0.08208616780045352,0.19297052154195016,11,0.0,True,2.302585092994046,2.302585092994046,0.0,Stieger2021/31,-0.0574186014593913
Stieger2021,32,csp_lda,1,8.213742347860547,0.5791385573430201,0.5791385573430201,0.5949143746756617,0.5791385573430201,0.723404255319149,0.6300985988583291,0.14426569797612887,0.14426569797612887,0.14426569797612887,11,9.0,False,0.0,2.302585092994046,2.302585092994046,Stieger2021/32,0.7335145360608089
Stieger2021,32,csp_lda,2,8.697416252317769,0.6545893719806762,0.6876006441223832,0.4875201288244766,0.4774557165861513,0.6662640901771336,0.5371175523349436,-0.02133655394524958,0.1888083735909823,0.011674718196457379,11,8.0,False,0.6931471805599453,2.302585092994046,1.6094379124341005,Stieger2021/32,0.9991326699120808
Stieger2021,32,csp_lda,3,8.818015939873261,0.5333157059756742,0.8606557377049181,0.5523003701745108,0.6586462189317821,0.8164992067689053,0.7047065044949763,-0.044156530936012794,0.1578529878371232,0.28318350079323107,11,7.0,False,1.0986122886681098,2.302585092994046,1.2039728043259361,Stieger2021/32,1.0653621349635067
Stieger2021,32,csp_lda,4,5.779412640635544,0.3684593023255814,0.5617732558139535,0.6966569767441861,0.6228197674418605,0.779796511627907,0.7171511627906978,0.21802325581395343,0.15697674418604646,0.4113372093023256,11,6.0,False,1.3862943611198906,2.302585092994046,0.9162907318741553,Stieger2021/32,-0.6033409528401995
Stieger2021,32,csp_lda,5,6.2001225167061635,0.6884180790960451,0.6686440677966102,0.7632768361581921,0.4974576271186441,0.6457627118644067,0.6974011299435028,-0.02288135593220353,0.1483050847457626,-0.04265536723163843,11,5.0,False,1.6094379124341003,2.302585092994046,0.6931471805599456,Stieger2021/32,-0.3723006359141055
Stieger2021,32,csp_lda,6,5.627439362963593,0.5992673992673992,0.7616605616605617,,0.6803418803418804,0.6051282051282052,0.6802930402930403,-0.15653235653235653,-0.07521367521367517,0.005860805860805951,11,4.0,False,1.791759469228055,2.302585092994046,0.5108256237659909,Stieger2021/32,-0.6867997833425076
Stieger2021,32,csp_lda,7,4.101934657154642,0.7121436504998149,0.9320621991854868,,0.9470566456867826,0.8876342095520178,0.8983709737134393,-0.044427989633469056,-0.05942243613476483,0.1754905590522029,11,3.0,False,1.9459101490553132,2.302585092994046,0.35667494393873267,Stieger2021/32,-1.5245578459632816
Stieger2021,32,csp_lda,8,6.417268831370195,0.5868844696969697,0.5991950757575758,,0.6098484848484849,0.5944602272727273,0.6768465909090908,-0.004734848484848508,-0.015388257575757569,0.007575757575757569,11,2.0,False,2.0794415416798357,2.302585092994046,0.22314355131421015,Stieger2021/32,-0.25305087209137606
Stieger2021,32,csp_lda,9,7.4545445574143105,0.7412131519274376,0.8095238095238095,,0.6782879818594103,0.7536848072562358,0.8069727891156463,-0.05583900226757377,0.07539682539682546,0.012471655328798126,11,1.0,False,2.1972245773362196,2.302585092994046,0.10536051565782634,Stieger2021/32,0.3165875559942753
Stieger2021,32,csp_lda,10,6.22270620006159,0.7509999999999999,0.8286666666666667,,0.5486666666666666,0.8286666666666667,0.8286666666666667,0.0,0.28,0.07766666666666677,11,0.0,True,2.302585092994046,2.302585092994046,0.0,Stieger2021/32,-0.35989840421816965
Stieger2021,32,eegnet,1,8.213742347860547,0.9019200830306175,0.9019200830306175,,0.9019200830306175,0.9610793980280228,,0.05915931499740523,0.05915931499740523,0.05915931499740523,11,9.0,False,0.0,2.302585092994046,2.302585092994046,Stieger2021/32,0.7335145360608089
Stieger2021,32,eegnet,2,8.697416252317769,0.7930756843800323,0.7693236714975845,,0.676731078904992,0.8526570048309179,,0.08333333333333337,0.17592592592592593,0.0595813204508856,11,8.0,False,0.6931471805599453,2.302585092994046,1.6094379124341005,Stieger2021/32,0.9991326699120808
Stieger2021,32,eegnet,3,8.818015939873261,0.8479640401903754,0.9365415124272872,,0.7480169222633527,0.9534637757800104,,0.016922263352723177,0.2054468535166577,0.10549973558963499,11,7.0,False,1.0986122886681098,2.302585092994046,1.2039728043259361,Stieger2021/32,1.0653621349635067
Stieger2021,32,eegnet,4,5.779412640635544,0.8822674418604651,0.912063953488372,,0.8415697674418604,0.9607558139534884,,0.04869186046511642,0.11918604651162801,0.07848837209302328,11,6.0,False,1.3862943611198906,2.302585092994046,0.9162907318741553,Stieger2021/32,-0.6033409528401995
Stieger2021,32,eegnet,5,6.2001225167061635,0.8042372881355933,0.8971751412429378,,0.7107344632768362,0.96045197740113,,0.06327683615819213,0.24971751412429377,0.15621468926553672,11,5.0,False,1.6094379124341003,2.302585092994046,0.6931471805599456,Stieger2021/32,-0.3723006359141055
Stieger2021,32,eegnet,6,5.627439362963593,0.7956043956043957,0.8915750915750915,,0.7929181929181929,0.9733821733821734,,0.08180708180708185,0.1804639804639805,0.1777777777777777,11,4.0,False,1.791759469228055,2.302585092994046,0.5108256237659909,Stieger2021/32,-0.6867997833425076
Stieger2021,32,eegnet,7,4.101934657154642,0.8121066271751203,0.9505738615327656,,0.9644576082932248,0.9507589781562384,,0.0001851166234728696,-0.013698630136986356,0.13865235098111817,11,3.0,False,1.9459101490553132,2.302585092994046,0.35667494393873267,Stieger2021/32,-1.5245578459632816
Stieger2021,32,eegnet,8,6.417268831370195,0.863873106060606,0.9372632575757576,,0.9315814393939394,0.9680397727272728,,0.03077651515151525,0.03645833333333337,0.10416666666666685,11,2.0,False,2.0794415416798357,2.302585092994046,0.22314355131421015,Stieger2021/32,-0.25305087209137606
Stieger2021,32,eegnet,9,7.4545445574143105,0.8523242630385488,0.9608843537414966,,0.8999433106575964,0.9781746031746033,,0.01729024943310664,0.07823129251700689,0.12585034013605445,11,1.0,False,2.1972245773362196,2.302585092994046,0.10536051565782634,Stieger2021/32,0.3165875559942753
Stieger2021,32,eegnet,10,6.22270620006159,0.7996666666666666,0.976,,0.8069999999999999,0.976,,0.0,0.16900000000000004,0.17633333333333334,11,0.0,True,2.302585092994046,2.302585092994046,0.0,Stieger2021/32,-0.35989840421816965
Stieger2021,32,ts_lr,1,8.213742347860547,0.8194084068500259,0.8194084068500259,0.8754540736896732,0.8194084068500259,0.9185262065386612,0.8635184224182669,0.09911779968863532,0.09911779968863532,0.09911779968863532,11,9.0,False,0.0,2.302585092994046,2.302585092994046,Stieger2021/32,0.7335145360608089
Stieger2021,32,ts_lr,2,8.697416252317769,0.8792270531400966,0.8466183574879227,0.7322866344605475,0.7073268921095007,0.8820450885668276,0.7429951690821255,0.03542673107890493,0.1747181964573269,0.0028180354267309804,11,8.0,False,0.6931471805599453,2.302585092994046,1.6094379124341005,Stieger2021/32,0.9991326699120808
Stieger2021,32,ts_lr,3,8.818015939873261,0.7773664727657325,0.8704389212057112,0.8451612903225806,0.7154944473823374,0.9394500264410364,0.8748810153358011,0.06901110523532517,0.223955579058699,0.16208355367530392,11,7.0,False,1.0986122886681098,2.302585092994046,1.2039728043259361,Stieger2021/32,1.0653621349635067
Stieger2021,32,ts_lr,4,5.779412640635544,0.7986918604651163,0.8989825581395349,0.8795058139534884,0.8510174418604651,0.912063953488372,0.9079941860465116,0.013081395348837122,0.06104651162790686,0.11337209302325568,11,6.0,False,1.3862943611198906,2.302585092994046,0.9162907318741553,Stieger2021/32,-0.6033409528401995
Stieger2021,32,ts_lr,5,6.2001225167061635,0.8519774011299435,0.9302259887005648,0.877683615819209,0.7867231638418078,0.9384180790960452,0.9011299435028248,0.008192090395480411,0.1516949152542374,0.08644067796610178,11,5.0,False,1.6094379124341003,2.302585092994046,0.6931471805599456,Stieger2021/32,-0.3723006359141055
Stieger2021,32,ts_lr,6,5.627439362963593,0.7233211233211233,0.9057387057387056,,0.8407814407814408,0.9147741147741149,0.9103296703296704,0.009035409035409225,0.07399267399267406,0.19145299145299155,11,4.0,False,1.791759469228055,2.302585092994046,0.5108256237659909,Stieger2021/32,-0.6867997833425076
Stieger2021,32,ts_lr,7,4.101934657154642,0.7434283598667161,0.9701962236208812,,0.9320621991854868,0.9766753054424286,0.9774527952610144,0.006479081821547439,0.044613106256941815,0.23324694557571257,11,3.0,False,1.9459101490553132,2.302585092994046,0.35667494393873267,Stieger2021/32,-1.5245578459632816
Stieger2021,32,ts_lr,8,6.417268831370195,0.7267992424242423,0.933001893939394,,0.8707386363636364,0.9367897727272728,0.9216382575757576,0.0037878787878787845,0.06605113636363646,0.2099905303030305,11,2.0,False,2.0794415416798357,2.302585092994046,0.22314355131421015,Stieger2021/32,-0.25305087209137606
Stieger2021,32,ts_lr,9,7.4545445574143105,0.8373015873015873,0.9350907029478458,,0.7732426303854876,0.9450113378684808,0.9386621315192742,0.009920634920634996,0.17176870748299322,0.10770975056689347,11,1.0,False,2.1972245773362196,2.302585092994046,0.10536051565782634,Stieger2021/32,0.3165875559942753
Stieger2021,32,ts_lr,10,6.22270620006159,0.8413333333333334,0.9636666666666668,,0.9176666666666666,0.9636666666666668,0.9636666666666668,0.0,0.04600000000000015,0.1223333333333334,11,0.0,True,2.302585092994046,2.302585092994046,0.0,Stieger2021/32,-0.35989840421816965
Stieger2021,33,csp_lda,1,8.445776636743922,0.582015167930661,0.582015167930661,0.5656771397616469,0.582015167930661,0.4873239436619718,0.5939328277356447,-0.0946912242686892,-0.0946912242686892,-0.0946912242686892,11,9.0,False,0.0,2.302585092994046,2.302585092994046,Stieger2021/33,0.8609402959265863
Stieger2021,33,csp_lda,2,6.125945574110343,0.7577805077805079,0.4752252252252252,0.5755118755118757,0.488943488943489,0.763923013923014,0.6055282555282556,0.2886977886977888,0.274979524979525,0.00614250614250611,11,8.0,False,0.6931471805599453,2.302585092994046,1.6094379124341005,Stieger2021/33,-0.4130362242630473
Stieger2021,33,csp_lda,3,8.142720206233546,0.6863264323543573,0.5122773230621089,0.6460279248916707,0.4843524313914299,0.7549350024073181,0.5888781896966779,0.2426576793452092,0.27058257101588823,0.06860857005296084,11,7.0,False,1.0986122886681098,2.302585092994046,1.2039728043259361,Stieger2021/33,0.6945114628181976
Stieger2021,33,csp_lda,4,8.31869059738668,0.7017211703958691,0.8290877796901893,0.7061273666092943,0.5703958691910499,0.8946643717728054,0.6451290877796902,0.06557659208261613,0.32426850258175555,0.19294320137693632,11,6.0,False,1.3862943611198906,2.302585092994046,0.9162907318741553,Stieger2021/33,0.7911487353285402
Stieger2021,33,csp_lda,5,6.244935742709909,0.7988584474885845,0.7031963470319635,0.761187214611872,0.6360730593607307,0.8958904109589041,0.6535159817351598,0.19269406392694055,0.25981735159817343,0.09703196347031962,11,5.0,False,1.6094379124341003,2.302585092994046,0.6931471805599456,Stieger2021/33,-0.34769065519511716
Stieger2021,33,csp_lda,6,5.378238298167715,0.587202380952381,0.6848214285714286,,0.624702380952381,0.7571428571428572,0.6675,0.07232142857142865,0.13244047619047628,0.16994047619047625,11,4.0,False,1.791759469228055,2.302585092994046,0.5108256237659909,Stieger2021/33,-0.8236529837629687
Stieger2021,33,csp_lda,7,6.734829711161482,0.6284219001610306,0.5676328502415459,,0.714170692431562,0.8331320450885668,0.7012077294685991,0.2654991948470209,0.1189613526570048,0.20471014492753614,11,3.0,False,1.9459101490553132,2.302585092994046,0.35667494393873267,Stieger2021/33,-0.07865666248648279
Stieger2021,33,csp_lda,8,5.663186630887194,0.6262502551541131,0.7454582567870995,,0.69034496836089,0.732802612778118,0.6674015105123494,-0.01265564400898156,0.04245764441722799,0.10655235762400483,11,2.0,False,2.0794415416798357,2.302585092994046,0.22314355131421015,Stieger2021/33,-0.6671685348739684
Stieger2021,33,csp_lda,9,5.248031493569477,0.6781125387682765,0.7206468763845812,,0.5589277802392557,0.7607443509082853,0.7083739477182102,0.040097474523704046,0.20181657066902958,0.08263181214000881,11,1.0,False,2.1972245773362196,2.302585092994046,0.10536051565782634,Stieger2021/33,-0.895158368141588
Stieger2021,33,csp_lda,10,7.009896143319323,0.6853479853479854,0.7598901098901099,,0.5023809523809524,0.7598901098901099,0.7598901098901099,0.0,0.2575091575091575,0.0745421245421245,11,0.0,True,2.302585092994046,2.302585092994046,0.0,Stieger2021/33,0.07240096481487848
Stieger2021,33,eegnet,1,8.445776636743922,0.5848320693391116,0.5848320693391116,,0.5848320693391116,0.9828819068255688,,0.39804983748645717,0.39804983748645717,0.39804983748645717,11,9.0,False,0.0,2.302585092994046,2.302585092994046,Stieger2021/33,0.8609402959265863
Stieger2021,33,eegnet,2,6.125945574110343,0.6083128583128583,0.64987714987715,,0.6392301392301393,0.9823914823914824,,0.3325143325143325,0.34316134316134317,0.37407862407862413,11,8.0,False,0.6931471805599453,2.302585092994046,1.6094379124341005,Stieger2021/33,-0.4130362242630473
Stieger2021,33,eegnet,3,8.142720206233546,0.5108329321136253,0.8408762638420799,,0.4701492537313433,0.8635050553683196,,0.022628791526239644,0.39335580163697625,0.3526721232546942,11,7.0,False,1.0986122886681098,2.302585092994046,1.2039728043259361,Stieger2021/33,0.6945114628181976
Stieger2021,33,eegnet,4,8.31869059738668,0.5819277108433735,0.9356282271944922,,0.519104991394148,0.9802065404475044,,0.0445783132530122,0.46110154905335643,0.39827882960413097,11,6.0,False,1.3862943611198906,2.302585092994046,0.9162907318741553,Stieger2021/33,0.7911487353285402
Stieger2021,33,eegnet,5,6.244935742709909,0.5575342465753423,0.9600456621004564,,0.7139269406392694,0.9920091324200914,,0.03196347031963498,0.27808219178082194,0.434474885844749,11,5.0,False,1.6094379124341003,2.302585092994046,0.6931471805599456,Stieger2021/33,-0.34769065519511716
Stieger2021,33,eegnet,6,5.378238298167715,0.5952380952380952,0.8937499999999999,,0.5553571428571429,0.9080357142857144,,0.014285714285714457,0.3526785714285715,0.31279761904761916,11,4.0,False,1.791759469228055,2.302585092994046,0.5108256237659909,Stieger2021/33,-0.8236529837629687
Stieger2021,33,eegnet,7,6.734829711161482,0.5410628019323672,0.9683977455716588,,0.4770531400966183,0.9571256038647342,,-0.011272141706924588,0.4800724637681159,0.416062801932367,11,3.0,False,1.9459101490553132,2.302585092994046,0.35667494393873267,Stieger2021/33,-0.07865666248648279
Stieger2021,33,eegnet,8,5.663186630887194,0.5356195141865687,0.92018779342723,,0.6431924882629108,0.9305980812410696,,0.01041028781383957,0.2874055929781588,0.39497856705450085,11,2.0,False,2.0794415416798357,2.302585092994046,0.22314355131421015,Stieger2021/33,-0.6671685348739684
Stieger2021,33,eegnet,9,5.248031493569477,0.5578201151971643,0.9503766061143112,,0.4065130704474965,0.9603455914931324,,0.009968985378821182,0.5538325210456359,0.402525476295968,11,1.0,False,2.1972245773362196,2.302585092994046,0.10536051565782634,Stieger2021/33,-0.895158368141588
Stieger2021,33,eegnet,10,7.009896143319323,0.5375457875457875,0.8981684981684983,,0.7133699633699634,0.8981684981684983,,0.0,0.18479853479853492,0.3606227106227108,11,0.0,True,2.302585092994046,2.302585092994046,0.0,Stieger2021/33,0.07240096481487848
Stieger2021,33,ts_lr,1,8.445776636743922,0.7018418201516794,0.7018418201516794,0.7079956663055255,0.7018418201516794,0.8253521126760563,0.7123726977248104,0.12351029252437695,0.12351029252437695,0.12351029252437695,11,9.0,False,0.0,2.302585092994046,2.302585092994046,Stieger2021/33,0.8609402959265863
Stieger2021,33,ts_lr,2,6.125945574110343,0.8771498771498771,0.8693693693693694,0.814987714987715,0.7131449631449631,0.92014742014742,0.8501228501228502,0.05077805077805064,0.2070024570024569,0.04299754299754288,11,8.0,False,0.6931471805599453,2.302585092994046,1.6094379124341005,Stieger2021/33,-0.4130362242630473
Stieger2021,33,ts_lr,3,8.142720206233546,0.7467501203659125,0.7794896485315359,0.7684641309581127,0.7342320654790564,0.8220991815117958,0.7912855079441502,0.042609532980259934,0.08786711603273945,0.07534906114588336,11,7.0,False,1.0986122886681098,2.302585092994046,1.2039728043259361,Stieger2021/33,0.6945114628181976
Stieger2021,33,ts_lr,4,8.31869059738668,0.9129087779690188,0.9179001721170396,0.9407573149741824,0.8480206540447504,0.9567986230636832,0.9135972461273668,0.03889845094664368,0.10877796901893289,0.043889845094664426,11,6.0,False,1.3862943611198906,2.302585092994046,0.9162907318741553,Stieger2021/33,0.7911487353285402
Stieger2021,33,ts_lr,5,6.244935742709909,0.8988584474885845,0.9125570776255708,0.9547945205479452,0.9182648401826484,0.971917808219178,0.9598173515981736,0.059360730593607136,0.053652968036529525,0.07305936073059349,11,5.0,False,1.6094379124341003,2.302585092994046,0.6931471805599456,Stieger2021/33,-0.34769065519511716
Stieger2021,33,ts_lr,6,5.378238298167715,0.7556547619047619,0.8172619047619047,,0.7723214285714286,0.8449404761904763,0.8251785714285715,0.027678571428571552,0.0726190476190477,0.08928571428571441,11,4.0,False,1.791759469228055,2.302585092994046,0.5108256237659909,Stieger2021/33,-0.8236529837629687
Stieger2021,33,ts_lr,7,6.734829711161482,0.8699677938808373,0.960950080515298,,0.839573268921095,0.9764492753623188,0.969001610305958,0.015499194847020892,0.13687600644122389,0.10648148148148151,11,3.0,False,1.9459101490553132,2.302585092994046,0.35667494393873267,Stieger2021/33,-0.07865666248648279
Stieger2021,33,ts_lr,8,5.663186630887194,0.8146560522555623,0.91141049193713,,0.9440702184119208,0.9387630128597672,0.9283119003878342,0.02735252092263718,-0.005307205552153693,0.1241069606042049,11,2.0,False,2.0794415416798357,2.302585092994046,0.22314355131421015,Stieger2021/33,-0.6671685348739684
Stieger2021,33,ts_lr,9,5.248031493569477,0.8170137350465219,0.895436420026584,,0.757864421798848,0.9000886132033673,0.8948161276030129,0.004652193176783337,0.14222419140451925,0.08307487815684544,11,1.0,False,2.1972245773362196,2.302585092994046,0.10536051565782634,Stieger2021/33,-0.895158368141588
Stieger2021,33,ts_lr,10,7.009896143319323,0.7957875457875458,0.9012820512820512,,0.6805860805860806,0.9012820512820512,0.9012820512820512,0.0,0.22069597069597058,0.10549450549450534,11,0.0,True,2.302585092994046,2.302585092994046,0.0,Stieger2021/33,0.07240096481487848
Stieger2021,34,csp_lda,1,7.489411251931664,0.6193252811328613,0.6193252811328613,0.8090795501874218,0.6193252811328613,0.7792586422324032,0.721366097459392,0.15993336109954182,0.15993336109954182,0.15993336109954182,11,9.0,False,0.0,2.302585092994046,2.302585092994046,Stieger2021/34,0.3357352219028892
Stieger2021,34,csp_lda,2,8.293016535776632,0.5107070707070707,0.5684848484848485,0.676040404040404,0.6206060606060606,0.6965656565656566,0.6998787878787878,0.12808080808080813,0.075959595959596,0.18585858585858595,11,8.0,False,0.6931471805599453,2.302585092994046,1.6094379124341005,Stieger2021/34,0.7770493674064758
Stieger2021,34,csp_lda,3,5.79870064774782,0.3614255765199162,0.4067085953878406,0.6109853249475891,0.6658280922431866,0.6570230607966457,0.6057861635220125,0.25031446540880514,-0.008805031446540879,0.29559748427672955,11,7.0,False,1.0986122886681098,2.302585092994046,1.2039728043259361,Stieger2021/34,-0.5927486004150215
Stieger2021,34,csp_lda,4,5.13821875789063,0.4371693121693121,0.6957671957671957,0.662037037037037,0.5036375661375662,0.6967592592592592,0.6438492063492064,0.0009920634920634885,0.19312169312169303,0.2595899470899471,11,6.0,False,1.3862943611198906,2.302585092994046,0.9162907318741553,Stieger2021/34,-0.955463986566156
Stieger2021,34,csp_lda,5,6.35802606799309,0.542647828362114,0.6776556776556776,0.7964416535845107,0.7195185766614337,0.7613814756671899,0.7992673992673993,0.08372579801151236,0.04186289900575624,0.21873364730507594,11,5.0,False,1.6094379124341003,2.302585092994046,0.6931471805599456,Stieger2021/34,-0.2855850900994324
Stieger2021,34,csp_lda,6,5.339830781630495,0.5541487068965518,0.7979525862068966,,0.7979525862068966,0.8553340517241379,0.8418103448275861,0.057381465517241326,0.057381465517241326,0.3011853448275861,11,4.0,False,1.791759469228055,2.302585092994046,0.5108256237659909,Stieger2021/34,-0.8447451551091295
Stieger2021,34,csp_lda,7,6.442747505608679,0.4422326307572209,0.6323185011709602,,0.6194379391100703,0.7115534738485558,0.7540983606557377,0.0792349726775956,0.09211553473848555,0.2693208430913349,11,3.0,False,1.9459101490553132,2.302585092994046,0.35667494393873267,Stieger2021/34,-0.23905880462223014
Stieger2021,34,csp_lda,8,7.493809522894058,0.4380081300813008,0.7804878048780487,,0.8475609756097561,0.7632113821138211,0.7063008130081301,-0.017276422764227584,-0.08434959349593496,0.3252032520325203,11,2.0,False,2.0794415416798357,2.302585092994046,0.22314355131421015,Stieger2021/34,0.3381506106895027
Stieger2021,34,csp_lda,9,6.791363760369353,0.524812030075188,0.7521303258145362,,0.7947368421052632,0.788220551378446,0.7724310776942355,0.03609022556390984,-0.006516290726817142,0.2634085213032581,11,1.0,False,2.1972245773362196,2.302585092994046,0.10536051565782634,Stieger2021/34,-0.047609983078582795
Stieger2021,34,csp_lda,10,5.339246429450661,0.4676923076923077,0.7840559440559441,,0.793006993006993,0.7840559440559441,0.7840559440559441,0.0,-0.008951048951048812,0.31636363636363646,11,0.0,True,2.302585092994046,2.302585092994046,0.0,Stieger2021/34,-0.8450660625099402
Stieger2021,34,eegnet,1,7.489411251931664,0.5201999167013744,0.5201999167013744,,0.5201999167013744,0.8604748021657642,,0.3402748854643898,0.3402748854643898,0.3402748854643898,11,9.0,False,0.0,2.302585092994046,2.302585092994046,Stieger2021/34,0.3357352219028892
Stieger2021,34,eegnet,2,8.293016535776632,0.557979797979798,0.4690909090909091,,0.6585858585858585,0.92,,0.4509090909090909,0.26141414141414154,0.362020202020202,11,8.0,False,0.6931471805599453,2.302585092994046,1.6094379124341005,Stieger2021/34,0.7770493674064758
Stieger2021,34,eegnet,3,5.79870064774782,0.5773584905660378,0.6213836477987421,,0.4448637316561844,0.8410901467505242,,0.21970649895178207,0.39622641509433976,0.26373165618448635,11,7.0,False,1.0986122886681098,2.302585092994046,1.2039728043259361,Stieger2021/34,-0.5927486004150215
Stieger2021,34,eegnet,4,5.13821875789063,0.511904761904762,0.6018518518518519,,0.4943783068783069,0.8343253968253967,,0.2324735449735449,0.33994708994708983,0.3224206349206348,11,6.0,False,1.3862943611198906,2.302585092994046,0.9162907318741553,Stieger2021/34,-0.955463986566156
Stieger2021,34,eegnet,5,6.35802606799309,0.4003139717425432,0.4024071166928309,,0.4929356357927786,0.9225536368393512,,0.5201465201465203,0.4296180010465726,0.522239665096808,11,5.0,False,1.6094379124341003,2.302585092994046,0.6931471805599456,Stieger2021/34,-0.2855850900994324
Stieger2021,34,eegnet,6,5.339830781630495,0.5274784482758621,0.8149245689655172,,0.6904633620689655,0.9579741379310344,,0.14304956896551713,0.26751077586206884,0.43049568965517226,11,4.0,False,1.791759469228055,2.302585092994046,0.5108256237659909,Stieger2021/34,-0.8447451551091295
Stieger2021,34,eegnet,7,6.442747505608679,0.620999219359875,0.8946135831381733,,0.67096018735363,0.934816549570648,,0.040202966432474674,0.2638563622170179,0.31381733021077296,11,3.0,False,1.9459101490553132,2.302585092994046,0.35667494393873267,Stieger2021/34,-0.23905880462223014
Stieger2021,34,eegnet,8,7.493809522894058,0.3932926829268293,0.8546747967479674,,0.5137195121951219,0.8221544715447154,,-0.03252032520325199,0.30843495934959353,0.42886178861788615,11,2.0,False,2.0794415416798357,2.302585092994046,0.22314355131421015,Stieger2021/34,0.3381506106895027
Stieger2021,34,eegnet,9,6.791363760369353,0.4609022556390977,0.9025062656641604,,0.7243107769423559,0.9448621553884712,,0.04235588972431081,0.22055137844611528,0.4839598997493735,11,1.0,False,2.1972245773362196,2.302585092994046,0.10536051565782634,Stieger2021/34,-0.047609983078582795
Stieger2021,34,eegnet,10,5.339246429450661,0.5026573426573426,0.8593006993006993,,0.6676923076923077,0.8593006993006993,,0.0,0.1916083916083916,0.35664335664335667,11,0.0,True,2.302585092994046,2.302585092994046,0.0,Stieger2021/34,-0.8450660625099402
Stieger2021,34,ts_lr,1,7.489411251931664,0.8096626405664307,0.8096626405664307,0.8173261141191169,0.8096626405664307,0.8979591836734694,0.760683048729696,0.08829654310703872,0.08829654310703872,0.08829654310703872,11,9.0,False,0.0,2.302585092994046,2.302585092994046,Stieger2021/34,0.3357352219028892
Stieger2021,34,ts_lr,2,8.293016535776632,0.610909090909091,0.6476767676767676,0.7322828282828283,0.5935353535353536,0.7886868686868687,0.7397979797979798,0.14101010101010103,0.19515151515151508,0.1777777777777777,11,8.0,False,0.6931471805599453,2.302585092994046,1.6094379124341005,Stieger2021/34,0.7770493674064758
Stieger2021,34,ts_lr,3,5.79870064774782,0.6389937106918239,0.7781970649895179,0.8418448637316562,0.6729559748427674,0.8461215932914046,0.8176100628930818,0.06792452830188667,0.1731656184486372,0.2071278825995807,11,7.0,False,1.0986122886681098,2.302585092994046,1.2039728043259361,Stieger2021/34,-0.5927486004150215
Stieger2021,34,ts_lr,4,5.13821875789063,0.6207010582010581,0.7347883597883598,0.8075396825396826,0.7056878306878307,0.7979497354497356,0.7599867724867725,0.06316137566137581,0.09226190476190488,0.17724867724867743,11,6.0,False,1.3862943611198906,2.302585092994046,0.9162907318741553,Stieger2021/34,-0.955463986566156
Stieger2021,34,ts_lr,5,6.35802606799309,0.7556253270538985,0.8780743066457353,0.8571428571428571,0.7127158555729983,0.8963893249607535,0.8828885400313972,0.01831501831501825,0.1836734693877552,0.140763997906855,11,5.0,False,1.6094379124341003,2.302585092994046,0.6931471805599456,Stieger2021/34,-0.2855850900994324
Stieger2021,34,ts_lr,6,5.339830781630495,0.7015086206896551,0.8987068965517242,,0.8545258620689655,0.9172952586206896,0.9014547413793104,0.018588362068965414,0.06276939655172409,0.21578663793103448,11,4.0,False,1.791759469228055,2.302585092994046,0.5108256237659909,Stieger2021/34,-0.8447451551091295
Stieger2021,34,ts_lr,7,6.442747505608679,0.6545667447306791,0.9035909445745512,,0.734192037470726,0.8914910226385636,0.8768930523028884,-0.012099921935987634,0.15729898516783758,0.2369242779078845,11,3.0,False,1.9459101490553132,2.302585092994046,0.35667494393873267,Stieger2021/34,-0.23905880462223014
Stieger2021,34,ts_lr,8,7.493809522894058,0.6900406504065041,0.913109756097561,,0.8780487804878049,0.9029471544715446,0.896951219512195,-0.010162601626016343,0.02489837398373973,0.21290650406504052,11,2.0,False,2.0794415416798357,2.302585092994046,0.22314355131421015,Stieger2021/34,0.3381506106895027
Stieger2021,34,ts_lr,9,6.791363760369353,0.7471177944862155,0.924310776942356,,0.8275689223057644,0.9223057644110276,0.9249122807017542,-0.002005012531328343,0.09473684210526323,0.17518796992481211,11,1.0,False,2.1972245773362196,2.302585092994046,0.10536051565782634,Stieger2021/34,-0.047609983078582795
Stieger2021,34,ts_lr,10,5.339246429450661,0.6646153846153846,0.8861538461538462,,0.8097902097902098,0.8861538461538462,0.8861538461538462,0.0,0.07636363636363641,0.22153846153846157,11,0.0,True,2.302585092994046,2.302585092994046,0.0,Stieger2021/34,-0.8450660625099402
Stieger2021,35,csp_lda,1,7.755715897809228,0.5385533540224399,0.5385533540224399,0.6460253043685844,0.5385533540224399,0.7121031272380043,0.6171401289090476,0.17354977321556442,0.17354977321556442,0.17354977321556442,11,9.0,False,0.0,2.302585092994046,2.302585092994046,Stieger2021/35,0.4819811583118457
Stieger2021,35,csp_lda,2,8.52711974663787,0.4844883158742949,0.5427074939564868,0.6823932312651088,0.652497985495568,0.7882755842062853,0.7086220789685738,0.24556809024979853,0.13577759871071726,0.3037872683319904,11,8.0,False,0.6931471805599453,2.302585092994046,1.6094379124341005,Stieger2021/35,0.9056113126024519
Stieger2021,35,csp_lda,3,8.337233017863339,0.4955223880597015,0.6317164179104477,0.7771641791044777,0.5701492537313433,0.7686567164179104,0.7393283582089551,0.1369402985074627,0.19850746268656716,0.27313432835820894,11,7.0,False,1.0986122886681098,2.302585092994046,1.2039728043259361,Stieger2021/35,0.8013316355815993
Stieger2021,35,csp_lda,4,6.502330187046574,0.6583371194911404,0.8123580190822354,0.8692412539754656,0.902771467514766,0.8123580190822354,0.82189913675602,0.0,-0.09041344843253063,0.154020899591095,11,6.0,False,1.3862943611198906,2.302585092994046,0.9162907318741553,Stieger2021/35,-0.2063379145606736
Stieger2021,35,csp_lda,5,6.473274853119405,0.7629733520336606,0.8798503973819541,0.9392239364188872,0.8896680691912108,0.9457690509583918,0.8833099579242635,0.06591865357643767,0.056100981767181035,0.18279569892473124,11,5.0,False,1.6094379124341003,2.302585092994046,0.6931471805599456,Stieger2021/35,-0.222294168361095
Stieger2021,35,csp_lda,6,6.376378539743393,0.5917496443812233,0.6609767662399242,,0.731389284020863,0.8058321479374111,0.7960170697012802,0.1448553816974869,0.07444286391654809,0.21408250355618774,11,4.0,False,1.791759469228055,2.302585092994046,0.5108256237659909,Stieger2021/35,-0.2755065035704691
Stieger2021,35,csp_lda,7,7.689335954448192,0.547270955165692,0.8028752436647174,,0.902046783625731,0.8572124756335282,0.8138888888888889,0.054337231968810795,-0.04483430799220278,0.3099415204678362,11,3.0,False,1.9459101490553132,2.302585092994046,0.35667494393873267,Stieger2021/35,0.4455274308764204
Stieger2021,35,csp_lda,8,6.250710297186137,0.5696969696969697,0.7782828282828282,,0.7972222222222222,0.8118686868686869,0.8270202020202019,0.03358585858585861,0.014646464646464685,0.24217171717171715,11,2.0,False,2.0794415416798357,2.302585092994046,0.22314355131421015,Stieger2021/35,-0.34451945581953886
Stieger2021,35,csp_lda,9,7.040609052562008,0.5381652661064426,0.8497899159663865,,0.6950280112044818,0.8714985994397759,0.8534313725490195,0.02170868347338939,0.17647058823529416,0.33333333333333337,11,1.0,False,2.1972245773362196,2.302585092994046,0.10536051565782634,Stieger2021/35,0.0892675056040498
Stieger2021,35,csp_lda,10,6.473392683962345,0.5571661902817476,0.8215598203348305,,0.643936300530829,0.8215598203348305,0.8215598203348305,0.0,0.1776235198040016,0.2643936300530829,11,0.0,True,2.302585092994046,2.302585092994046,0.0,Stieger2021/35,-0.22222945945634875
Stieger2021,35,eegnet,1,7.755715897809228,0.7300071616137502,0.7300071616137502,,0.7300071616137502,0.9603724039150155,,0.23036524230126532,0.23036524230126532,0.23036524230126532,11,9.0,False,0.0,2.302585092994046,2.302585092994046,Stieger2021/35,0.4819811583118457
Stieger2021,35,eegnet,2,8.52711974663787,0.6150282030620468,0.8134568896051572,,0.6599516518936343,0.9776390008058018,,0.16418211120064463,0.31768734891216754,0.36261079774375504,11,8.0,False,0.6931471805599453,2.302585092994046,1.6094379124341005,Stieger2021/35,0.9056113126024519
Stieger2021,35,eegnet,3,8.337233017863339,0.8611940298507462,0.933955223880597,,0.9026119402985074,0.9880597014925372,,0.05410447761194015,0.08544776119402975,0.12686567164179097,11,7.0,False,1.0986122886681098,2.302585092994046,1.2039728043259361,Stieger2021/35,0.8013316355815993
Stieger2021,35,eegnet,4,6.502330187046574,0.7975920036347116,0.9750113584734212,,0.8907314856883235,0.9834166288050884,,0.008405270331667158,0.0926851431167649,0.1858246251703768,11,6.0,False,1.3862943611198906,2.302585092994046,0.9162907318741553,Stieger2021/35,-0.2063379145606736
Stieger2021,35,eegnet,5,6.473274853119405,0.7393641888733054,0.9878447872837774,,0.9796633941093968,0.9953249181860684,,0.007480130902290938,0.01566152407667154,0.25596072931276304,11,5.0,False,1.6094379124341003,2.302585092994046,0.6931471805599456,Stieger2021/35,-0.222294168361095
Stieger2021,35,eegnet,6,6.376378539743393,0.662873399715505,0.9902797534376484,,0.8316737790422001,0.9779516358463726,,-0.012328117591275833,0.1462778568041725,0.3150782361308676,11,4.0,False,1.791759469228055,2.302585092994046,0.5108256237659909,Stieger2021/35,-0.2755065035704691
Stieger2021,35,eegnet,7,7.689335954448192,0.7733918128654971,0.9878167641325536,,0.9442007797270956,0.9970760233918128,,0.00925925925925919,0.052875243664717186,0.2236842105263157,11,3.0,False,1.9459101490553132,2.302585092994046,0.35667494393873267,Stieger2021/35,0.4455274308764204
Stieger2021,35,eegnet,8,6.250710297186137,0.8207070707070706,0.9914141414141412,,0.9401515151515152,0.9967171717171718,,0.005303030303030587,0.0565656565656566,0.17601010101010117,11,2.0,False,2.0794415416798357,2.302585092994046,0.22314355131421015,Stieger2021/35,-0.34451945581953886
Stieger2021,35,eegnet,9,7.040609052562008,0.7076330532212884,0.9782913165266106,,0.955532212885154,0.9901960784313726,,0.011904761904761973,0.034663865546218586,0.28256302521008414,11,1.0,False,2.1972245773362196,2.302585092994046,0.10536051565782634,Stieger2021/35,0.0892675056040498
Stieger2021,35,eegnet,10,6.473392683962345,0.70355247039608,0.9902000816659862,,0.8683135973866883,0.9902000816659862,,0.0,0.12188648427929782,0.2866476112699061,11,0.0,True,2.302585092994046,2.302585092994046,0.0,Stieger2021/35,-0.22222945945634875
Stieger2021,35,ts_lr,1,7.755715897809228,0.7333492480305562,0.7333492480305562,0.824015278109334,0.7333492480305562,0.88063977082836,0.7619479589400813,0.14729052279780375,0.14729052279780375,0.14729052279780375,11,9.0,False,0.0,2.302585092994046,2.302585092994046,Stieger2021/35,0.4819811583118457
Stieger2021,35,ts_lr,2,8.52711974663787,0.8003626107977437,0.8688557614826753,0.950402900886382,0.8281627719580983,0.9717969379532636,0.9522159548751008,0.10294117647058831,0.14363416599516532,0.17143432715551987,11,8.0,False,0.6931471805599453,2.302585092994046,1.6094379124341005,Stieger2021/35,0.9056113126024519
Stieger2021,35,ts_lr,3,8.337233017863339,0.8858208955223881,0.9582089552238806,0.9513432835820896,0.9238805970149252,0.9701492537313432,0.9455970149253732,0.011940298507462588,0.046268656716418,0.08432835820895512,11,7.0,False,1.0986122886681098,2.302585092994046,1.2039728043259361,Stieger2021/35,0.8013316355815993
Stieger2021,35,ts_lr,4,6.502330187046574,0.9259427532939573,0.9768287142208087,0.9890958655156746,0.9686506133575647,0.9897773739209452,0.980736029077692,0.012948659700136478,0.021126760563380476,0.06383462062698797,11,6.0,False,1.3862943611198906,2.302585092994046,0.9162907318741553,Stieger2021/35,-0.2063379145606736
Stieger2021,35,ts_lr,5,6.473274853119405,0.972884525479196,0.9925198690977092,0.9913510986442264,0.9579242636746144,0.994389901823282,0.9874707807386628,0.0018700327255728455,0.036465638148667656,0.021505376344086002,11,5.0,False,1.6094379124341003,2.302585092994046,0.6931471805599456,Stieger2021/35,-0.222294168361095
Stieger2021,35,ts_lr,6,6.376378539743393,0.8553816974869607,0.9817449027975343,,0.9158368895211,0.9860123281175912,0.98316737790422,0.004267425320056861,0.07017543859649122,0.13063063063063052,11,4.0,False,1.791759469228055,2.302585092994046,0.5108256237659909,Stieger2021/35,-0.2755065035704691
Stieger2021,35,ts_lr,7,7.689335954448192,0.8240740740740741,0.9919590643274854,,0.9412768031189084,0.9875730994152048,0.9861598440545808,-0.004385964912280604,0.04629629629629639,0.1634990253411307,11,3.0,False,1.9459101490553132,2.302585092994046,0.35667494393873267,Stieger2021/35,0.4455274308764204
Stieger2021,35,ts_lr,8,6.250710297186137,0.9257575757575758,0.9876262626262626,,0.943181818181818,0.9858585858585858,0.9825252525252524,-0.0017676767676768623,0.04267676767676776,0.06010101010100999,11,2.0,False,2.0794415416798357,2.302585092994046,0.22314355131421015,Stieger2021/35,-0.34451945581953886
Stieger2021,35,ts_lr,9,7.040609052562008,0.9446778711484594,0.9796918767507002,,0.934873949579832,0.9842436974789917,0.9891456582633052,0.004551820728291411,0.0493697478991596,0.039565826330532294,11,1.0,False,2.1972245773362196,2.302585092994046,0.10536051565782634,Stieger2021/35,0.0892675056040498
Stieger2021,35,ts_lr,10,6.473392683962345,0.8705594120049001,0.9616169865251124,,0.838097182523479,0.9616169865251124,0.9616169865251124,0.0,0.12351980400163343,0.09105757452021235,11,0.0,True,2.302585092994046,2.302585092994046,0.0,Stieger2021/35,-0.22222945945634875
Stieger2021,36,csp_lda,1,10.056181379248494,0.5810536980749748,0.5810536980749748,0.6,0.5810536980749748,0.6251266464032421,0.6749746707193516,0.04407294832826736,0.04407294832826736,0.04407294832826736,11,9.0,False,0.0,2.302585092994046,2.302585092994046,Stieger2021/36,1.7453227248883605
Stieger2021,36,csp_lda,2,9.981179981721908,0.616059379217274,0.6761133603238867,0.6165991902834008,0.6767881241565452,0.52361673414305,0.5797570850202429,-0.1524966261808367,-0.15317139001349522,-0.09244264507422406,11,8.0,False,0.6931471805599453,2.302585092994046,1.6094379124341005,Stieger2021/36,1.7041343724391924
Stieger2021,36,csp_lda,3,6.142930269507937,0.56,0.6142857142857142,0.5738571428571427,0.4785714285714285,0.63,0.6285714285714286,0.01571428571428579,0.15142857142857152,0.06999999999999995,11,7.0,False,1.0986122886681098,2.302585092994046,1.2039728043259361,Stieger2021/36,-0.4037087764640931
Stieger2021,36,csp_lda,4,7.177012218581783,0.5452702702702702,0.5148648648648648,0.5699099099099099,0.6261261261261261,0.6867117117117117,0.597972972972973,0.17184684684684692,0.06058558558558569,0.14144144144144155,11,6.0,False,1.3862943611198906,2.302585092994046,0.9162907318741553,Stieger2021/36,0.16417573215027315
Stieger2021,36,csp_lda,5,6.455055475705711,0.5240259740259741,0.6255411255411255,0.5558441558441558,0.3729437229437229,0.7961038961038961,0.6781385281385282,0.17056277056277058,0.4231601731601732,0.27207792207792203,11,5.0,False,1.6094379124341003,2.302585092994046,0.6931471805599456,Stieger2021/36,-0.2322996637660792
Stieger2021,36,csp_lda,6,6.452402942971515,0.6379928315412187,0.7410394265232976,,0.7661290322580645,0.7240143369175627,0.7767025089605735,-0.0170250896057349,-0.04211469534050183,0.08602150537634401,11,4.0,False,1.791759469228055,2.302585092994046,0.5108256237659909,Stieger2021/36,-0.23375634933117523
Stieger2021,36,csp_lda,7,6.189144252737789,0.6692164179104478,0.7613805970149254,,0.5807835820895523,0.6973880597014925,0.6925746268656716,-0.0639925373134329,0.11660447761194026,0.0281716417910447,11,3.0,False,1.9459101490553132,2.302585092994046,0.35667494393873267,Stieger2021/36,-0.37832954498142174
Stieger2021,36,csp_lda,8,7.881345666518835,0.562111801242236,0.5139751552795031,,0.5186335403726708,0.5543478260869565,0.5698136645962733,0.04037267080745344,0.0357142857142857,-0.00776397515527949,11,2.0,False,2.0794415416798357,2.302585092994046,0.22314355131421015,Stieger2021/36,0.5509729819626585
Stieger2021,36,csp_lda,9,7.292410532052536,0.6813008130081301,0.8991869918699187,,0.5,0.894308943089431,0.9110569105691058,-0.004878048780487698,0.394308943089431,0.21300813008130093,11,1.0,False,2.1972245773362196,2.302585092994046,0.10536051565782634,Stieger2021/36,0.22754877004050802
Stieger2021,36,csp_lda,10,6.553576984204775,0.7242455775234131,0.8608220603537982,,0.7406347554630593,0.8608220603537982,0.8608220603537982,0.0,0.12018730489073881,0.13657648283038504,11,0.0,True,2.302585092994046,2.302585092994046,0.0,Stieger2021/36,-0.17819482372700252
Stieger2021,36,eegnet,1,10.056181379248494,0.5466058763931104,0.5466058763931104,,0.5466058763931104,0.6899696048632219,,0.14336372847011147,0.14336372847011147,0.14336372847011147,11,9.0,False,0.0,2.302585092994046,2.302585092994046,Stieger2021/36,1.7453227248883605
Stieger2021,36,eegnet,2,9.981179981721908,0.8164642375168691,0.7415654520917678,,0.4068825910931174,0.9601889338731444,,0.21862348178137658,0.553306342780027,0.14372469635627527,11,8.0,False,0.6931471805599453,2.302585092994046,1.6094379124341005,Stieger2021/36,1.7041343724391924
Stieger2021,36,eegnet,3,6.142930269507937,0.8049999999999999,0.7942857142857143,,0.47,0.9742857142857144,,0.18000000000000016,0.5042857142857144,0.16928571428571448,11,7.0,False,1.0986122886681098,2.302585092994046,1.2039728043259361,Stieger2021/36,-0.4037087764640931
Stieger2021,36,eegnet,4,7.177012218581783,0.5743243243243243,0.6452702702702702,,0.5430180180180181,0.8745495495495496,,0.22927927927927938,0.3315315315315315,0.3002252252252252,11,6.0,False,1.3862943611198906,2.302585092994046,0.9162907318741553,Stieger2021/36,0.16417573215027315
Stieger2021,36,eegnet,5,6.455055475705711,0.6772727272727272,0.8467532467532468,,0.5733766233766233,0.9471861471861472,,0.10043290043290043,0.3738095238095239,0.26991341991342,11,5.0,False,1.6094379124341003,2.302585092994046,0.6931471805599456,Stieger2021/36,-0.2322996637660792
Stieger2021,36,eegnet,6,6.452402942971515,0.7195340501792115,0.9417562724014336,,0.706989247311828,0.9525089605734768,,0.010752688172043223,0.2455197132616488,0.23297491039426532,11,4.0,False,1.791759469228055,2.302585092994046,0.5108256237659909,Stieger2021/36,-0.23375634933117523
Stieger2021,36,eegnet,7,6.189144252737789,0.7430970149253731,0.8378731343283582,,0.580223880597015,0.9791044776119404,,0.14123134328358222,0.3988805970149254,0.23600746268656736,11,3.0,False,1.9459101490553132,2.302585092994046,0.35667494393873267,Stieger2021/36,-0.37832954498142174
Stieger2021,36,eegnet,8,7.881345666518835,0.7770186335403726,0.9524844720496894,,0.8214285714285714,0.9590062111801242,,0.006521739130434745,0.1375776397515528,0.1819875776397516,11,2.0,False,2.0794415416798357,2.302585092994046,0.22314355131421015,Stieger2021/36,0.5509729819626585
Stieger2021,36,eegnet,9,7.292410532052536,0.7203252032520325,0.9422764227642276,,0.7065040650406504,0.9902439024390244,,0.047967479674796754,0.28373983739837394,0.26991869918699185,11,1.0,False,2.1972245773362196,2.302585092994046,0.10536051565782634,Stieger2021/36,0.22754877004050802
Stieger2021,36,eegnet,10,6.553576984204775,0.7851196670135275,0.9797086368366285,,0.8184183142559833,0.9797086368366285,,0.0,0.16129032258064513,0.19458896982310092,11,0.0,True,2.302585092994046,2.302585092994046,0.0,Stieger2021/36,-0.17819482372700252
Stieger2021,36,ts_lr,1,10.056181379248494,0.8120567375886525,0.8120567375886525,0.7290780141843972,0.8120567375886525,0.8617021276595745,0.7048632218844985,0.04964539007092206,0.04964539007092206,0.04964539007092206,11,9.0,False,0.0,2.302585092994046,2.302585092994046,Stieger2021/36,1.7453227248883605
Stieger2021,36,ts_lr,2,9.981179981721908,0.6754385964912281,0.7192982456140351,0.7950067476383266,0.6369770580296897,0.8812415654520919,0.7565452091767881,0.16194331983805677,0.24426450742240213,0.2058029689608638,11,8.0,False,0.6931471805599453,2.302585092994046,1.6094379124341005,Stieger2021/36,1.7041343724391924
Stieger2021,36,ts_lr,3,6.142930269507937,0.7878571428571428,0.895,0.9332857142857142,0.9157142857142856,0.977857142857143,0.925,0.08285714285714296,0.06214285714285739,0.19000000000000017,11,7.0,False,1.0986122886681098,2.302585092994046,1.2039728043259361,Stieger2021/36,-0.4037087764640931
Stieger2021,36,ts_lr,4,7.177012218581783,0.5623873873873874,0.7450450450450451,0.7966216216216216,0.6653153153153153,0.8090090090090089,0.7903603603603603,0.06396396396396375,0.14369369369369356,0.2466216216216215,11,6.0,False,1.3862943611198906,2.302585092994046,0.9162907318741553,Stieger2021/36,0.16417573215027315
Stieger2021,36,ts_lr,5,6.455055475705711,0.6571428571428571,0.9290043290043288,0.9575757575757576,0.7857142857142857,0.9564935064935064,0.9272294372294374,0.027489177489177563,0.1707792207792207,0.29935064935064926,11,5.0,False,1.6094379124341003,2.302585092994046,0.6931471805599456,Stieger2021/36,-0.2322996637660792
Stieger2021,36,ts_lr,6,6.452402942971515,0.8019713261648745,0.9829749103942652,,0.9345878136200716,0.9910394265232976,0.9666666666666666,0.008064516129032362,0.05645161290322598,0.18906810035842303,11,4.0,False,1.791759469228055,2.302585092994046,0.5108256237659909,Stieger2021/36,-0.23375634933117523
Stieger2021,36,ts_lr,7,6.189144252737789,0.6902985074626866,0.8781716417910448,,0.8539179104477612,0.9192164179104476,0.9127985074626864,0.041044776119402826,0.0652985074626864,0.228917910447761,11,3.0,False,1.9459101490553132,2.302585092994046,0.35667494393873267,Stieger2021/36,-0.37832954498142174
Stieger2021,36,ts_lr,8,7.881345666518835,0.6645962732919255,0.9596273291925466,,0.7214285714285714,0.9726708074534162,0.9637267080745342,0.013043478260869601,0.25124223602484475,0.30807453416149067,11,2.0,False,2.0794415416798357,2.302585092994046,0.22314355131421015,Stieger2021/36,0.5509729819626585
Stieger2021,36,ts_lr,9,7.292410532052536,0.8032520325203252,1.0,,0.9447154471544716,1.0,0.9990243902439028,0.0,0.055284552845528356,0.19674796747967482,11,1.0,False,2.1972245773362196,2.302585092994046,0.10536051565782634,Stieger2021/36,0.22754877004050802
Stieger2021,36,ts_lr,10,6.553576984204775,0.8407908428720083,0.9812695109261188,,0.9146722164412072,0.9812695109261188,0.9812695109261188,0.0,0.06659729448491158,0.14047866805411047,11,0.0,True,2.302585092994046,2.302585092994046,0.0,Stieger2021/36,-0.17819482372700252
Stieger2021,37,csp_lda,1,4.734826769298079,0.5994736842105263,0.5994736842105263,0.8096842105263157,0.5994736842105263,0.8803508771929824,0.769578947368421,0.28087719298245617,0.28087719298245617,0.28087719298245617,7,5.0,False,0.0,1.791759469228055,1.791759469228055,Stieger2021/37,-1.176993877331606
Stieger2021,37,csp_lda,2,4.857888091817151,0.7355263157894737,0.93859649122807,0.9582894736842104,0.9442982456140352,0.981578947368421,0.909780701754386,0.04298245614035101,0.0372807017543858,0.2460526315789473,7,4.0,False,0.6931471805599453,1.791759469228055,1.0986122886681096,Stieger2021/37,-1.1094125616237283
Stieger2021,37,csp_lda,3,5.679071344225305,0.7482282069454287,0.958008504606662,0.9585400425230336,0.9231041814316088,0.9425939050318924,0.8284904323175054,-0.015414599574769539,0.01948972360028367,0.19436569808646376,7,3.0,False,1.0986122886681098,1.791759469228055,0.6931471805599452,Stieger2021/37,-0.6584451618022574
Stieger2021,37,csp_lda,4,5.384851440690035,0.6662020905923345,0.9677700348432056,,0.9257839721254356,0.9254355400696864,0.9256097560975608,-0.04233449477351914,-0.00034843205574919267,0.25923344947735194,7,2.0,False,1.3862943611198906,1.791759469228055,0.4054651081081644,Stieger2021/37,-0.8200212588353186
Stieger2021,37,csp_lda,5,5.549550779686457,0.6983766233766234,0.8847402597402597,,0.9563311688311688,0.936038961038961,0.9366883116883118,0.05129870129870129,-0.02029220779220775,0.23766233766233757,7,1.0,False,1.6094379124341003,1.791759469228055,0.18232155679395468,Stieger2021/37,-0.7295736852374406
Stieger2021,37,csp_lda,6,5.7848021926023385,0.8528270042194093,0.9431223628691984,,0.9416033755274262,0.9431223628691984,0.9431223628691984,0.0,0.0015189873417721378,0.0902953586497891,7,0.0,True,1.791759469228055,1.791759469228055,0.0,Stieger2021/37,-0.6003811844455808
Stieger2021,37,eegnet,1,4.734826769298079,0.6628070175438597,0.6628070175438597,,0.6628070175438597,0.919122807017544,,0.2563157894736843,0.2563157894736843,0.2563157894736843,7,5.0,False,0.0,1.791759469228055,1.791759469228055,Stieger2021/37,-1.176993877331606
Stieger2021,37,eegnet,2,4.857888091817151,0.762280701754386,0.974561403508772,,0.8622807017543861,0.9888157894736842,,0.014254385964912242,0.1265350877192981,0.2265350877192982,7,4.0,False,0.6931471805599453,1.791759469228055,1.0986122886681096,Stieger2021/37,-1.1094125616237283
Stieger2021,37,eegnet,3,5.679071344225305,0.7973068745570518,0.9764351523742028,,0.9709425939050318,0.9948618001417436,,0.018426647767540882,0.023919206236711843,0.1975549255846918,7,3.0,False,1.0986122886681098,1.791759469228055,0.6931471805599452,Stieger2021/37,-0.6584451618022574
Stieger2021,37,eegnet,4,5.384851440690035,0.7435540069686412,0.996341463414634,,0.9310104529616724,0.9965156794425089,,0.00017421602787481838,0.06550522648083645,0.2529616724738677,7,2.0,False,1.3862943611198906,1.791759469228055,0.4054651081081644,Stieger2021/37,-0.8200212588353186
Stieger2021,37,eegnet,5,5.549550779686457,0.8326298701298701,0.9866883116883116,,0.8654220779220779,0.997564935064935,,0.010876623376623429,0.13214285714285712,0.16493506493506493,7,1.0,False,1.6094379124341003,1.791759469228055,0.18232155679395468,Stieger2021/37,-0.7295736852374406
Stieger2021,37,eegnet,6,5.7848021926023385,0.7726582278481012,0.9816033755274262,,0.940759493670886,0.9816033755274262,,0.0,0.0408438818565402,0.20894514767932493,7,0.0,True,1.791759469228055,1.791759469228055,0.0,Stieger2021/37,-0.6003811844455808
Stieger2021,37,ts_lr,1,4.734826769298079,0.83,0.83,0.9115087719298244,0.83,0.9296491228070176,0.9031228070175438,0.09964912280701765,0.09964912280701765,0.09964912280701765,7,5.0,False,0.0,1.791759469228055,1.791759469228055,Stieger2021/37,-1.176993877331606
Stieger2021,37,ts_lr,2,4.857888091817151,0.9070175438596492,0.9875,0.9919298245614036,0.9824561403508772,0.9953947368421052,0.9907017543859648,0.007894736842105177,0.012938596491227972,0.08837719298245605,7,4.0,False,0.6931471805599453,1.791759469228055,1.0986122886681096,Stieger2021/37,-1.1094125616237283
Stieger2021,37,ts_lr,3,5.679071344225305,0.9114103472714388,0.9560595322466336,0.9759036144578314,0.9619064493267186,0.9774982282069457,0.9675761871013464,0.021438695960312004,0.015591778880227003,0.06608788093550688,7,3.0,False,1.0986122886681098,1.791759469228055,0.6931471805599452,Stieger2021/37,-0.6584451618022574
Stieger2021,37,ts_lr,4,5.384851440690035,0.93397212543554,0.9926829268292684,,0.9545296167247388,0.989198606271777,0.9873170731707316,-0.0034843205574913716,0.03466898954703823,0.055226480836237046,7,2.0,False,1.3862943611198906,1.791759469228055,0.4054651081081644,Stieger2021/37,-0.8200212588353186
Stieger2021,37,ts_lr,5,5.549550779686457,0.9237012987012988,0.9831168831168832,,0.9587662337662338,0.9813311688311688,0.9814285714285716,-0.0017857142857143904,0.022564935064934954,0.057629870129869976,7,1.0,False,1.6094379124341003,1.791759469228055,0.18232155679395468,Stieger2021/37,-0.7295736852374406
Stieger2021,37,ts_lr,6,5.7848021926023385,0.9036286919831223,0.97957805907173,,0.9667510548523208,0.97957805907173,0.97957805907173,0.0,0.012827004219409188,0.07594936708860767,7,0.0,True,1.791759469228055,1.791759469228055,0.0,Stieger2021/37,-0.6003811844455808
Stieger2021,38,csp_lda,1,7.242963816172974,0.6413828689370484,0.6413828689370484,0.7875128998968008,0.6413828689370484,0.9313725490196078,0.7908152734778122,0.2899896800825593,0.2899896800825593,0.2899896800825593,11,9.0,False,0.0,2.302585092994046,2.302585092994046,Stieger2021/38,0.20039422588179
Stieger2021,38,csp_lda,2,8.09442008551828,0.8710178710178709,0.7486402486402486,0.7676379176379176,0.6004273504273504,0.956099456099456,0.8967754467754467,0.20745920745920743,0.3556721056721056,0.08508158508158514,11,8.0,False,0.6931471805599453,2.302585092994046,1.6094379124341005,Stieger2021/38,0.6679865918029269
Stieger2021,38,csp_lda,3,7.3011639014263245,0.578076923076923,0.9830769230769232,0.9506153846153846,0.8630769230769231,0.9769230769230768,0.9535384615384614,-0.0061538461538463984,0.11384615384615371,0.39884615384615374,11,7.0,False,1.0986122886681098,2.302585092994046,1.2039728043259361,Stieger2021/38,0.2323558386388974
Stieger2021,38,csp_lda,4,6.139445558126471,0.9479525449674704,0.9324531190202832,0.936739380022962,0.906620742441638,0.9617298124760812,0.9265977803291237,0.029276693455798086,0.05510907003444321,0.013777267508610858,11,6.0,False,1.3862943611198906,2.302585092994046,0.9162907318741553,Stieger2021/38,-0.4056224677458131
Stieger2021,38,csp_lda,5,8.058549566190647,0.8723214285714286,0.956845238095238,0.9517857142857142,0.9300595238095238,0.955059523809524,0.9482738095238096,-0.0017857142857140573,0.025000000000000133,0.08273809523809539,11,5.0,False,1.6094379124341003,2.302585092994046,0.6931471805599456,Stieger2021/38,0.6482876576320336
Stieger2021,38,csp_lda,6,7.054072162629048,0.594706798131811,0.9854696419304618,,0.6263622210690192,0.9839128178515828,0.9773741567202906,-0.0015568240788790266,0.3575505967825636,0.38920601971977176,11,4.0,False,1.791759469228055,2.302585092994046,0.5108256237659909,Stieger2021/38,0.09666101213579952
Stieger2021,38,csp_lda,7,4.66039527899024,0.8969387755102041,0.9979591836734696,,0.973469387755102,0.9969387755102042,0.9934013605442178,-0.0010204081632654294,0.02346938775510221,0.10000000000000009,11,3.0,False,1.9459101490553132,2.302585092994046,0.35667494393873267,Stieger2021/38,-1.217869255087459
Stieger2021,38,csp_lda,8,5.113980985504289,0.9585561497326204,0.9590909090909092,,0.8676470588235293,0.9665775401069518,0.956844919786096,0.007486631016042633,0.09893048128342252,0.008021390374331472,11,2.0,False,2.0794415416798357,2.302585092994046,0.22314355131421015,Stieger2021/38,-0.9687745906955988
Stieger2021,38,csp_lda,9,4.74133453409394,0.7476851851851851,0.9778439153439152,,0.951388888888889,0.9771825396825398,0.9813492063492064,-0.000661375661375474,0.025793650793650813,0.22949735449735464,11,1.0,False,2.1972245773362196,2.302585092994046,0.10536051565782634,Stieger2021/38,-1.1734200224581262
Stieger2021,38,csp_lda,10,8.89655446499421,0.8987688098495212,0.9613543091655268,,0.8926128590971273,0.9613543091655268,0.9613543091655268,0.0,0.06874145006839949,0.06258549931600554,11,0.0,True,2.302585092994046,2.302585092994046,0.0,Stieger2021/38,1.1084929639906966
Stieger2021,38,eegnet,1,7.242963816172974,0.7156862745098038,0.7156862745098038,,0.7156862745098038,0.9605263157894736,,0.24484004127966974,0.24484004127966974,0.24484004127966974,11,9.0,False,0.0,2.302585092994046,2.302585092994046,Stieger2021/38,0.20039422588179
Stieger2021,38,eegnet,2,8.09442008551828,0.783993783993784,0.8045843045843046,,0.4691142191142191,0.9327894327894328,,0.1282051282051282,0.46367521367521375,0.14879564879564877,11,8.0,False,0.6931471805599453,2.302585092994046,1.6094379124341005,Stieger2021/38,0.6679865918029269
Stieger2021,38,eegnet,3,7.3011639014263245,0.8657692307692307,0.9284615384615384,,0.941923076923077,0.978846153846154,,0.05038461538461558,0.03692307692307706,0.1130769230769233,11,7.0,False,1.0986122886681098,2.302585092994046,1.2039728043259361,Stieger2021/38,0.2323558386388974
Stieger2021,38,eegnet,4,6.139445558126471,0.8901645618063528,0.9626865671641792,,0.9734022196708764,0.9892843474933029,,0.026597780329123633,0.015882127822426484,0.09911978568695001,11,6.0,False,1.3862943611198906,2.302585092994046,0.9162907318741553,Stieger2021/38,-0.4056224677458131
Stieger2021,38,eegnet,5,8.058549566190647,0.8184523809523809,0.9636904761904762,,0.9077380952380952,0.975,,0.01130952380952377,0.06726190476190474,0.15654761904761905,11,5.0,False,1.6094379124341003,2.302585092994046,0.6931471805599456,Stieger2021/38,0.6482876576320336
Stieger2021,38,eegnet,6,7.054072162629048,0.7924234561494551,0.9911779968863518,,0.7913855734302023,0.9958484691229892,,0.004670472236637413,0.20446289569278686,0.2034250129735341,11,4.0,False,1.791759469228055,2.302585092994046,0.5108256237659909,Stieger2021/38,0.09666101213579952
Stieger2021,38,eegnet,7,4.66039527899024,0.6666666666666666,0.9996598639455784,,0.432312925170068,0.996938775510204,,-0.0027210884353743303,0.564625850340136,0.3302721088435374,11,3.0,False,1.9459101490553132,2.302585092994046,0.35667494393873267,Stieger2021/38,-1.217869255087459
Stieger2021,38,eegnet,8,5.113980985504289,0.9016042780748664,0.9850267379679144,,0.9088235294117646,0.9788770053475936,,-0.006149732620320814,0.070053475935829,0.07727272727272716,11,2.0,False,2.0794415416798357,2.302585092994046,0.22314355131421015,Stieger2021/38,-0.9687745906955988
Stieger2021,38,eegnet,9,4.74133453409394,0.8098544973544974,0.9718915343915344,,0.9126984126984128,0.9781746031746033,,0.006283068783068835,0.06547619047619047,0.16832010582010581,11,1.0,False,2.1972245773362196,2.302585092994046,0.10536051565782634,Stieger2021/38,-1.1734200224581262
Stieger2021,38,eegnet,10,8.89655446499421,0.8122435020519837,0.9928180574555404,,0.9764021887824896,0.9928180574555404,,0.0,0.016415868673050782,0.1805745554035567,11,0.0,True,2.302585092994046,2.302585092994046,0.0,Stieger2021/38,1.1084929639906966
Stieger2021,38,ts_lr,1,7.242963816172974,0.8753869969040248,0.8753869969040248,0.8959752321981422,0.8753869969040248,0.959236326109391,0.906811145510836,0.08384932920536625,0.08384932920536625,0.08384932920536625,11,9.0,False,0.0,2.302585092994046,2.302585092994046,Stieger2021/38,0.20039422588179
Stieger2021,38,ts_lr,2,8.09442008551828,0.9345376845376844,0.9504662004662006,0.9438616938616938,0.918997668997669,0.9570707070707072,0.9356643356643356,0.006604506604506621,0.03807303807303819,0.022533022533022806,11,8.0,False,0.6931471805599453,2.302585092994046,1.6094379124341005,Stieger2021/38,0.6679865918029269
Stieger2021,38,ts_lr,3,7.3011639014263245,0.9515384615384616,0.976153846153846,0.9705384615384616,0.9442307692307692,0.9742307692307692,0.9753076923076924,-0.0019230769230768052,0.030000000000000027,0.02269230769230768,11,7.0,False,1.0986122886681098,2.302585092994046,1.2039728043259361,Stieger2021/38,0.2323558386388974
Stieger2021,38,ts_lr,4,6.139445558126471,0.91982395713739,0.9638346727898968,0.9804439341752774,0.9732108687332568,0.9781859931113662,0.9727516264829698,0.014351320321469463,0.00497512437810943,0.05836203597397627,11,6.0,False,1.3862943611198906,2.302585092994046,0.9162907318741553,Stieger2021/38,-0.4056224677458131
Stieger2021,38,ts_lr,5,8.058549566190647,0.9208333333333334,0.9889880952380952,0.9952380952380953,0.9446428571428572,0.9949404761904762,0.9911904761904762,0.005952380952381042,0.05029761904761898,0.07410714285714282,11,5.0,False,1.6094379124341003,2.302585092994046,0.6931471805599456,Stieger2021/38,0.6482876576320336
Stieger2021,38,ts_lr,6,7.054072162629048,0.9335755059678256,0.9891022314478464,,0.9839128178515828,0.9891022314478464,0.9902439024390244,0.0,0.00518941359626357,0.0555267254800208,11,4.0,False,1.791759469228055,2.302585092994046,0.5108256237659909,Stieger2021/38,0.09666101213579952
Stieger2021,38,ts_lr,7,4.66039527899024,0.9680272108843536,0.998639455782313,,0.9768707482993196,0.9993197278911564,0.999251700680272,0.0006802721088434716,0.022448979591836782,0.0312925170068028,11,3.0,False,1.9459101490553132,2.302585092994046,0.35667494393873267,Stieger2021/38,-1.217869255087459
Stieger2021,38,ts_lr,8,5.113980985504289,0.9368983957219252,0.9898395721925132,,0.9122994652406418,0.9933155080213903,0.988770053475936,0.0034759358288771747,0.08101604278074859,0.05641711229946511,11,2.0,False,2.0794415416798357,2.302585092994046,0.22314355131421015,Stieger2021/38,-0.9687745906955988
Stieger2021,38,ts_lr,9,4.74133453409394,0.8816137566137565,0.9923941798941798,,0.9751984126984128,0.9930555555555556,0.9927910052910054,0.0006613756613758071,0.017857142857142794,0.11144179894179906,11,1.0,False,2.1972245773362196,2.302585092994046,0.10536051565782634,Stieger2021/38,-1.1734200224581262
Stieger2021,38,ts_lr,10,8.89655446499421,0.9251025991792066,0.9976060191518468,,0.966142270861833,0.9976060191518468,0.9976060191518468,0.0,0.03146374829001375,0.0725034199726402,11,0.0,True,2.302585092994046,2.302585092994046,0.0,Stieger2021/38,1.1084929639906966
Stieger2021,39,csp_lda,1,8.169040832267097,0.623342175066313,0.623342175066313,0.6190981432360741,0.623342175066313,0.8231653404067197,0.6192749778956675,0.19982316534040678,0.19982316534040678,0.19982316534040678,7,5.0,False,0.0,1.791759469228055,1.791759469228055,Stieger2021/39,0.7089659031020381
Stieger2021,39,csp_lda,2,8.6460791904632,0.8076923076923077,0.7692307692307693,0.6166666666666666,0.8076923076923076,0.9102564102564104,0.75,0.14102564102564108,0.10256410256410275,0.10256410256410264,7,4.0,False,0.6931471805599453,1.791759469228055,1.0986122886681096,Stieger2021/39,0.9709400086137201
Stieger2021,39,csp_lda,3,8.762332164749173,0.7390804597701149,0.6942528735632184,0.5988505747126437,0.6988505747126438,0.7965517241379311,0.5763218390804598,0.10229885057471266,0.09770114942528729,0.05747126436781613,7,3.0,False,1.0986122886681098,1.791759469228055,0.6931471805599452,Stieger2021/39,1.0347823987032838
Stieger2021,39,csp_lda,4,7.606195791871661,0.6166666666666667,0.9,,0.7694444444444444,0.8138888888888889,0.7316666666666667,-0.08611111111111114,0.04444444444444451,0.1972222222222222,7,2.0,False,1.3862943611198906,1.791759469228055,0.4054651081081644,Stieger2021/39,0.39986953073303416
Stieger2021,39,csp_lda,5,6.986268262744318,0.6445714285714286,0.744,,0.6868571428571428,0.816,0.7049142857142858,0.07199999999999995,0.12914285714285711,0.17142857142857137,7,1.0,False,1.6094379124341003,1.791759469228055,0.18232155679395468,Stieger2021/39,0.05942529362948238
Stieger2021,39,csp_lda,6,8.693505374457704,0.6239316239316239,0.735042735042735,,0.5982905982905984,0.735042735042735,0.735042735042735,0.0,0.1367521367521366,0.11111111111111105,7,0.0,True,1.791759469228055,1.791759469228055,0.0,Stieger2021/39,0.9969849417230306
Stieger2021,39,eegnet,1,8.169040832267097,0.610079575596817,0.610079575596817,,0.610079575596817,0.9416445623342174,,0.3315649867374004,0.3315649867374004,0.3315649867374004,7,5.0,False,0.0,1.791759469228055,1.791759469228055,Stieger2021/39,0.7089659031020381
Stieger2021,39,eegnet,2,8.6460791904632,0.935897435897436,0.8525641025641026,,0.8397435897435898,0.9615384615384616,,0.10897435897435892,0.1217948717948718,0.02564102564102555,7,4.0,False,0.6931471805599453,1.791759469228055,1.0986122886681096,Stieger2021/39,0.9709400086137201
Stieger2021,39,eegnet,3,8.762332164749173,0.5367816091954023,0.8425287356321838,,0.7390804597701149,0.8701149425287356,,0.02758620689655178,0.13103448275862062,0.33333333333333326,7,3.0,False,1.0986122886681098,1.791759469228055,0.6931471805599452,Stieger2021/39,1.0347823987032838
Stieger2021,39,eegnet,4,7.606195791871661,0.6305555555555555,1.0,,0.5638888888888889,1.0,,0.0,0.4361111111111111,0.36944444444444446,7,2.0,False,1.3862943611198906,1.791759469228055,0.4054651081081644,Stieger2021/39,0.39986953073303416
Stieger2021,39,eegnet,5,6.986268262744318,0.4148571428571428,0.8148571428571428,,0.6468571428571428,0.8411428571428572,,0.026285714285714357,0.1942857142857144,0.4262857142857144,7,1.0,False,1.6094379124341003,1.791759469228055,0.18232155679395468,Stieger2021/39,0.05942529362948238
Stieger2021,39,eegnet,6,8.693505374457704,0.5384615384615384,0.7991452991452992,,0.6282051282051282,0.7991452991452992,,0.0,0.170940170940171,0.26068376068376076,7,0.0,True,1.791759469228055,1.791759469228055,0.0,Stieger2021/39,0.9969849417230306
Stieger2021,39,ts_lr,1,8.169040832267097,0.8488063660477454,0.8488063660477454,0.7165340406719716,0.8488063660477454,0.8983200707338639,0.7550839964633068,0.04951370468611849,0.04951370468611849,0.04951370468611849,7,5.0,False,0.0,1.791759469228055,1.791759469228055,Stieger2021/39,0.7089659031020381
Stieger2021,39,ts_lr,2,8.6460791904632,0.9807692307692308,0.8717948717948718,0.9205128205128204,0.7884615384615384,0.9679487179487178,0.917948717948718,0.09615384615384603,0.1794871794871794,-0.012820512820512997,7,4.0,False,0.6931471805599453,1.791759469228055,1.0986122886681096,Stieger2021/39,0.9709400086137201
Stieger2021,39,ts_lr,3,8.762332164749173,0.7793103448275862,0.835632183908046,0.8666666666666666,0.6183908045977011,0.8632183908045976,0.8358620689655172,0.027586206896551668,0.24482758620689649,0.0839080459770114,7,3.0,False,1.0986122886681098,1.791759469228055,0.6931471805599452,Stieger2021/39,1.0347823987032838
Stieger2021,39,ts_lr,4,7.606195791871661,0.6916666666666667,0.9138888888888888,,0.9694444444444446,0.9277777777777776,0.9344444444444444,0.01388888888888884,-0.04166666666666696,0.23611111111111094,7,2.0,False,1.3862943611198906,1.791759469228055,0.4054651081081644,Stieger2021/39,0.39986953073303416
Stieger2021,39,ts_lr,5,6.986268262744318,0.6788571428571428,0.8102857142857143,,0.5451428571428572,0.8011428571428572,0.8064,-0.00914285714285712,0.256,0.12228571428571433,7,1.0,False,1.6094379124341003,1.791759469228055,0.18232155679395468,Stieger2021/39,0.05942529362948238
Stieger2021,39,ts_lr,6,8.693505374457704,0.6566951566951568,0.8333333333333334,,0.6937321937321937,0.8333333333333334,0.8333333333333334,0.0,0.13960113960113962,0.1766381766381766,7,0.0,True,1.791759469228055,1.791759469228055,0.0,Stieger2021/39,0.9969849417230306
Stieger2021,40,csp_lda,1,6.8109496653064445,0.500400641025641,0.500400641025641,0.4918269230769231,0.500400641025641,0.6410256410256411,0.5536057692307692,0.1406250000000001,0.1406250000000001,0.1406250000000001,7,5.0,False,0.0,1.791759469228055,1.791759469228055,Stieger2021/40,-0.03685403476043485
Stieger2021,40,csp_lda,2,6.730485960049574,0.4548951048951049,0.4961538461538461,0.7328671328671328,0.7762237762237763,0.8965034965034965,0.7079720279720279,0.40034965034965037,0.12027972027972023,0.4416083916083916,7,4.0,False,0.6931471805599453,1.791759469228055,1.0986122886681096,Stieger2021/40,-0.08104211072676819
Stieger2021,40,csp_lda,3,6.258160647549933,0.4833659491193737,0.6249777619640634,0.7094822985233944,0.4935064935064935,0.6797722825120085,0.5789717132182886,0.05479452054794509,0.186265789005515,0.1964063333926348,7,3.0,False,1.0986122886681098,1.791759469228055,0.6931471805599452,Stieger2021/40,-0.3404279633037488
Stieger2021,40,csp_lda,4,6.5046205842273075,0.473556441824172,0.7329634125195076,,0.6344719958383909,0.692561123634472,0.8113750650251431,-0.04040228888503561,0.05808912779608111,0.21900468181029997,7,2.0,False,1.3862943611198906,1.791759469228055,0.4054651081081644,Stieger2021/40,-0.20508010218064193
Stieger2021,40,csp_lda,5,4.839946284037303,0.5152519893899206,0.6385941644562335,,0.5736074270557029,0.6810344827586207,0.672082228116711,0.04244031830238715,0.10742705570291777,0.1657824933687001,7,1.0,False,1.6094379124341003,1.791759469228055,0.18232155679395468,Stieger2021/40,-1.1192656247236479
Stieger2021,40,csp_lda,6,6.1252255876320545,0.4938271604938272,0.5630377852600075,,0.796670407781519,0.5630377852600075,0.5630377852600075,0.0,-0.2336326225215115,0.06921062476618028,7,0.0,True,1.791759469228055,1.791759469228055,0.0,Stieger2021/40,-0.4134316176530954
Stieger2021,40,eegnet,1,6.8109496653064445,0.7087339743589743,0.7087339743589743,,0.7087339743589743,0.8790064102564102,,0.1702724358974359,0.1702724358974359,0.1702724358974359,7,5.0,False,0.0,1.791759469228055,1.791759469228055,Stieger2021/40,-0.03685403476043485
Stieger2021,40,eegnet,2,6.730485960049574,0.8559440559440559,0.91993006993007,,0.7954545454545454,0.96993006993007,,0.050000000000000044,0.1744755244755246,0.11398601398601416,7,4.0,False,0.6931471805599453,1.791759469228055,1.0986122886681096,Stieger2021/40,-0.08104211072676819
Stieger2021,40,eegnet,3,6.258160647549933,0.7461305817470201,0.8503824942181106,,0.8473581213307241,0.8809820316669631,,0.030599537448852465,0.033623910336239016,0.13485144991994302,7,3.0,False,1.0986122886681098,1.791759469228055,0.6931471805599452,Stieger2021/40,-0.3404279633037488
Stieger2021,40,eegnet,4,6.5046205842273075,0.8791399341078551,0.9627189179816196,,0.9446852783076124,0.9672273279001212,,0.004508409918501655,0.022542049592508828,0.08808739379226616,7,2.0,False,1.3862943611198906,1.791759469228055,0.4054651081081644,Stieger2021/40,-0.20508010218064193
Stieger2021,40,eegnet,5,4.839946284037303,0.8309018567639257,0.9804376657824934,,0.9456233421750664,0.9754641909814324,,-0.0049734748010609175,0.02984084880636606,0.14456233421750675,7,1.0,False,1.6094379124341003,1.791759469228055,0.18232155679395468,Stieger2021/40,-1.1192656247236479
Stieger2021,40,eegnet,6,6.1252255876320545,0.7955480733258511,0.9423868312757202,,0.9087167976056866,0.9423868312757202,,0.0,0.03367003367003363,0.14683875794986911,7,0.0,True,1.791759469228055,1.791759469228055,0.0,Stieger2021/40,-0.4134316176530954
Stieger2021,40,ts_lr,1,6.8109496653064445,0.6822916666666667,0.6822916666666667,0.7371794871794872,0.6822916666666667,0.7728365384615384,0.7292467948717951,0.0905448717948717,0.0905448717948717,0.0905448717948717,7,5.0,False,0.0,1.791759469228055,1.791759469228055,Stieger2021/40,-0.03685403476043485
Stieger2021,40,ts_lr,2,6.730485960049574,0.8472027972027972,0.8923076923076922,0.9115384615384616,0.8444055944055945,0.9283216783216784,0.916993006993007,0.0360139860139862,0.08391608391608396,0.08111888111888121,7,4.0,False,0.6931471805599453,1.791759469228055,1.0986122886681096,Stieger2021/40,-0.08104211072676819
Stieger2021,40,ts_lr,3,6.258160647549933,0.826187511119018,0.8678171143924569,0.8546521971179505,0.7962995908201388,0.849492972780644,0.8461483721757694,-0.01832414161181295,0.05319338196050516,0.023305461661625948,7,3.0,False,1.0986122886681098,1.791759469228055,0.6931471805599452,Stieger2021/40,-0.3404279633037488
Stieger2021,40,ts_lr,4,6.5046205842273075,0.8734177215189873,0.9193688226114098,,0.8966533726374197,0.9502340905149992,0.9416681116698457,0.030865267903589344,0.053580717877579453,0.07681636899601185,7,2.0,False,1.3862943611198906,1.791759469228055,0.4054651081081644,Stieger2021/40,-0.20508010218064193
Stieger2021,40,ts_lr,5,4.839946284037303,0.9287135278514588,0.9714854111405836,,0.8985411140583555,0.9827586206896552,0.9784482758620692,0.011273209549071628,0.08421750663129979,0.054045092838196473,7,1.0,False,1.6094379124341003,1.791759469228055,0.18232155679395468,Stieger2021/40,-1.1192656247236479
Stieger2021,40,ts_lr,6,6.1252255876320545,0.8353909465020576,0.9238683127572016,,0.81986531986532,0.9238683127572016,0.9238683127572016,0.0,0.10400299289188164,0.08847736625514402,7,0.0,True,1.791759469228055,1.791759469228055,0.0,Stieger2021/40,-0.4134316176530954
Stieger2021,41,csp_lda,1,8.061080821520592,0.6945238095238095,0.6945238095238095,0.6165714285714287,0.6945238095238095,0.5569047619047618,0.6348095238095238,-0.13761904761904775,-0.13761904761904775,-0.13761904761904775,11,9.0,False,0.0,2.302585092994046,2.302585092994046,Stieger2021/41,0.6496777415518918
Stieger2021,41,csp_lda,2,7.296140443056762,0.6539306104523496,0.5834431269213878,0.6613965744400526,0.497364953886693,0.5963987703118138,0.5920070267896355,0.012955643390425986,0.09903381642512077,-0.057531840140535806,11,8.0,False,0.6931471805599453,2.302585092994046,1.6094379124341005,Stieger2021/41,0.22959711705953065
Stieger2021,41,csp_lda,3,7.69281592633682,0.5088757396449703,0.617233727810651,0.6589497041420118,0.467085798816568,0.6782544378698224,0.6286982248520709,0.061020710059171424,0.21116863905325445,0.16937869822485208,11,7.0,False,1.0986122886681098,2.302585092994046,1.2039728043259361,Stieger2021/41,0.44743851938128715
Stieger2021,41,csp_lda,4,7.1233380878790395,0.781371668164121,0.6415094339622641,0.6061695118298891,0.709194369571728,0.7058999700509134,0.6504342617550165,0.06439053608864931,-0.0032943995208145616,-0.07547169811320753,11,6.0,False,1.3862943611198906,2.302585092994046,0.9162907318741553,Stieger2021/41,0.134699627894967
Stieger2021,41,csp_lda,5,7.147096348458235,0.6607561929595828,0.5037809647979139,0.6099087353324641,0.6704041720990873,0.6537157757496741,0.5686571056062582,0.1499348109517602,-0.016688396349413215,-0.007040417209908667,11,5.0,False,1.6094379124341003,2.302585092994046,0.6931471805599456,Stieger2021/41,0.1477468995803806
Stieger2021,41,csp_lda,6,7.178968806585052,0.7061287477954145,0.6238977072310404,,0.6355820105820105,0.5586419753086419,0.5485449735449736,-0.06525573192239853,-0.07694003527336857,-0.14748677248677255,11,4.0,False,1.791759469228055,2.302585092994046,0.5108256237659909,Stieger2021/41,0.16525022727881916
Stieger2021,41,csp_lda,7,8.966410807958903,0.7411016949152542,0.5063559322033899,,0.6016949152542372,0.6495762711864408,0.700084745762712,0.14322033898305087,0.04788135593220355,-0.09152542372881345,11,3.0,False,1.9459101490553132,2.302585092994046,0.35667494393873267,Stieger2021/41,1.1468558181471113
Stieger2021,41,csp_lda,8,8.053808602208862,0.8300751879699249,0.5611528822055137,,0.793483709273183,0.837092731829574,0.8333834586466166,0.27593984962406026,0.043609022556390986,0.007017543859649145,11,2.0,False,2.0794415416798357,2.302585092994046,0.22314355131421015,Stieger2021/41,0.6456840728740115
Stieger2021,41,csp_lda,9,6.972416938568612,0.5915178571428571,0.7336309523809524,,0.6961805555555556,0.7596726190476191,0.7226190476190476,0.02604166666666663,0.06349206349206349,0.16815476190476197,11,1.0,False,2.1972245773362196,2.302585092994046,0.10536051565782634,Stieger2021/41,0.0518185924098896
Stieger2021,41,csp_lda,10,7.351842095498142,0.7952488687782805,0.8699095022624433,,0.75,0.8699095022624433,0.8699095022624433,0.0,0.11990950226244335,0.07466063348416285,11,0.0,True,2.302585092994046,2.302585092994046,0.0,Stieger2021/41,0.2601866709667543
Stieger2021,41,eegnet,1,8.061080821520592,0.7102380952380952,0.7102380952380952,,0.7102380952380952,0.7226190476190476,,0.012380952380952381,0.012380952380952381,0.012380952380952381,11,9.0,False,0.0,2.302585092994046,2.302585092994046,Stieger2021/41,0.6496777415518918
Stieger2021,41,eegnet,2,7.296140443056762,0.6310935441370225,0.5849802371541502,,0.5625823451910407,0.8625384277558191,,0.277558190601669,0.29995608256477846,0.23144488361879667,11,8.0,False,0.6931471805599453,2.302585092994046,1.6094379124341005,Stieger2021/41,0.22959711705953065
Stieger2021,41,eegnet,3,7.69281592633682,0.5288461538461539,0.5244082840236687,,0.4826183431952663,0.6834319526627219,,0.15902366863905326,0.20081360946745563,0.1545857988165681,11,7.0,False,1.0986122886681098,2.302585092994046,1.2039728043259361,Stieger2021/41,0.44743851938128715
Stieger2021,41,eegnet,4,7.1233380878790395,0.5327942497753818,0.6469002695417789,,0.5867026055705301,0.8523510032943994,,0.20545073375262046,0.2656483977238693,0.3195567535190176,11,6.0,False,1.3862943611198906,2.302585092994046,0.9162907318741553,Stieger2021/41,0.134699627894967
Stieger2021,41,eegnet,5,7.147096348458235,0.5754889178617992,0.6803129074315515,,0.603129074315515,0.8544980443285529,,0.17418513689700144,0.25136897001303793,0.2790091264667537,11,5.0,False,1.6094379124341003,2.302585092994046,0.6931471805599456,Stieger2021/41,0.1477468995803806
Stieger2021,41,eegnet,6,7.178968806585052,0.7202380952380952,0.8161375661375662,,0.5793650793650793,0.7954144620811286,,-0.020723104056437514,0.21604938271604934,0.07517636684303342,11,4.0,False,1.791759469228055,2.302585092994046,0.5108256237659909,Stieger2021/41,0.16525022727881916
Stieger2021,41,eegnet,7,8.966410807958903,0.5881355932203389,0.8610169491525423,,0.5228813559322034,0.860593220338983,,-0.0004237288135593431,0.3377118644067796,0.2724576271186441,11,3.0,False,1.9459101490553132,2.302585092994046,0.35667494393873267,Stieger2021/41,1.1468558181471113
Stieger2021,41,eegnet,8,8.053808602208862,0.743859649122807,0.8879699248120301,,0.8922305764411028,0.9453634085213032,,0.05739348370927311,0.053132832080200365,0.20150375939849619,11,2.0,False,2.0794415416798357,2.302585092994046,0.22314355131421015,Stieger2021/41,0.6456840728740115
Stieger2021,41,eegnet,9,6.972416938568612,0.7400793650793651,0.8851686507936508,,0.7956349206349206,0.8849206349206349,,-0.00024801587301592765,0.0892857142857143,0.14484126984126977,11,1.0,False,2.1972245773362196,2.302585092994046,0.10536051565782634,Stieger2021/41,0.0518185924098896
Stieger2021,41,eegnet,10,7.351842095498142,0.665158371040724,0.9581447963800904,,0.8789592760180995,0.9581447963800904,,0.0,0.07918552036199089,0.2929864253393665,11,0.0,True,2.302585092994046,2.302585092994046,0.0,Stieger2021/41,0.2601866709667543
Stieger2021,41,ts_lr,1,8.061080821520592,0.713095238095238,0.713095238095238,0.6944285714285715,0.713095238095238,0.7595238095238095,0.6908571428571428,0.046428571428571486,0.046428571428571486,0.046428571428571486,11,9.0,False,0.0,2.302585092994046,2.302585092994046,Stieger2021/41,0.6496777415518918
Stieger2021,41,ts_lr,2,7.296140443056762,0.7064119455423803,0.7613087395696091,0.7422485726833553,0.6710584101888449,0.8216952129995608,0.7402283706631533,0.06038647342995174,0.1506368028107159,0.11528326745718054,11,8.0,False,0.6931471805599453,2.302585092994046,1.6094379124341005,Stieger2021/41,0.22959711705953065
Stieger2021,41,ts_lr,3,7.69281592633682,0.6013313609467456,0.7322485207100591,0.7481508875739645,0.6886094674556212,0.7551775147928994,0.742973372781065,0.022928994082840326,0.06656804733727817,0.15384615384615385,11,7.0,False,1.0986122886681098,2.302585092994046,1.2039728043259361,Stieger2021/41,0.44743851938128715
Stieger2021,41,ts_lr,4,7.1233380878790395,0.7020065887990417,0.8589398023360287,0.8812818209044624,0.7496256364180892,0.9140461215932912,0.8545073375262054,0.055106319257262504,0.16442048517520202,0.21203953279424959,11,6.0,False,1.3862943611198906,2.302585092994046,0.9162907318741553,Stieger2021/41,0.134699627894967
Stieger2021,41,ts_lr,5,7.147096348458235,0.6967405475880052,0.8185136897001304,0.751238591916558,0.8466753585397654,0.8271186440677966,0.8015123859191655,0.008604954367666173,-0.019556714471968828,0.13037809647979137,11,5.0,False,1.6094379124341003,2.302585092994046,0.6931471805599456,Stieger2021/41,0.1477468995803806
Stieger2021,41,ts_lr,6,7.178968806585052,0.6962081128747795,0.7962962962962962,,0.6569664902998237,0.8406084656084656,0.8301146384479718,0.044312169312169414,0.1836419753086419,0.14440035273368612,11,4.0,False,1.791759469228055,2.302585092994046,0.5108256237659909,Stieger2021/41,0.16525022727881916
Stieger2021,41,ts_lr,7,8.966410807958903,0.8533898305084746,0.8851694915254238,,0.8038135593220339,0.9008474576271188,0.8957627118644067,0.01567796610169503,0.09703389830508491,0.04745762711864421,11,3.0,False,1.9459101490553132,2.302585092994046,0.35667494393873267,Stieger2021/41,1.1468558181471113
Stieger2021,41,ts_lr,8,8.053808602208862,0.9218045112781956,0.9829573934837093,,0.930827067669173,0.9942355889724313,0.991578947368421,0.011278195488721998,0.06340852130325825,0.07243107769423562,11,2.0,False,2.0794415416798357,2.302585092994046,0.22314355131421015,Stieger2021/41,0.6456840728740115
Stieger2021,41,ts_lr,9,6.972416938568612,0.8901289682539681,0.919890873015873,,0.8891369047619049,0.9159226190476192,0.9060019841269842,-0.003968253968253843,0.0267857142857143,0.025793650793651035,11,1.0,False,2.1972245773362196,2.302585092994046,0.10536051565782634,Stieger2021/41,0.0518185924098896
Stieger2021,41,ts_lr,10,7.351842095498142,0.9377828054298644,0.9649321266968326,,0.8518099547511312,0.9649321266968326,0.9649321266968324,0.0,0.1131221719457014,0.02714932126696823,11,0.0,True,2.302585092994046,2.302585092994046,0.0,Stieger2021/41,0.2601866709667543
Stieger2021,42,csp_lda,1,6.489489745913568,0.4876261803972647,0.4876261803972647,0.5512373819602736,0.4876261803972647,0.6071312276131553,0.5629273852165418,0.11950504721589061,0.11950504721589061,0.11950504721589061,7,5.0,False,0.0,1.791759469228055,1.791759469228055,Stieger2021/42,-0.2133894713640196
Stieger2021,42,csp_lda,2,7.100969229869259,0.5931087882307395,0.538133952768099,0.6607433217189314,0.4907084785133565,0.6358885017421603,0.5807200929152149,0.09775454897406122,0.14518002322880375,0.042779713511420736,7,4.0,False,0.6931471805599453,1.791759469228055,1.0986122886681096,Stieger2021/42,0.12241537136140507
Stieger2021,42,csp_lda,3,7.457528898710165,0.6278538812785388,0.6154005811540059,0.7511415525114156,0.5139061851390618,0.7662930676629307,0.7064757160647572,0.15089248650892484,0.25238688252386887,0.1384391863843919,7,3.0,False,1.0986122886681098,1.791759469228055,0.6931471805599452,Stieger2021/42,0.3182264601370772
Stieger2021,42,csp_lda,4,6.772123157980265,0.6026623638563937,0.6542960871319081,,0.4679306171843485,0.7093586123436869,0.6261395724082293,0.05506252521177879,0.24142799515933844,0.1066962484872932,7,2.0,False,1.3862943611198906,1.791759469228055,0.4054651081081644,Stieger2021/42,-0.0581763023562354
Stieger2021,42,csp_lda,5,6.6810326873199575,0.6529680365296803,0.7744292237442921,,0.4710502283105023,0.7178082191780822,0.7400182648401827,-0.05662100456620989,0.24675799086757993,0.06484018264840197,7,1.0,False,1.6094379124341003,1.791759469228055,0.18232155679395468,Stieger2021/42,-0.10820025569640339
Stieger2021,42,csp_lda,6,6.361375004144553,0.736855036855037,0.7921375921375922,,0.7152334152334152,0.7921375921375922,0.7921375921375922,0.0,0.07690417690417695,0.05528255528255521,7,0.0,True,1.791759469228055,1.791759469228055,0.0,Stieger2021/42,-0.283745962202018
Stieger2021,42,eegnet,1,6.489489745913568,0.5086291110387496,0.5086291110387496,,0.5086291110387496,0.820742429176164,,0.3121133181374144,0.3121133181374144,0.3121133181374144,7,5.0,False,0.0,1.791759469228055,1.791759469228055,Stieger2021/42,-0.2133894713640196
Stieger2021,42,eegnet,2,7.100969229869259,0.4608981804103755,0.4843205574912891,,0.5572977158343012,0.8017808749516067,,0.31746031746031755,0.24448315911730545,0.34088269454123116,7,4.0,False,0.6931471805599453,1.791759469228055,1.0986122886681096,Stieger2021/42,0.12241537136140507
Stieger2021,42,eegnet,3,7.457528898710165,0.4881693648816936,0.6562889165628891,,0.6423827314238273,0.7995018679950187,,0.14321295143212953,0.15711913657119136,0.31133250311332505,7,3.0,False,1.0986122886681098,1.791759469228055,0.6931471805599452,Stieger2021/42,0.3182264601370772
Stieger2021,42,eegnet,4,6.772123157980265,0.5211778943122226,0.6389673255344898,,0.536708350141186,0.8281565147236789,,0.18918918918918914,0.2914481645824929,0.3069786204114563,7,2.0,False,1.3862943611198906,1.791759469228055,0.4054651081081644,Stieger2021/42,-0.0581763023562354
Stieger2021,42,eegnet,5,6.6810326873199575,0.4714155251141553,0.7769863013698629,,0.4586301369863014,0.88675799086758,,0.1097716894977171,0.4281278538812786,0.4153424657534247,7,1.0,False,1.6094379124341003,1.791759469228055,0.18232155679395468,Stieger2021/42,-0.10820025569640339
Stieger2021,42,eegnet,6,6.361375004144553,0.5702702702702703,0.8457002457002457,,0.497051597051597,0.8457002457002457,,0.0,0.3486486486486487,0.2754299754299754,7,0.0,True,1.791759469228055,1.791759469228055,0.0,Stieger2021/42,-0.283745962202018
Stieger2021,42,ts_lr,1,6.489489745913568,0.7225659394334093,0.7225659394334093,0.7043308368609573,0.7225659394334093,0.8236730706610225,0.7573428850537284,0.10110713122761317,0.10110713122761317,0.10110713122761317,7,5.0,False,0.0,1.791759469228055,1.791759469228055,Stieger2021/42,-0.2133894713640196
Stieger2021,42,ts_lr,2,7.100969229869259,0.702864885791715,0.6980255516840882,0.678552071234998,0.5849787069299264,0.7098335269066978,0.6883855981416958,0.011807975222609568,0.12485481997677139,0.006968641114982743,7,4.0,False,0.6931471805599453,1.791759469228055,1.0986122886681096,Stieger2021/42,0.12241537136140507
Stieger2021,42,ts_lr,3,7.457528898710165,0.7388958073889581,0.7700290577002905,0.8022000830220009,0.6158156911581569,0.7839352428393525,0.7760481527604816,0.013906185139061944,0.16811955168119552,0.04503943545039435,7,3.0,False,1.0986122886681098,1.791759469228055,0.6931471805599452,Stieger2021/42,0.3182264601370772
Stieger2021,42,ts_lr,4,6.772123157980265,0.6502622025010085,0.8420734167002824,,0.6938281565147236,0.8521581282775312,0.8066559096409843,0.010084711577248884,0.1583299717628076,0.2018959257765227,7,2.0,False,1.3862943611198906,1.791759469228055,0.4054651081081644,Stieger2021/42,-0.0581763023562354
Stieger2021,42,ts_lr,5,6.6810326873199575,0.6982648401826484,0.8014611872146118,,0.8082191780821918,0.8341552511415525,0.8523470319634704,0.03269406392694074,0.025936073059360742,0.13589041095890408,7,1.0,False,1.6094379124341003,1.791759469228055,0.18232155679395468,Stieger2021/42,-0.10820025569640339
Stieger2021,42,ts_lr,6,6.361375004144553,0.8046683046683047,0.8154791154791156,,0.8660933660933662,0.8154791154791156,0.8154791154791156,0.0,-0.05061425061425062,0.010810810810810811,7,0.0,True,1.791759469228055,1.791759469228055,0.0,Stieger2021/42,-0.283745962202018
Stieger2021,43,csp_lda,1,8.71738438873668,0.5223214285714286,0.5223214285714286,0.6080357142857142,0.5223214285714286,0.5238095238095238,0.5519642857142858,0.0014880952380952328,0.0014880952380952328,0.0014880952380952328,7,5.0,False,0.0,1.791759469228055,1.791759469228055,Stieger2021/43,1.01009852745205
Stieger2021,43,csp_lda,2,9.204376247331,0.4510869565217391,0.548913043478261,0.5902898550724639,0.5192028985507247,0.5594202898550724,0.5852173913043479,0.010507246376811441,0.04021739130434776,0.10833333333333334,7,4.0,False,0.6931471805599453,1.791759469228055,1.0986122886681096,Stieger2021/43,1.27753877487608
Stieger2021,43,csp_lda,3,7.930514406796728,0.3532051282051281,0.7403846153846154,0.8012820512820513,0.7724358974358975,0.6737179487179488,0.6223076923076925,-0.06666666666666665,-0.0987179487179487,0.32051282051282065,7,3.0,False,1.0986122886681098,1.791759469228055,0.6931471805599452,Stieger2021/43,0.5779748708718563
Stieger2021,43,csp_lda,4,9.272213972651109,0.5148837209302326,0.4423255813953488,,0.5702325581395349,0.6432558139534884,0.529953488372093,0.20093023255813963,0.07302325581395352,0.1283720930232558,7,2.0,False,1.3862943611198906,1.791759469228055,0.4054651081081644,Stieger2021/43,1.314793069222316
Stieger2021,43,csp_lda,5,7.57687207139439,0.405761316872428,0.668724279835391,,0.8176954732510289,0.6320987654320988,0.6129218106995886,-0.0366255144032922,-0.18559670781893012,0.22633744855967075,7,1.0,False,1.6094379124341003,1.791759469228055,0.18232155679395468,Stieger2021/43,0.38376588768144165
Stieger2021,43,csp_lda,6,11.077782832321098,0.517379679144385,0.5494652406417113,,0.45,0.5494652406417113,0.5494652406417113,0.0,0.0994652406417113,0.03208556149732633,7,0.0,True,1.791759469228055,1.791759469228055,0.0,Stieger2021/43,2.30635334697538
Stieger2021,43,eegnet,1,8.71738438873668,0.5395833333333333,0.5395833333333333,,0.5395833333333333,0.8964285714285715,,0.35684523809523816,0.35684523809523816,0.35684523809523816,7,5.0,False,0.0,1.791759469228055,1.791759469228055,Stieger2021/43,1.01009852745205
Stieger2021,43,eegnet,2,9.204376247331,0.5934782608695652,0.6518115942028986,,0.6742753623188404,0.9365942028985508,,0.2847826086956522,0.26231884057971033,0.34311594202898554,7,4.0,False,0.6931471805599453,1.791759469228055,1.0986122886681096,Stieger2021/43,1.27753877487608
Stieger2021,43,eegnet,3,7.930514406796728,0.4897435897435897,0.9173076923076922,,0.8730769230769231,0.9634615384615384,,0.04615384615384621,0.09038461538461529,0.47371794871794864,7,3.0,False,1.0986122886681098,1.791759469228055,0.6931471805599452,Stieger2021/43,0.5779748708718563
Stieger2021,43,eegnet,4,9.272213972651109,0.5855813953488372,0.9139534883720928,,0.7153488372093023,0.9772093023255816,,0.06325581395348878,0.26186046511627925,0.3916279069767443,7,2.0,False,1.3862943611198906,1.791759469228055,0.4054651081081644,Stieger2021/43,1.314793069222316
Stieger2021,43,eegnet,5,7.57687207139439,0.5242798353909465,0.9382716049382716,,0.6271604938271605,0.9572016460905348,,0.018930041152263266,0.33004115226337427,0.43292181069958835,7,1.0,False,1.6094379124341003,1.791759469228055,0.18232155679395468,Stieger2021/43,0.38376588768144165
Stieger2021,43,eegnet,6,11.077782832321098,0.5852941176470589,0.9850267379679144,,0.6213903743315508,0.9850267379679144,,0.0,0.36363636363636365,0.39973262032085555,7,0.0,True,1.791759469228055,1.791759469228055,0.0,Stieger2021/43,2.30635334697538
Stieger2021,43,ts_lr,1,8.71738438873668,0.5089285714285714,0.5089285714285714,0.6986904761904762,0.5089285714285714,0.7797619047619048,0.6397619047619048,0.27083333333333337,0.27083333333333337,0.27083333333333337,7,5.0,False,0.0,1.791759469228055,1.791759469228055,Stieger2021/43,1.01009852745205
Stieger2021,43,ts_lr,2,9.204376247331,0.5036231884057971,0.619927536231884,0.7235507246376812,0.6365942028985507,0.7942028985507246,0.6831159420289854,0.17427536231884055,0.15760869565217384,0.29057971014492745,7,4.0,False,0.6931471805599453,1.791759469228055,1.0986122886681096,Stieger2021/43,1.27753877487608
Stieger2021,43,ts_lr,3,7.930514406796728,0.4557692307692307,0.9076923076923076,0.9198717948717948,0.8743589743589744,0.9352564102564104,0.8726923076923079,0.0275641025641028,0.060897435897436014,0.47948717948717967,7,3.0,False,1.0986122886681098,1.791759469228055,0.6931471805599452,Stieger2021/43,0.5779748708718563
Stieger2021,43,ts_lr,4,9.272213972651109,0.6027906976744186,0.946046511627907,,0.7209302325581395,0.9483720930232558,0.9277209302325582,0.0023255813953487747,0.22744186046511627,0.34558139534883714,7,2.0,False,1.3862943611198906,1.791759469228055,0.4054651081081644,Stieger2021/43,1.314793069222316
Stieger2021,43,ts_lr,5,7.57687207139439,0.5646090534979424,0.7547325102880658,,0.7683127572016462,0.7353909465020577,0.7654320987654321,-0.019341563786008042,-0.03292181069958844,0.17078189300411528,7,1.0,False,1.6094379124341003,1.791759469228055,0.18232155679395468,Stieger2021/43,0.38376588768144165
Stieger2021,43,ts_lr,6,11.077782832321098,0.5639037433155081,0.9090909090909092,,0.6131016042780749,0.9090909090909092,0.9090909090909092,0.0,0.29598930481283425,0.3451871657754011,7,0.0,True,1.791759469228055,1.791759469228055,0.0,Stieger2021/43,2.30635334697538
Stieger2021,44,csp_lda,1,6.092454763361882,0.5054835493519442,0.5054835493519442,0.5738783649052841,0.5054835493519442,0.6414091060152874,0.5168494516450648,0.13592555666334327,0.13592555666334327,0.13592555666334327,11,9.0,False,0.0,2.302585092994046,2.302585092994046,Stieger2021/44,-0.43142829910974617
Stieger2021,44,csp_lda,2,6.705029614888917,0.5597222222222222,0.5111111111111111,0.54125,0.5715277777777779,0.4888888888888889,0.5455555555555556,-0.0222222222222222,-0.08263888888888898,-0.07083333333333336,11,8.0,False,0.6931471805599453,2.302585092994046,1.6094379124341005,Stieger2021/44,-0.09502191578537562
Stieger2021,44,csp_lda,3,6.704706671215376,0.6387319522912743,0.6214689265536723,0.5325172630257377,0.6572504708097928,0.7124921531701194,0.6331450094161959,0.09102322661644713,0.05524168236032656,0.07376020087884505,11,7.0,False,1.0986122886681098,2.302585092994046,1.2039728043259361,Stieger2021/44,-0.0951992660519803
Stieger2021,44,csp_lda,4,6.27221514619343,0.5343292157426027,0.5429474288997415,0.6967538063774777,0.5061763860959494,0.8195920712438954,0.7121516805515655,0.276644642344154,0.31341568514794604,0.2852628555012927,11,6.0,False,1.3862943611198906,2.302585092994046,0.9162907318741553,Stieger2021/44,-0.3327096852087372
Stieger2021,44,csp_lda,5,4.427041844325283,0.6360917248255235,0.7102027251578598,0.6414091060152874,0.4190761050182785,0.826188102359588,0.6133599202392821,0.11598537720172819,0.40711199734130943,0.1900963775340645,11,5.0,False,1.6094379124341003,2.302585092994046,0.6931471805599456,Stieger2021/44,-1.3460194473395053
Stieger2021,44,csp_lda,6,5.7408954165885335,0.4469038208168643,0.607905138339921,,0.5760210803689064,0.8250329380764163,0.6669301712779973,0.21712779973649532,0.2490118577075099,0.378129117259552,11,4.0,False,1.791759469228055,2.302585092994046,0.5108256237659909,Stieger2021/44,-0.6244933720181153
Stieger2021,44,csp_lda,7,5.574502313210984,0.4867487868607689,0.7316162747293765,,0.6995147443075775,0.7973124300111981,0.7661814109742441,0.0656961552818216,0.09779768570362057,0.3105636431504292,11,3.0,False,1.9459101490553132,2.302585092994046,0.35667494393873267,Stieger2021/44,-0.715871106474276
Stieger2021,44,csp_lda,8,5.274652926295032,0.6008080808080809,0.6525252525252525,,0.515959595959596,0.8581818181818182,0.7621010101010101,0.20565656565656565,0.3422222222222222,0.25737373737373725,11,2.0,False,2.0794415416798357,2.302585092994046,0.22314355131421015,Stieger2021/44,-0.8805387345085839
Stieger2021,44,csp_lda,9,5.3962993527237515,0.5128205128205128,0.6803418803418804,,0.8678062678062678,0.8210826210826211,0.8112820512820512,0.14074074074074072,-0.046723646723646706,0.3082621082621083,11,1.0,False,2.1972245773362196,2.302585092994046,0.10536051565782634,Stieger2021/44,-0.8137344341733562
Stieger2021,44,csp_lda,10,5.635927032265668,0.5062388591800356,0.8890374331550803,,0.7606951871657753,0.8890374331550803,0.8890374331550802,0.0,0.128342245989305,0.3827985739750447,11,0.0,True,2.302585092994046,2.302585092994046,0.0,Stieger2021/44,-0.6821386286678641
Stieger2021,44,eegnet,1,6.092454763361882,0.4948487869724161,0.4948487869724161,,0.4948487869724161,0.672316384180791,,0.1774675972083749,0.1774675972083749,0.1774675972083749,11,9.0,False,0.0,2.302585092994046,2.302585092994046,Stieger2021/44,-0.43142829910974617
Stieger2021,44,eegnet,2,6.705029614888917,0.5291666666666667,0.6034722222222222,,0.4909722222222222,0.7347222222222223,,0.1312500000000001,0.24375000000000008,0.2055555555555556,11,8.0,False,0.6931471805599453,2.302585092994046,1.6094379124341005,Stieger2021/44,-0.09502191578537562
Stieger2021,44,eegnet,3,6.704706671215376,0.5222849968612681,0.6192718141870683,,0.5624607658505963,0.729127432517263,,0.10985561833019464,0.16666666666666663,0.20684243565599492,11,7.0,False,1.0986122886681098,2.302585092994046,1.2039728043259361,Stieger2021/44,-0.0951992660519803
Stieger2021,44,eegnet,4,6.27221514619343,0.5782821028440103,0.6087331226659006,,0.5124964090778512,0.8753231829933927,,0.2665900603274921,0.3628267739155415,0.29704108014938246,11,6.0,False,1.3862943611198906,2.302585092994046,0.9162907318741553,Stieger2021/44,-0.3327096852087372
Stieger2021,44,eegnet,5,4.427041844325283,0.5098039215686274,0.7517447657028913,,0.7244931871053506,0.8467929544699236,,0.09504818876703236,0.12229976736457304,0.3369890329012962,11,5.0,False,1.6094379124341003,2.302585092994046,0.6931471805599456,Stieger2021/44,-1.3460194473395053
Stieger2021,44,eegnet,6,5.7408954165885335,0.461923583662714,0.82266139657444,,0.6429512516469038,0.8566534914361001,,0.033992094861660105,0.21370223978919634,0.3947299077733861,11,4.0,False,1.791759469228055,2.302585092994046,0.5108256237659909,Stieger2021/44,-0.6244933720181153
Stieger2021,44,eegnet,7,5.574502313210984,0.5524449421425905,0.6674132138857783,,0.6618141097424411,0.7036207540126912,,0.03620754012691285,0.04180664427025005,0.15117581187010065,11,3.0,False,1.9459101490553132,2.302585092994046,0.35667494393873267,Stieger2021/44,-0.715871106474276
Stieger2021,44,eegnet,8,5.274652926295032,0.4303030303030303,0.8052525252525252,,0.6323232323232324,0.8731313131313131,,0.06787878787878787,0.2408080808080807,0.4428282828282828,11,2.0,False,2.0794415416798357,2.302585092994046,0.22314355131421015,Stieger2021/44,-0.8805387345085839
Stieger2021,44,eegnet,9,5.3962993527237515,0.4262108262108262,0.843874643874644,,0.3487179487179487,0.8541310541310542,,0.01025641025641022,0.5054131054131055,0.427920227920228,11,1.0,False,2.1972245773362196,2.302585092994046,0.10536051565782634,Stieger2021/44,-0.8137344341733562
Stieger2021,44,eegnet,10,5.635927032265668,0.5918003565062389,0.8992869875222816,,0.5258467023172906,0.8992869875222816,,0.0,0.37344028520499106,0.3074866310160428,11,0.0,True,2.302585092994046,2.302585092994046,0.0,Stieger2021/44,-0.6821386286678641
Stieger2021,44,ts_lr,1,6.092454763361882,0.6317713526088401,0.6317713526088401,0.6449983383183782,0.6317713526088401,0.6822864739115985,0.6208707211698238,0.05051512130275837,0.05051512130275837,0.05051512130275837,11,9.0,False,0.0,2.302585092994046,2.302585092994046,Stieger2021/44,-0.43142829910974617
Stieger2021,44,ts_lr,2,6.705029614888917,0.6520833333333332,0.5833333333333334,0.6369444444444445,0.4430555555555556,0.6333333333333334,0.6502777777777778,0.050000000000000044,0.19027777777777782,-0.018749999999999822,11,8.0,False,0.6931471805599453,2.302585092994046,1.6094379124341005,Stieger2021/44,-0.09502191578537562
Stieger2021,44,ts_lr,3,6.704706671215376,0.7721280602636534,0.7369742623979911,0.7374764595103579,0.7237915881983679,0.7504708097928436,0.7490897677338354,0.01349654739485251,0.026679221594475777,-0.021657250470809797,11,7.0,False,1.0986122886681098,2.302585092994046,1.2039728043259361,Stieger2021/44,-0.0951992660519803
Stieger2021,44,ts_lr,4,6.27221514619343,0.7647227808101119,0.7782246480896294,0.8195346164895143,0.652111462223499,0.8264866417696063,0.804653835104855,0.048261993679976856,0.17437517954610726,0.06176386095949438,11,6.0,False,1.3862943611198906,2.302585092994046,0.9162907318741553,Stieger2021/44,-0.3327096852087372
Stieger2021,44,ts_lr,5,4.427041844325283,0.8148886673313392,0.8162180126287804,0.8454636091724825,0.7916251246261217,0.861748089066135,0.8365569956796278,0.04553007643735463,0.07012296444001331,0.046859421734795736,11,5.0,False,1.6094379124341003,2.302585092994046,0.6931471805599456,Stieger2021/44,-1.3460194473395053
Stieger2021,44,ts_lr,6,5.7408954165885335,0.7451910408432147,0.8276679841897233,,0.8005270092226615,0.8832674571805006,0.8689855072463768,0.05559947299077728,0.08274044795783908,0.13807641633728585,11,4.0,False,1.791759469228055,2.302585092994046,0.5108256237659909,Stieger2021/44,-0.6244933720181153
Stieger2021,44,ts_lr,7,5.574502313210984,0.6274729376633071,0.8174692049272116,,0.778648749533408,0.7988055244494214,0.7814856289660321,-0.018663680477790212,0.02015677491601342,0.1713325867861143,11,3.0,False,1.9459101490553132,2.302585092994046,0.35667494393873267,Stieger2021/44,-0.715871106474276
Stieger2021,44,ts_lr,8,5.274652926295032,0.7567676767676768,0.8872727272727272,,0.8795959595959596,0.8872727272727272,0.8783838383838385,0.0,0.007676767676767615,0.13050505050505046,11,2.0,False,2.0794415416798357,2.302585092994046,0.22314355131421015,Stieger2021/44,-0.8805387345085839
Stieger2021,44,ts_lr,9,5.3962993527237515,0.6552706552706552,0.8108262108262109,,0.8512820512820513,0.8227920227920227,0.81982905982906,0.011965811965811812,-0.028490028490028574,0.16752136752136748,11,1.0,False,2.1972245773362196,2.302585092994046,0.10536051565782634,Stieger2021/44,-0.8137344341733562
Stieger2021,44,ts_lr,10,5.635927032265668,0.7575757575757577,0.9197860962566844,,0.8836898395721926,0.9197860962566844,0.9197860962566844,0.0,0.03609625668449179,0.1622103386809267,11,0.0,True,2.302585092994046,2.302585092994046,0.0,Stieger2021/44,-0.6821386286678641
Stieger2021,45,csp_lda,1,9.603651086539912,0.4523172905525846,0.4523172905525846,0.6408199643493762,0.4523172905525846,0.4835115864527629,0.605614973262032,0.03119429590017825,0.03119429590017825,0.03119429590017825,7,5.0,False,0.0,1.791759469228055,1.791759469228055,Stieger2021/45,1.4968076597737516
Stieger2021,45,csp_lda,2,9.372959267843582,0.5397701149425287,0.7310344827586207,0.7760919540229886,0.6319540229885057,0.8489655172413794,0.7875402298850576,0.11793103448275866,0.2170114942528737,0.3091954022988507,7,4.0,False,0.6931471805599453,1.791759469228055,1.0986122886681096,Stieger2021/45,1.3701191413066678
Stieger2021,45,csp_lda,3,7.396728731314119,0.4775948788294467,0.6534064929126657,0.7304526748971194,0.7171925011431184,0.685413808870599,0.6743941472336534,0.03200731595793327,-0.03177869227251939,0.20781893004115232,7,3.0,False,1.0986122886681098,1.791759469228055,0.6931471805599452,Stieger2021/45,0.2848369659907975
Stieger2021,45,csp_lda,4,13.04639695700926,0.4602735265385868,0.570172582220775,,0.5099316183653533,0.5247476392054705,0.5335395636600456,-0.04542494301530453,0.014816020840117239,0.06447411266688374,7,2.0,False,1.3862943611198906,1.791759469228055,0.4054651081081644,Stieger2021/45,3.3874528341592556
Stieger2021,45,csp_lda,5,8.575979536895812,0.4447467288508874,0.6844150796735329,,0.4995465733903356,0.7126570799326338,0.6732737401217774,0.028242000259100952,0.21311050654229824,0.26791035108174643,7,1.0,False,1.6094379124341003,1.791759469228055,0.18232155679395468,Stieger2021/45,0.9324435361089957
Stieger2021,45,csp_lda,6,8.77657109873862,0.4559212459594475,0.5881575080811049,,0.5727299441669116,0.5881575080811049,0.5881575080811049,0.0,0.01542756391419331,0.1322362621216574,7,0.0,True,1.791759469228055,1.791759469228055,0.0,Stieger2021/45,1.0426019627514052
Stieger2021,45,eegnet,1,9.603651086539912,0.5690730837789661,0.5690730837789661,,0.5690730837789661,0.56951871657754,,0.0004456327985739028,0.0004456327985739028,0.0004456327985739028,7,5.0,False,0.0,1.791759469228055,1.791759469228055,Stieger2021/45,1.4968076597737516
Stieger2021,45,eegnet,2,9.372959267843582,0.6022988505747127,0.4875862068965517,,0.5377011494252874,0.5296551724137931,,0.04206896551724143,-0.008045977011494232,-0.07264367816091954,7,4.0,False,0.6931471805599453,1.791759469228055,1.0986122886681096,Stieger2021/45,1.3701191413066678
Stieger2021,45,eegnet,3,7.396728731314119,0.4668495656149977,0.5029721079103795,,0.5674439871970737,0.6296296296296295,,0.12665752171925004,0.062185642432555865,0.16278006401463185,7,3.0,False,1.0986122886681098,1.791759469228055,0.6931471805599452,Stieger2021/45,0.2848369659907975
Stieger2021,45,eegnet,4,13.04639695700926,0.5586942364050798,0.5812438944969065,,0.5312601758384892,0.5618690980136763,,-0.01937479648323015,0.03060892217518718,0.003174861608596591,7,2.0,False,1.3862943611198906,1.791759469228055,0.4054651081081644,Stieger2021/45,3.3874528341592556
Stieger2021,45,eegnet,5,8.575979536895812,0.4998056743101438,0.5873817852053375,,0.5824588677289804,0.5714470786371291,,-0.01593470656820839,-0.011011789091851298,0.07164140432698529,7,1.0,False,1.6094379124341003,1.791759469228055,0.18232155679395468,Stieger2021/45,0.9324435361089957
Stieger2021,45,eegnet,6,8.77657109873862,0.4280047017337643,0.5824272700558331,,0.5174845724360858,0.5824272700558331,,0.0,0.06494269761974725,0.15442256832206874,7,0.0,True,1.791759469228055,1.791759469228055,0.0,Stieger2021/45,1.0426019627514052
Stieger2021,45,ts_lr,1,9.603651086539912,0.5815508021390374,0.5815508021390374,0.664349376114082,0.5815508021390374,0.6706773618538324,0.6234402852049911,0.089126559714795,0.089126559714795,0.089126559714795,7,5.0,False,0.0,1.791759469228055,1.791759469228055,Stieger2021/45,1.4968076597737516
Stieger2021,45,ts_lr,2,9.372959267843582,0.612183908045977,0.6372413793103447,0.7473103448275863,0.6650574712643678,0.807816091954023,0.7047816091954023,0.1705747126436783,0.14275862068965528,0.19563218390804604,7,4.0,False,0.6931471805599453,1.791759469228055,1.0986122886681096,Stieger2021/45,1.3701191413066678
Stieger2021,45,ts_lr,3,7.396728731314119,0.5372656607224507,0.6033379058070416,0.5775034293552812,0.6047096479195244,0.6074531321444903,0.5878829446730681,0.004115226337448652,0.002743484224965842,0.07018747142203952,7,3.0,False,1.0986122886681098,1.791759469228055,0.6931471805599452,Stieger2021/45,0.2848369659907975
Stieger2021,45,ts_lr,4,13.04639695700926,0.4742754802995768,0.5490068381634647,,0.4859980462390101,0.4993487463366981,0.4920221426245522,-0.049658091826766615,0.013350700097688017,0.025073266037121344,7,2.0,False,1.3862943611198906,1.791759469228055,0.4054651081081644,Stieger2021/45,3.3874528341592556
Stieger2021,45,ts_lr,5,8.575979536895812,0.4933281513149371,0.6189920974219458,,0.4588677289804379,0.6686099235652286,0.6308589195491644,0.049617826143282806,0.20974219458479076,0.1752817722502915,7,1.0,False,1.6094379124341003,1.791759469228055,0.18232155679395468,Stieger2021/45,0.9324435361089957
Stieger2021,45,ts_lr,6,8.77657109873862,0.5063179547458125,0.6272406699970614,,0.60505436379665,0.6272406699970614,0.6272406699970614,0.0,0.0221863062004114,0.12092271525124887,7,0.0,True,1.791759469228055,1.791759469228055,0.0,Stieger2021/45,1.0426019627514052
Stieger2021,46,csp_lda,1,7.128945256993633,0.7436274509803921,0.7436274509803921,0.74,0.7436274509803921,0.8394607843137255,0.7816666666666666,0.09583333333333344,0.09583333333333344,0.09583333333333344,11,9.0,False,0.0,2.302585092994046,2.302585092994046,Stieger2021/46,0.13777890461980552
Stieger2021,46,csp_lda,2,7.478599598154629,0.6907692307692307,0.7715384615384615,0.7491282051282051,0.8884615384615385,0.7946153846153846,0.7776410256410256,0.023076923076923106,-0.09384615384615391,0.10384615384615392,11,8.0,False,0.6931471805599453,2.302585092994046,1.6094379124341005,Stieger2021/46,0.32979780978774786
Stieger2021,46,csp_lda,3,6.034150743234511,0.7938596491228069,0.8555068226120858,0.8667153996101364,0.8952241715399609,0.904970760233918,0.8110136452241716,0.04946393762183221,0.009746588693957059,0.11111111111111105,11,7.0,False,1.0986122886681098,2.302585092994046,1.2039728043259361,Stieger2021/46,-0.4634469895529249
Stieger2021,46,csp_lda,4,6.702767196006496,0.6380575945793338,0.9416525503482026,0.9250894033502728,0.9030679465462074,0.8836815358554488,0.9157538114059852,-0.05797101449275377,-0.019386410690758527,0.2456239412761151,11,6.0,False,1.3862943611198906,2.302585092994046,0.9162907318741553,Stieger2021/46,-0.09626436338488581
Stieger2021,46,csp_lda,5,6.668361962381448,0.7438794726930319,0.9231638418079096,0.9013182674199622,0.8018832391713747,0.9224105461393596,0.8607909604519774,-0.0007532956685499803,0.12052730696798486,0.17853107344632768,11,5.0,False,1.6094379124341003,2.302585092994046,0.6931471805599456,Stieger2021/46,-0.11515860983065511
Stieger2021,46,csp_lda,6,5.697910921184224,0.885098317934139,0.9227671167969675,,0.961146647713812,0.9225302061122956,0.9318644870883676,-0.00023691068467190934,-0.03861644160151634,0.03743188817815668,11,4.0,False,1.791759469228055,2.302585092994046,0.5108256237659909,Stieger2021/46,-0.6480990727776877
Stieger2021,46,csp_lda,7,6.035123917624573,0.867457627118644,0.9305084745762712,,0.9230508474576272,0.9922033898305084,0.9510508474576272,0.061694915254237204,0.06915254237288115,0.12474576271186433,11,3.0,False,1.9459101490553132,2.302585092994046,0.35667494393873267,Stieger2021/46,-0.4629125535144739
Stieger2021,46,csp_lda,8,6.646957974539213,0.8797814207650273,0.9058180649308905,,0.9366763098682096,0.9006750241080038,0.9036965605914496,-0.005143040822886635,-0.03600128576020578,0.02089360334297652,11,2.0,False,2.0794415416798357,2.302585092994046,0.22314355131421015,Stieger2021/46,-0.12691299073737322
Stieger2021,46,csp_lda,9,8.070234133617273,0.850952380952381,0.9345238095238096,,0.9207142857142856,0.9257142857142858,0.9467142857142856,-0.008809523809523823,0.0050000000000002265,0.07476190476190481,11,1.0,False,2.1972245773362196,2.302585092994046,0.10536051565782634,Stieger2021/46,0.6547044458153913
Stieger2021,46,csp_lda,10,6.700390818094008,0.8585174625801852,0.944048467569494,,0.872416250890948,0.944048467569494,0.944048467569494,0.0,0.07163221667854602,0.08553100498930877,11,0.0,True,2.302585092994046,2.302585092994046,0.0,Stieger2021/46,-0.09756939361418619
Stieger2021,46,eegnet,1,7.128945256993633,0.6034313725490196,0.6034313725490196,,0.6034313725490196,0.983578431372549,,0.3801470588235294,0.3801470588235294,0.3801470588235294,11,9.0,False,0.0,2.302585092994046,2.302585092994046,Stieger2021/46,0.13777890461980552
Stieger2021,46,eegnet,2,7.478599598154629,0.4541025641025641,0.82,,0.6097435897435898,0.9451282051282052,,0.12512820512820522,0.3353846153846154,0.49102564102564106,11,8.0,False,0.6931471805599453,2.302585092994046,1.6094379124341005,Stieger2021/46,0.32979780978774786
Stieger2021,46,eegnet,3,6.034150743234511,0.5544590643274854,0.9561403508771932,,0.5852826510721247,0.993664717348928,,0.03752436647173485,0.4083820662768033,0.43920565302144265,11,7.0,False,1.0986122886681098,2.302585092994046,1.2039728043259361,Stieger2021/46,-0.4634469895529249
Stieger2021,46,eegnet,4,6.702767196006496,0.4586862412949369,0.9469226425748164,,0.7822322604931301,0.994729907773386,,0.04780726519856959,0.21249764728025589,0.5360436664784491,11,6.0,False,1.3862943611198906,2.302585092994046,0.9162907318741553,Stieger2021/46,-0.09626436338488581
Stieger2021,46,eegnet,5,6.668361962381448,0.6218455743879472,0.9860640301318268,,0.8508474576271186,0.9954802259887006,,0.00941619585687381,0.144632768361582,0.3736346516007534,11,5.0,False,1.6094379124341003,2.302585092994046,0.6931471805599456,Stieger2021/46,-0.11515860983065511
Stieger2021,46,eegnet,6,5.697910921184224,0.5171760246387112,0.997867803837953,,0.5986733001658374,0.9992892679459844,,0.001421464108031345,0.40061596778014696,0.48211324330727323,11,4.0,False,1.791759469228055,2.302585092994046,0.5108256237659909,Stieger2021/46,-0.6480990727776877
Stieger2021,46,eegnet,7,6.035123917624573,0.4193220338983051,0.9928813559322034,,0.9128813559322034,1.0,,0.007118644067796609,0.08711864406779657,0.580677966101695,11,3.0,False,1.9459101490553132,2.302585092994046,0.35667494393873267,Stieger2021/46,-0.4629125535144739
Stieger2021,46,eegnet,8,6.646957974539213,0.4950176792028286,0.9916425586628094,,0.5223400835744134,0.9935711989713918,,0.0019286403085824189,0.4712311153969784,0.4985535197685632,11,2.0,False,2.0794415416798357,2.302585092994046,0.22314355131421015,Stieger2021/46,-0.12691299073737322
Stieger2021,46,eegnet,9,8.070234133617273,0.4280952380952381,0.9942857142857144,,0.8552380952380952,0.9902380952380953,,-0.004047619047619189,0.135,0.5621428571428572,11,1.0,False,2.1972245773362196,2.302585092994046,0.10536051565782634,Stieger2021/46,0.6547044458153913
Stieger2021,46,eegnet,10,6.700390818094008,0.4718460441910192,0.9953670705630792,,0.8175338560228083,0.9953670705630792,,0.0,0.1778332145402709,0.52352102637206,11,0.0,True,2.302585092994046,2.302585092994046,0.0,Stieger2021/46,-0.09756939361418619
Stieger2021,46,ts_lr,1,7.128945256993633,0.9004901960784313,0.9004901960784313,0.8170588235294118,0.9004901960784313,0.95,0.8450490196078432,0.049509803921568674,0.049509803921568674,0.049509803921568674,11,9.0,False,0.0,2.302585092994046,2.302585092994046,Stieger2021/46,0.13777890461980552
Stieger2021,46,ts_lr,2,7.478599598154629,0.8261538461538461,0.8915384615384616,0.8631794871794872,0.8682051282051282,0.8984615384615384,0.8655384615384616,0.00692307692307681,0.030256410256410238,0.0723076923076923,11,8.0,False,0.6931471805599453,2.302585092994046,1.6094379124341005,Stieger2021/46,0.32979780978774786
Stieger2021,46,ts_lr,3,6.034150743234511,0.9266569200779726,0.9578460038986354,0.9412768031189084,0.9398148148148148,0.980019493177388,0.9528752436647174,0.022173489278752623,0.04020467836257324,0.05336257309941539,11,7.0,False,1.0986122886681098,2.302585092994046,1.2039728043259361,Stieger2021/46,-0.4634469895529249
Stieger2021,46,ts_lr,4,6.702767196006496,0.917372482589874,0.947863730472426,0.961038961038961,0.8983625070581593,0.9698851872764916,0.9666478449087146,0.022021456804065642,0.0715226802183323,0.05251270468661762,11,6.0,False,1.3862943611198906,2.302585092994046,0.9162907318741553,Stieger2021/46,-0.09626436338488581
Stieger2021,46,ts_lr,5,6.668361962381448,0.9103578154425612,0.9393596986817326,0.9649717514124294,0.878719397363465,0.9698681732580038,0.9590960451977402,0.03050847457627115,0.09114877589453874,0.05951035781544256,11,5.0,False,1.6094379124341003,2.302585092994046,0.6931471805599456,Stieger2021/46,-0.11515860983065511
Stieger2021,46,ts_lr,6,5.697910921184224,0.9791518597488746,0.994077232883203,,0.9703861644160152,0.9985785358919688,0.9964463397299218,0.004501303008765722,0.028192371475953548,0.019426676143094124,11,4.0,False,1.791759469228055,2.302585092994046,0.5108256237659909,Stieger2021/46,-0.6480990727776877
Stieger2021,46,ts_lr,7,6.035123917624573,0.94,0.9945762711864408,,0.988135593220339,0.9993220338983052,0.9981694915254236,0.004745762711864443,0.011186440677966258,0.05932203389830526,11,3.0,False,1.9459101490553132,2.302585092994046,0.35667494393873267,Stieger2021/46,-0.4629125535144739
Stieger2021,46,ts_lr,8,6.646957974539213,0.9389263902282224,0.965284474445516,,0.9688203150112504,0.9768563162970104,0.9785278045644488,0.011571841851494402,0.008036001285759986,0.03792992606878798,11,2.0,False,2.0794415416798357,2.302585092994046,0.22314355131421015,Stieger2021/46,-0.12691299073737322
Stieger2021,46,ts_lr,9,8.070234133617273,0.954047619047619,0.995,,0.9671428571428572,0.9952380952380953,0.9945714285714288,0.00023809523809525945,0.028095238095238062,0.04119047619047622,11,1.0,False,2.1972245773362196,2.302585092994046,0.10536051565782634,Stieger2021/46,0.6547044458153913
Stieger2021,46,ts_lr,10,6.700390818094008,0.8816821097647897,0.9814682822523164,,0.9536707056307911,0.9814682822523164,0.9814682822523164,0.0,0.027797576621525266,0.09978617248752675,11,0.0,True,2.302585092994046,2.302585092994046,0.0,Stieger2021/46,-0.09756939361418619
Stieger2021,47,csp_lda,1,8.499627990765944,0.5731092436974791,0.5731092436974791,0.4984033613445378,0.5731092436974791,0.4619047619047619,0.5566386554621848,-0.11120448179271719,-0.11120448179271719,-0.11120448179271719,11,9.0,False,0.0,2.302585092994046,2.302585092994046,Stieger2021/47,0.8905137255221844
Stieger2021,47,csp_lda,2,6.8450333658709255,0.5023664638269101,0.4999323867478026,0.5407707910750507,0.6009465855307641,0.6620689655172414,0.5742528735632184,0.16213657876943877,0.06112237998647729,0.1597025016903313,11,8.0,False,0.6931471805599453,2.302585092994046,1.6094379124341005,Stieger2021/47,-0.01813636391804668
Stieger2021,47,csp_lda,3,7.410028417418506,0.4194709873978673,0.5337210912615982,0.6210497161058026,0.6083644924525689,0.7151364076997646,0.5958177537737157,0.18141531643816644,0.10677191524719576,0.2956654203018973,11,7.0,False,1.0986122886681098,2.302585092994046,1.2039728043259361,Stieger2021/47,0.29214072534456953
Stieger2021,47,csp_lda,4,9.968170303515588,0.5364989369241673,0.5135364989369242,0.5888022678951098,0.5777462792345854,0.663359319631467,0.607909284195606,0.14982282069454278,0.08561304039688156,0.1268603827072997,11,6.0,False,1.3862943611198906,2.302585092994046,0.9162907318741553,Stieger2021/47,1.6969898760846782
Stieger2021,47,csp_lda,5,8.915267389441889,0.484639678438128,0.5157909847832328,0.6096755670399081,0.6213034740166523,0.5993396497272466,0.5613264427217916,0.0835486649440138,-0.021963824289405687,0.11469997128911863,11,5.0,False,1.6094379124341003,2.302585092994046,0.6931471805599456,Stieger2021/47,1.1187694995343498
Stieger2021,47,csp_lda,6,7.748247427423147,0.486594982078853,0.4610752688172043,,0.5757706093189964,0.602437275985663,0.5098494623655915,0.1413620071684587,0.026666666666666616,0.11584229390681,11,4.0,False,1.791759469228055,2.302585092994046,0.5108256237659909,Stieger2021/47,0.4778797148632879
Stieger2021,47,csp_lda,7,8.771542380528007,0.4409064830751578,0.4784853700516351,,0.5107573149741824,0.6670969592656341,0.5487951807228917,0.18861158921399895,0.15633964429145164,0.22619047619047628,11,3.0,False,1.9459101490553132,2.302585092994046,0.35667494393873267,Stieger2021/47,1.0398403526367028
Stieger2021,47,csp_lda,8,11.240167053736736,0.3943661971830985,0.4901718000309549,,0.6752824640148585,0.6624361553939018,0.5481194861476552,0.17226435536294687,-0.012846308620956703,0.26806995821080326,11,2.0,False,2.0794415416798357,2.302585092994046,0.22314355131421015,Stieger2021/47,2.3955295325455244
Stieger2021,47,csp_lda,9,9.549312151524898,0.4229390681003584,0.5963901689708141,,0.5631080389144905,0.7187660010240655,0.6514336917562724,0.12237583205325142,0.15565796210957505,0.2958269329237071,11,1.0,False,2.1972245773362196,2.302585092994046,0.10536051565782634,Stieger2021/47,1.4669664663970885
Stieger2021,47,csp_lda,10,10.22361164266729,0.4321348940914158,0.6085562987736901,,0.5797101449275361,0.6085562987736901,0.6085562987736901,0.0,0.028846153846153966,0.1764214046822743,11,0.0,True,2.302585092994046,2.302585092994046,0.0,Stieger2021/47,1.8372700342422408
Stieger2021,47,eegnet,1,8.499627990765944,0.7117647058823529,0.7117647058823529,,0.7117647058823529,0.9633053221288516,,0.2515406162464987,0.2515406162464987,0.2515406162464987,11,9.0,False,0.0,2.302585092994046,2.302585092994046,Stieger2021/47,0.8905137255221844
Stieger2021,47,eegnet,2,6.8450333658709255,0.630155510480054,0.701555104800541,,0.5774171737660581,0.924814063556457,,0.22325895875591606,0.34739688979039896,0.294658553076403,11,8.0,False,0.6931471805599453,2.302585092994046,1.6094379124341005,Stieger2021/47,-0.01813636391804668
Stieger2021,47,eegnet,3,7.410028417418506,0.6143193463509208,0.7342473341642431,,0.665835756820385,0.9253565988090292,,0.19110926464478606,0.2595208419886442,0.3110372524581084,11,7.0,False,1.0986122886681098,2.302585092994046,1.2039728043259361,Stieger2021/47,0.29214072534456953
Stieger2021,47,eegnet,4,9.968170303515588,0.6249468462083629,0.8354358610914246,,0.5241672572643515,0.9471296952515946,,0.11169383416016998,0.4229624379872431,0.3221828490432317,11,6.0,False,1.3862943611198906,2.302585092994046,0.9162907318741553,Stieger2021/47,1.6969898760846782
Stieger2021,47,eegnet,5,8.915267389441889,0.6224519092736147,0.8929084122882572,,0.481266149870801,0.9730117714613838,,0.08010335917312661,0.4917456215905828,0.35055986218776913,11,5.0,False,1.6094379124341003,2.302585092994046,0.6931471805599456,Stieger2021/47,1.1187694995343498
Stieger2021,47,eegnet,6,7.748247427423147,0.4983512544802868,0.9245878136200716,,0.6205017921146954,0.9536917562724014,,0.02910394265232985,0.3331899641577061,0.45534050179211466,11,4.0,False,1.791759469228055,2.302585092994046,0.5108256237659909,Stieger2021/47,0.4778797148632879
Stieger2021,47,eegnet,7,8.771542380528007,0.5830464716006885,0.9126506024096386,,0.6391279403327595,0.9503012048192772,,0.03765060240963858,0.3111732644865176,0.3672547332185887,11,3.0,False,1.9459101490553132,2.302585092994046,0.35667494393873267,Stieger2021/47,1.0398403526367028
Stieger2021,47,eegnet,8,11.240167053736736,0.5437238817520508,0.9320538616313264,,0.6056338028169015,0.9359232316978796,,0.0038693700665531905,0.3302894288809781,0.39219934994582883,11,2.0,False,2.0794415416798357,2.302585092994046,0.22314355131421015,Stieger2021/47,2.3955295325455244
Stieger2021,47,eegnet,9,9.549312151524898,0.6495135688684076,0.9462365591397848,,0.5010240655401945,0.9687660010240656,,0.022529441884280854,0.4677419354838711,0.319252432155658,11,1.0,False,2.1972245773362196,2.302585092994046,0.10536051565782634,Stieger2021/47,1.4669664663970885
Stieger2021,47,eegnet,10,10.22361164266729,0.6619286510590858,0.9690635451505016,,0.5714882943143813,0.9690635451505016,,0.0,0.39757525083612033,0.3071348940914158,11,0.0,True,2.302585092994046,2.302585092994046,0.0,Stieger2021/47,1.8372700342422408
Stieger2021,47,ts_lr,1,8.499627990765944,0.6351540616246498,0.6351540616246498,0.5850140056022408,0.6351540616246498,0.7596638655462185,0.6391596638655461,0.12450980392156863,0.12450980392156863,0.12450980392156863,11,9.0,False,0.0,2.302585092994046,2.302585092994046,Stieger2021/47,0.8905137255221844
Stieger2021,47,ts_lr,2,6.8450333658709255,0.6457065584854631,0.6839756592292089,0.6349695740365112,0.6509803921568628,0.7668695064232589,0.6656659905341448,0.08289384719405002,0.11588911426639614,0.1211629479377958,11,8.0,False,0.6931471805599453,2.302585092994046,1.6094379124341005,Stieger2021/47,-0.01813636391804668
Stieger2021,47,ts_lr,3,7.410028417418506,0.5464617089045838,0.6943636615427224,0.7022850020772746,0.7120897382633984,0.7438027973964825,0.7107048885195957,0.04943913585376003,0.03171305913308409,0.1973410884918987,11,7.0,False,1.0986122886681098,2.302585092994046,1.2039728043259361,Stieger2021/47,0.29214072534456953
Stieger2021,47,ts_lr,4,9.968170303515588,0.6627923458540043,0.7356484762579731,0.7700921332388377,0.6866052445074415,0.8273564847625797,0.7763571934798016,0.09170800850460659,0.1407512402551382,0.16456413890857546,11,6.0,False,1.3862943611198906,2.302585092994046,0.9162907318741553,Stieger2021/47,1.6969898760846782
Stieger2021,47,ts_lr,5,8.915267389441889,0.6421188630490956,0.7819408555842664,0.7545219638242894,0.7840941716910709,0.8033304622451909,0.7818834338214183,0.021389606660924487,0.019236290554120017,0.1612115991960953,11,5.0,False,1.6094379124341003,2.302585092994046,0.6931471805599456,Stieger2021/47,1.1187694995343498
Stieger2021,47,ts_lr,6,7.748247427423147,0.5182795698924731,0.7300358422939068,,0.7620071684587815,0.7836559139784947,0.763010752688172,0.05362007168458782,0.021648745519713186,0.2653763440860215,11,4.0,False,1.791759469228055,2.302585092994046,0.5108256237659909,Stieger2021/47,0.4778797148632879
Stieger2021,47,ts_lr,7,8.771542380528007,0.5873493975903614,0.792742398164085,,0.7200229489386115,0.8205679862306369,0.811790017211704,0.027825588066551887,0.10054503729202535,0.23321858864027545,11,3.0,False,1.9459101490553132,2.302585092994046,0.35667494393873267,Stieger2021/47,1.0398403526367028
Stieger2021,47,ts_lr,8,11.240167053736736,0.5033276582572358,0.7935304132487231,,0.7498839188980033,0.8172109580560285,0.8116700201207243,0.023680544807305415,0.06732703915802518,0.3138832997987927,11,2.0,False,2.0794415416798357,2.302585092994046,0.22314355131421015,Stieger2021/47,2.3955295325455244
Stieger2021,47,ts_lr,9,9.549312151524898,0.5522273425499232,0.7525601638504864,,0.674347158218126,0.7867383512544803,0.7773425499231952,0.03417818740399392,0.11239119303635436,0.2345110087045571,11,1.0,False,2.1972245773362196,2.302585092994046,0.10536051565782634,Stieger2021/47,1.4669664663970885
Stieger2021,47,ts_lr,10,10.22361164266729,0.4321348940914158,0.8198160535117057,,0.867056856187291,0.8198160535117057,0.8198160535117058,0.0,-0.04724080267558528,0.3876811594202899,11,0.0,True,2.302585092994046,2.302585092994046,0.0,Stieger2021/47,1.8372700342422408
Stieger2021,48,csp_lda,1,7.157426226235117,0.6225490196078431,0.6225490196078431,0.6158496732026144,0.6225490196078431,0.4926470588235294,0.5145424836601308,-0.12990196078431376,-0.12990196078431376,-0.12990196078431376,7,5.0,False,0.0,1.791759469228055,1.791759469228055,Stieger2021/48,0.15341973582960142
Stieger2021,48,csp_lda,2,5.331496017578006,0.4656534954407295,0.4115501519756838,0.4708814589665653,0.4328267477203648,0.696048632218845,0.526565349544073,0.28449848024316127,0.2632218844984803,0.23039513677811557,7,4.0,False,0.6931471805599453,1.791759469228055,1.0986122886681096,Stieger2021/48,-0.8493223391443051
Stieger2021,48,csp_lda,3,5.91308358011135,0.5664302600472813,0.6033096926713949,0.491725768321513,0.5224586288416075,0.5073286052009456,0.5150827423167849,-0.09598108747044931,-0.01513002364066196,-0.05910165484633567,7,3.0,False,1.0986122886681098,1.791759469228055,0.6931471805599452,Stieger2021/48,-0.52993317713323
Stieger2021,48,csp_lda,4,7.709344999760464,0.5909090909090909,0.5497835497835497,,0.7012987012987013,0.5454545454545454,0.5543290043290042,-0.0043290043290042934,-0.1558441558441559,-0.045454545454545525,7,2.0,False,1.3862943611198906,1.791759469228055,0.4054651081081644,Stieger2021/48,0.45651575426334257
Stieger2021,48,csp_lda,5,5.328784100929182,0.413992297817715,0.5558408215661104,,0.5,0.5340179717586649,0.5146341463414633,-0.02182284980744542,0.034017971758664944,0.12002567394094993,7,1.0,False,1.6094379124341003,1.791759469228055,0.18232155679395468,Stieger2021/48,-0.8508116364431313
Stieger2021,48,csp_lda,6,5.5911058713041655,0.5585625554569654,0.5217391304347826,,0.4667258207630879,0.5217391304347826,0.5217391304347826,0.0,0.05501330967169471,-0.03682342502218283,7,0.0,True,1.791759469228055,1.791759469228055,0.0,Stieger2021/48,-0.7067529670101445
Stieger2021,48,eegnet,1,7.157426226235117,0.6740196078431372,0.6740196078431372,,0.6740196078431372,0.8292483660130718,,0.15522875816993464,0.15522875816993464,0.15522875816993464,7,5.0,False,0.0,1.791759469228055,1.791759469228055,Stieger2021/48,0.15341973582960142
Stieger2021,48,eegnet,2,5.331496017578006,0.6054711246200607,0.7708206686930091,,0.8158054711246201,0.8145896656534953,,0.043768996960486195,-0.0012158054711247646,0.20911854103343464,7,4.0,False,0.6931471805599453,1.791759469228055,1.0986122886681096,Stieger2021/48,-0.8493223391443051
Stieger2021,48,eegnet,3,5.91308358011135,0.426950354609929,0.6302600472813239,,0.5678486997635933,0.8066193853427897,,0.17635933806146575,0.23877068557919634,0.3796690307328607,7,3.0,False,1.0986122886681098,1.791759469228055,0.6931471805599452,Stieger2021/48,-0.52993317713323
Stieger2021,48,eegnet,4,7.709344999760464,0.3593073593073593,0.7943722943722944,,0.4199134199134198,0.9393939393939394,,0.14502164502164505,0.5194805194805197,0.5800865800865802,7,2.0,False,1.3862943611198906,1.791759469228055,0.4054651081081644,Stieger2021/48,0.45651575426334257
Stieger2021,48,eegnet,5,5.328784100929182,0.4993581514762515,0.8202824133504492,,0.6707317073170731,0.8915275994865212,,0.071245186136072,0.22079589216944806,0.39216944801026965,7,1.0,False,1.6094379124341003,1.791759469228055,0.18232155679395468,Stieger2021/48,-0.8508116364431313
Stieger2021,48,eegnet,6,5.5911058713041655,0.4738243123336291,0.811002661934339,,0.4565217391304347,0.811002661934339,,0.0,0.3544809228039043,0.3371783496007099,7,0.0,True,1.791759469228055,1.791759469228055,0.0,Stieger2021/48,-0.7067529670101445
Stieger2021,48,ts_lr,1,7.157426226235117,0.6797385620915033,0.6797385620915033,0.5039215686274511,0.6797385620915033,0.7034313725490196,0.5284313725490197,0.023692810457516256,0.023692810457516256,0.023692810457516256,7,5.0,False,0.0,1.791759469228055,1.791759469228055,Stieger2021/48,0.15341973582960142
Stieger2021,48,ts_lr,2,5.331496017578006,0.6613981762917933,0.7671732522796353,0.5506382978723405,0.7544072948328268,0.8109422492401216,0.7223100303951367,0.043768996960486306,0.056534954407294835,0.14954407294832828,7,4.0,False,0.6931471805599453,1.791759469228055,1.0986122886681096,Stieger2021/48,-0.8493223391443051
Stieger2021,48,ts_lr,3,5.91308358011135,0.4865248226950355,0.5716312056737588,0.6718676122931442,0.5697399527186762,0.660047281323877,0.6173049645390071,0.08841607565011822,0.09030732860520085,0.17352245862884152,7,3.0,False,1.0986122886681098,1.791759469228055,0.6931471805599452,Stieger2021/48,-0.52993317713323
Stieger2021,48,ts_lr,4,7.709344999760464,0.5422077922077921,0.7132034632034632,,0.7305194805194805,0.8474025974025975,0.7948051948051947,0.13419913419913432,0.11688311688311703,0.30519480519480535,7,2.0,False,1.3862943611198906,1.791759469228055,0.4054651081081644,Stieger2021/48,0.45651575426334257
Stieger2021,48,ts_lr,5,5.328784100929182,0.4910141206675225,0.6123234916559691,,0.7175866495507061,0.6482670089858793,0.6084724005134788,0.03594351732991019,-0.06931964056482676,0.15725288831835682,7,1.0,False,1.6094379124341003,1.791759469228055,0.18232155679395468,Stieger2021/48,-0.8508116364431313
Stieger2021,48,ts_lr,6,5.5911058713041655,0.543921916592724,0.748890860692103,,0.6415261756876663,0.748890860692103,0.748890860692103,0.0,0.10736468500443663,0.20496894409937894,7,0.0,True,1.791759469228055,1.791759469228055,0.0,Stieger2021/48,-0.7067529670101445
Stieger2021,49,csp_lda,1,6.208138490102873,0.5706272310045896,0.5706272310045896,0.7041305456399797,0.5706272310045896,0.7638959714431413,0.6293727689954105,0.1932687404385517,0.1932687404385517,0.1932687404385517,7,5.0,False,0.0,1.791759469228055,1.791759469228055,Stieger2021/49,-0.3678985214419081
Stieger2021,49,csp_lda,2,5.603876009816214,0.4506118881118881,0.555506993006993,0.6197552447552448,0.6018356643356644,0.5673076923076923,0.588374125874126,0.011800699300699269,-0.03452797202797209,0.11669580419580416,7,4.0,False,0.6931471805599453,1.791759469228055,1.0986122886681096,Stieger2021/49,-0.6997400181424582
Stieger2021,49,csp_lda,3,5.468288724671419,0.5399529964747356,0.6233842538190364,0.8407755581668626,0.4735605170387779,0.8131609870740305,0.8383078730904818,0.1897767332549941,0.3396004700352526,0.2732079905992949,7,3.0,False,1.0986122886681098,1.791759469228055,0.6931471805599452,Stieger2021/49,-0.7742001891838051
Stieger2021,49,csp_lda,4,4.67876248092445,0.5486792452830188,0.6267924528301887,,0.8490566037735848,0.8211320754716982,0.895245283018868,0.1943396226415095,-0.02792452830188663,0.2724528301886794,7,2.0,False,1.3862943611198906,1.791759469228055,0.4054651081081644,Stieger2021/49,-1.2077825792158112
Stieger2021,49,csp_lda,5,4.574929543074993,0.5172305764411028,0.7775689223057645,,0.8618421052631579,0.7976190476190476,0.6545112781954888,0.020050125313283096,-0.06422305764411029,0.28038847117794474,7,1.0,False,1.6094379124341003,1.791759469228055,0.18232155679395468,Stieger2021/49,-1.264804285224156
Stieger2021,49,csp_lda,6,4.424502686280681,0.5686274509803921,0.6451914098972923,,0.6713352007469654,0.6451914098972923,0.6451914098972923,0.0,-0.02614379084967311,0.07656395891690015,7,0.0,True,1.791759469228055,1.791759469228055,0.0,Stieger2021/49,-1.3474138711757828
Stieger2021,49,eegnet,1,6.208138490102873,0.549209586945436,0.549209586945436,,0.549209586945436,0.9148393676695564,,0.36562978072412045,0.36562978072412045,0.36562978072412045,7,5.0,False,0.0,1.791759469228055,1.791759469228055,Stieger2021/49,-0.3678985214419081
Stieger2021,49,eegnet,2,5.603876009816214,0.3990384615384615,0.5454545454545454,,0.4611013986013985,0.7832167832167832,,0.23776223776223782,0.32211538461538475,0.3841783216783217,7,4.0,False,0.6931471805599453,1.791759469228055,1.0986122886681096,Stieger2021/49,-0.6997400181424582
Stieger2021,49,eegnet,3,5.468288724671419,0.4653349001175089,0.5763807285546416,,0.5487661574618097,0.9294947121034076,,0.353113983548766,0.38072855464159794,0.46415981198589873,7,3.0,False,1.0986122886681098,1.791759469228055,0.6931471805599452,Stieger2021/49,-0.7742001891838051
Stieger2021,49,eegnet,4,4.67876248092445,0.5664150943396227,0.8264150943396226,,0.6003773584905661,0.958490566037736,,0.1320754716981134,0.3581132075471699,0.3920754716981133,7,2.0,False,1.3862943611198906,1.791759469228055,0.4054651081081644,Stieger2021/49,-1.2077825792158112
Stieger2021,49,eegnet,5,4.574929543074993,0.4019423558897244,0.8239348370927319,,0.7424812030075187,0.8903508771929826,,0.0664160401002507,0.14786967418546382,0.4884085213032582,7,1.0,False,1.6094379124341003,1.791759469228055,0.18232155679395468,Stieger2021/49,-1.264804285224156
Stieger2021,49,eegnet,6,4.424502686280681,0.5816993464052288,0.8562091503267975,,0.5401493930905695,0.8562091503267975,,0.0,0.3160597572362279,0.27450980392156865,7,0.0,True,1.791759469228055,1.791759469228055,0.0,Stieger2021/49,-1.3474138711757828
Stieger2021,49,ts_lr,1,6.208138490102873,0.8653748087710351,0.8653748087710351,0.8324324324324325,0.8653748087710351,0.9632840387557368,0.8451810300866904,0.09790922998470164,0.09790922998470164,0.09790922998470164,7,5.0,False,0.0,1.791759469228055,1.791759469228055,Stieger2021/49,-0.3678985214419081
Stieger2021,49,ts_lr,2,5.603876009816214,0.6324300699300699,0.7102272727272727,0.6975524475524475,0.7465034965034965,0.6997377622377623,0.6695804195804195,-0.010489510489510412,-0.04676573426573416,0.0673076923076924,7,4.0,False,0.6931471805599453,1.791759469228055,1.0986122886681096,Stieger2021/49,-0.6997400181424582
Stieger2021,49,ts_lr,3,5.468288724671419,0.8484136310223267,0.9054054054054054,0.927732079905993,0.745593419506463,0.9236192714453584,0.919153936545241,0.01821386603995301,0.17802585193889542,0.07520564042303168,7,3.0,False,1.0986122886681098,1.791759469228055,0.6931471805599452,Stieger2021/49,-0.7742001891838051
Stieger2021,49,ts_lr,4,4.67876248092445,0.8581132075471698,0.9154716981132076,,0.9045283018867925,0.9422641509433962,0.9338113207547172,0.026792452830188607,0.037735849056603765,0.08415094339622642,7,2.0,False,1.3862943611198906,1.791759469228055,0.4054651081081644,Stieger2021/49,-1.2077825792158112
Stieger2021,49,ts_lr,5,4.574929543074993,0.8718671679197995,0.9270050125313284,,0.8348997493734336,0.9342105263157894,0.9264411027568922,0.007205513784460993,0.0993107769423558,0.06234335839598992,7,1.0,False,1.6094379124341003,1.791759469228055,0.18232155679395468,Stieger2021/49,-1.264804285224156
Stieger2021,49,ts_lr,6,4.424502686280681,0.7773109243697478,0.8874883286647992,,0.7829131652661064,0.8874883286647992,0.8874883286647993,0.0,0.10457516339869277,0.1101774042950514,7,0.0,True,1.791759469228055,1.791759469228055,0.0,Stieger2021/49,-1.3474138711757828
Stieger2021,50,csp_lda,1,8.146395338926938,0.9519230769230768,0.9519230769230768,0.9506868131868133,0.9519230769230768,0.9625686813186812,0.942239010989011,0.010645604395604469,0.010645604395604469,0.010645604395604469,11,9.0,False,0.0,2.302585092994046,2.302585092994046,Stieger2021/50,0.6965297273527914
Stieger2021,50,csp_lda,2,8.19641681203824,0.9175039661554734,0.9362771020624008,0.8561343204653623,0.935483870967742,0.9754098360655736,0.9530407191961926,0.03913273400317285,0.03992596509783164,0.05790586991010027,11,8.0,False,0.6931471805599453,2.302585092994046,1.6094379124341005,Stieger2021/50,0.7239999096757883
Stieger2021,50,csp_lda,3,2.3582669383442036,0.9545313949891742,0.973399319517476,0.9677080111351686,0.978966903804516,0.9659758738014228,0.9542220847510052,-0.007423445716053245,-0.012991030003093207,0.011444478812248637,11,7.0,False,1.0986122886681098,2.302585092994046,1.2039728043259361,Stieger2021/50,-2.4821240103956574
Stieger2021,50,csp_lda,4,5.200141582291756,0.9291666666666668,0.9736979166666666,0.9440104166666669,0.9541666666666666,0.9692708333333334,0.9625520833333332,-0.004427083333333193,0.015104166666666807,0.04010416666666661,11,6.0,False,1.3862943611198906,2.302585092994046,0.9162907318741553,Stieger2021/50,-0.921457965342653
Stieger2021,50,csp_lda,5,8.13507619892132,0.9848349687778768,0.9892952720785012,0.9937555753791258,0.95926256318763,0.9931608682723758,0.9849539101992268,0.0038655961938746097,0.03389830508474578,0.008325899494499023,11,5.0,False,1.6094379124341003,2.302585092994046,0.6931471805599456,Stieger2021/50,0.6903136201421542
Stieger2021,50,csp_lda,6,7.58337131073467,0.985479797979798,0.993476430976431,,0.9936868686868688,0.9913720538720538,0.9936447811447812,-0.002104377104377164,-0.0023148148148149916,0.005892255892255838,11,4.0,False,1.791759469228055,2.302585092994046,0.5108256237659909,Stieger2021/50,0.3873350606492394
Stieger2021,50,csp_lda,7,7.525906214730984,0.8713119899560577,0.8863779033270558,,0.8414940364092907,0.898932831136221,0.8824231010671688,0.012554927809165228,0.057438794726930364,0.02762084118016328,11,3.0,False,1.9459101490553132,2.302585092994046,0.35667494393873267,Stieger2021/50,0.3557770803211253
Stieger2021,50,csp_lda,8,7.365888977490365,0.9265367316341828,0.9567716141929036,,0.8588205897051474,0.962768615692154,0.965967016491754,0.005997001499250421,0.10394802598700659,0.036231884057971175,11,2.0,False,2.0794415416798357,2.302585092994046,0.22314355131421015,Stieger2021/50,0.26790076624214504
Stieger2021,50,csp_lda,9,5.907536367205002,0.9218264840182648,0.971324200913242,,0.9749771689497716,0.971324200913242,0.9696438356164384,0.0,-0.0036529680365295913,0.04949771689497717,11,1.0,False,2.1972245773362196,2.302585092994046,0.10536051565782634,Stieger2021/50,-0.5329795278391121
Stieger2021,50,csp_lda,10,2.566950670344505,0.9442129629629628,0.991898148148148,,0.991898148148148,0.991898148148148,0.991898148148148,0.0,0.0,0.047685185185185275,11,0.0,True,2.302585092994046,2.302585092994046,0.0,Stieger2021/50,-2.3675216244735915
Stieger2021,50,eegnet,1,8.146395338926938,0.8684752747252747,0.8684752747252747,,0.8684752747252747,0.9708104395604396,,0.1023351648351648,0.1023351648351648,0.1023351648351648,11,9.0,False,0.0,2.302585092994046,2.302585092994046,Stieger2021/50,0.6965297273527914
Stieger2021,50,eegnet,2,8.19641681203824,0.9066631411951348,0.981755684822845,,0.7009518773135907,0.977260708619778,,-0.004494976203067047,0.27630883130618733,0.07059756742464318,11,8.0,False,0.6931471805599453,2.302585092994046,1.6094379124341005,Stieger2021/50,0.7239999096757883
Stieger2021,50,eegnet,3,2.3582669383442036,0.9319517476028456,0.9554593257036808,,0.9863903495205693,0.9996906897618312,,0.044231364058150424,0.013300340241261921,0.06773894215898557,11,7.0,False,1.0986122886681098,2.302585092994046,1.2039728043259361,Stieger2021/50,-2.4821240103956574
Stieger2021,50,eegnet,4,5.200141582291756,0.7382812499999999,0.9473958333333332,,0.8408854166666667,0.975,,0.027604166666666763,0.13411458333333326,0.2367187500000001,11,6.0,False,1.3862943611198906,2.302585092994046,0.9162907318741553,Stieger2021/50,-0.921457965342653
Stieger2021,50,eegnet,5,8.13507619892132,0.9616413916146298,0.9875111507582516,,0.9788878977103777,0.991376746952126,,0.0038655961938743877,0.012488849241748312,0.02973535533749616,11,5.0,False,1.6094379124341003,2.302585092994046,0.6931471805599456,Stieger2021/50,0.6903136201421542
Stieger2021,50,eegnet,6,7.58337131073467,0.9305555555555556,1.0,,0.6325757575757576,1.0,,0.0,0.36742424242424243,0.06944444444444442,11,4.0,False,1.791759469228055,2.302585092994046,0.5108256237659909,Stieger2021/50,0.3873350606492394
Stieger2021,50,eegnet,7,7.525906214730984,0.8185812931575643,0.9020715630885124,,0.8317639673571877,0.9121155053358444,,0.01004394224733196,0.08035153797865668,0.09353421217828006,11,3.0,False,1.9459101490553132,2.302585092994046,0.35667494393873267,Stieger2021/50,0.3557770803211253
Stieger2021,50,eegnet,8,7.365888977490365,0.9087956021989004,0.962768615692154,,0.8740629685157422,0.9762618690654672,,0.013493253373313197,0.10219890054972502,0.06746626686656676,11,2.0,False,2.0794415416798357,2.302585092994046,0.22314355131421015,Stieger2021/50,0.26790076624214504
Stieger2021,50,eegnet,9,5.907536367205002,0.8741552511415525,0.9888584474885844,,0.965662100456621,0.9919634703196348,,0.003105022831050408,0.02630136986301379,0.11780821917808237,11,1.0,False,2.1972245773362196,2.302585092994046,0.10536051565782634,Stieger2021/50,-0.5329795278391121
Stieger2021,50,eegnet,10,2.566950670344505,0.9495370370370372,0.9986111111111112,,0.9881944444444444,0.9986111111111112,,0.0,0.010416666666666852,0.04907407407407405,11,0.0,True,2.302585092994046,2.302585092994046,0.0,Stieger2021/50,-2.3675216244735915
Stieger2021,50,ts_lr,1,8.146395338926938,0.946771978021978,0.946771978021978,0.9519230769230768,0.946771978021978,0.9608516483516484,0.9516483516483516,0.01407967032967039,0.01407967032967039,0.01407967032967039,11,9.0,False,0.0,2.302585092994046,2.302585092994046,Stieger2021/50,0.6965297273527914
Stieger2021,50,ts_lr,2,8.19641681203824,0.9762030671602326,0.9762030671602326,0.974828133262824,0.9666842940243258,0.9793759915388682,0.9744050766790056,0.0031729243786355887,0.012691697514542466,0.0031729243786355887,11,8.0,False,0.6931471805599453,2.302585092994046,1.6094379124341005,Stieger2021/50,0.7239999096757883
Stieger2021,50,ts_lr,3,2.3582669383442036,0.9613362202288896,0.9829879369007114,0.9793380760903186,0.9752551809464892,0.9848437983297248,0.9771729044231364,0.0018558614290133946,0.009588617383235576,0.023507578100835147,11,7.0,False,1.0986122886681098,2.302585092994046,1.2039728043259361,Stieger2021/50,-2.4821240103956574
Stieger2021,50,ts_lr,4,5.200141582291756,0.9651041666666668,0.975,0.98390625,0.9674479166666666,0.9791666666666666,0.9751041666666664,0.004166666666666652,0.01171875,0.014062499999999867,11,6.0,False,1.3862943611198906,2.302585092994046,0.9162907318741553,Stieger2021/50,-0.921457965342653
Stieger2021,50,ts_lr,5,8.13507619892132,0.9934582218257508,0.9946476360392508,0.9928635147190008,0.9542075527802558,0.99940529289325,0.9951828724353255,0.004757656853999204,0.045197740112994156,0.005947071067499143,11,5.0,False,1.6094379124341003,2.302585092994046,0.6931471805599456,Stieger2021/50,0.6903136201421542
Stieger2021,50,ts_lr,6,7.58337131073467,0.9890572390572392,0.9951599326599326,,0.9888468013468014,0.995580808080808,0.995496632996633,0.0004208754208753218,0.006734006734006592,0.006523569023568765,11,4.0,False,1.791759469228055,2.302585092994046,0.5108256237659909,Stieger2021/50,0.3873350606492394
Stieger2021,50,ts_lr,7,7.525906214730984,0.8772755806654111,0.8895166352793471,,0.8688010043942247,0.8926553672316384,0.8934086629001883,0.003138731952291307,0.023854362837413712,0.015379786566227294,11,3.0,False,1.9459101490553132,2.302585092994046,0.35667494393873267,Stieger2021/50,0.3557770803211253
Stieger2021,50,ts_lr,8,7.365888977490365,0.9342828585707146,0.9537731134432784,,0.947776111944028,0.960269865067466,0.9627186406796602,0.006496751624187613,0.012493753123438034,0.025987006496751452,11,2.0,False,2.0794415416798357,2.302585092994046,0.22314355131421015,Stieger2021/50,0.26790076624214504
Stieger2021,50,ts_lr,9,5.907536367205002,0.9636529680365296,0.9808219178082191,,0.982648401826484,0.984109589041096,0.9828310502283106,0.0032876712328768765,0.0014611872146119698,0.020456621004566466,11,1.0,False,2.1972245773362196,2.302585092994046,0.10536051565782634,Stieger2021/50,-0.5329795278391121
Stieger2021,50,ts_lr,10,2.566950670344505,0.9814814814814814,0.9944444444444444,,0.993287037037037,0.9944444444444444,0.9944444444444444,0.0,0.0011574074074073293,0.012962962962962954,11,0.0,True,2.302585092994046,2.302585092994046,0.0,Stieger2021/50,-2.3675216244735915
Stieger2021,51,csp_lda,1,6.383827538127162,0.466060606060606,0.466060606060606,0.5281212121212121,0.466060606060606,0.5115151515151515,0.4867878787878787,0.04545454545454547,0.04545454545454547,0.04545454545454547,11,9.0,False,0.0,2.302585092994046,2.302585092994046,Stieger2021/51,-0.27141575351857583
Stieger2021,51,csp_lda,2,7.100638402902254,0.4583333333333333,0.4680851063829787,0.4672872340425532,0.4578900709219858,0.4614361702127659,0.4612588652482269,-0.0066489361702127825,0.0035460992907800915,0.00310283687943258,11,8.0,False,0.6931471805599453,2.302585092994046,1.6094379124341005,Stieger2021/51,0.12223369184387524
Stieger2021,51,csp_lda,3,6.660523347326104,0.5600722673893405,0.3997289972899728,0.5600722673893406,0.5361336946702799,0.5239385727190606,0.4925925925925926,0.12420957542908784,-0.012195121951219301,-0.036133694670279826,11,7.0,False,1.0986122886681098,2.302585092994046,1.2039728043259361,Stieger2021/51,-0.11946332481277817
Stieger2021,51,csp_lda,4,5.339224429536226,0.6744186046511628,0.6723044397463003,0.7086680761099367,0.6405919661733616,0.5729386892177589,0.6701902748414377,-0.09936575052854135,-0.06765327695560264,-0.10147991543340384,11,6.0,False,1.3862943611198906,2.302585092994046,0.9162907318741553,Stieger2021/51,-0.8450781441545427
Stieger2021,51,csp_lda,5,5.05947556282372,0.5115384615384615,0.6483516483516484,0.6467032967032967,0.4967032967032967,0.6708791208791209,0.6606593406593406,0.02252747252747256,0.17417582417582422,0.15934065934065944,11,5.0,False,1.6094379124341003,2.302585092994046,0.6931471805599456,Stieger2021/51,-0.9987072137372206
Stieger2021,51,csp_lda,6,4.465444566416952,0.6129629629629629,0.6166666666666666,,0.6981481481481482,0.6277777777777778,0.6322222222222222,0.011111111111111183,-0.07037037037037042,0.014814814814814836,11,4.0,False,1.791759469228055,2.302585092994046,0.5108256237659909,Stieger2021/51,-1.3249299089484579
Stieger2021,51,csp_lda,7,4.349435525278632,0.566468253968254,0.5625,,0.6150793650793651,0.6180555555555556,0.6041666666666666,0.05555555555555558,0.0029761904761904656,0.051587301587301626,11,3.0,False,1.9459101490553132,2.302585092994046,0.35667494393873267,Stieger2021/51,-1.388638338808067
Stieger2021,51,csp_lda,8,3.562572559765294,0.5833333333333334,0.7569444444444444,,0.8492063492063492,0.7698412698412699,0.7774801587301587,0.012896825396825462,-0.0793650793650793,0.1865079365079365,11,2.0,False,2.0794415416798357,2.302585092994046,0.22314355131421015,Stieger2021/51,-1.8207581421926962
Stieger2021,51,csp_lda,9,5.437541870981723,0.688470066518847,0.5254988913525499,,0.5753880266075388,0.5465631929046564,0.5410199556541019,0.02106430155210648,-0.02882483370288247,-0.14190687361419063,11,1.0,False,2.1972245773362196,2.302585092994046,0.10536051565782634,Stieger2021/51,-0.7910853711702514
Stieger2021,51,csp_lda,10,5.248526729952248,0.7494736842105263,0.4778947368421052,,0.6136842105263158,0.4778947368421052,0.4778947368421052,0.0,-0.13578947368421063,-0.2715789473684211,11,0.0,True,2.302585092994046,2.302585092994046,0.0,Stieger2021/51,-0.8948864002669628
Stieger2021,51,eegnet,1,6.383827538127162,0.5681818181818181,0.5681818181818181,,0.5681818181818181,0.7706060606060606,,0.2024242424242425,0.2024242424242425,0.2024242424242425,11,9.0,False,0.0,2.302585092994046,2.302585092994046,Stieger2021/51,-0.27141575351857583
Stieger2021,51,eegnet,2,7.100638402902254,0.4552304964539007,0.474290780141844,,0.4862588652482269,0.6156914893617021,,0.14140070921985815,0.12943262411347523,0.16046099290780147,11,8.0,False,0.6931471805599453,2.302585092994046,1.6094379124341005,Stieger2021/51,0.12223369184387524
Stieger2021,51,eegnet,3,6.660523347326104,0.5925925925925927,0.453026196928636,,0.5022583559168925,0.7994579945799458,,0.3464317976513098,0.2971996386630533,0.20686540198735315,11,7.0,False,1.0986122886681098,2.302585092994046,1.2039728043259361,Stieger2021/51,-0.11946332481277817
Stieger2021,51,eegnet,4,5.339224429536226,0.4778012684989429,0.6109936575052853,,0.6701902748414376,0.8562367864693446,,0.2452431289640593,0.18604651162790709,0.37843551797040176,11,6.0,False,1.3862943611198906,2.302585092994046,0.9162907318741553,Stieger2021/51,-0.8450781441545427
Stieger2021,51,eegnet,5,5.05947556282372,0.4648351648351648,0.5142857142857143,,0.4357142857142857,0.8560439560439561,,0.34175824175824177,0.4203296703296704,0.3912087912087913,11,5.0,False,1.6094379124341003,2.302585092994046,0.6931471805599456,Stieger2021/51,-0.9987072137372206
Stieger2021,51,eegnet,6,4.465444566416952,0.424074074074074,0.8296296296296297,,0.5555555555555556,0.8685185185185185,,0.03888888888888875,0.3129629629629629,0.4444444444444445,11,4.0,False,1.791759469228055,2.302585092994046,0.5108256237659909,Stieger2021/51,-1.3249299089484579
Stieger2021,51,eegnet,7,4.349435525278632,0.6061507936507937,0.8621031746031746,,0.5952380952380952,0.8472222222222222,,-0.014880952380952439,0.251984126984127,0.2410714285714285,11,3.0,False,1.9459101490553132,2.302585092994046,0.35667494393873267,Stieger2021/51,-1.388638338808067
Stieger2021,51,eegnet,8,3.562572559765294,0.6651785714285714,0.8913690476190476,,0.6016865079365079,0.9399801587301588,,0.04861111111111127,0.3382936507936509,0.27480158730158744,11,2.0,False,2.0794415416798357,2.302585092994046,0.22314355131421015,Stieger2021/51,-1.8207581421926962
Stieger2021,51,eegnet,9,5.437541870981723,0.5975609756097562,0.9645232815964524,,0.8181818181818182,0.943458980044346,,-0.021064301552106368,0.1252771618625278,0.34589800443458985,11,1.0,False,2.1972245773362196,2.302585092994046,0.10536051565782634,Stieger2021/51,-0.7910853711702514
Stieger2021,51,eegnet,10,5.248526729952248,0.5852631578947368,0.791578947368421,,0.8673684210526316,0.791578947368421,,0.0,-0.07578947368421052,0.20631578947368423,11,0.0,True,2.302585092994046,2.302585092994046,0.0,Stieger2021/51,-0.8948864002669628
Stieger2021,51,ts_lr,1,6.383827538127162,0.6536363636363636,0.6536363636363636,0.5381818181818181,0.6536363636363636,0.6660606060606061,0.5330909090909091,0.01242424242424256,0.01242424242424256,0.01242424242424256,11,9.0,False,0.0,2.302585092994046,2.302585092994046,Stieger2021/51,-0.27141575351857583
Stieger2021,51,ts_lr,2,7.100638402902254,0.5842198581560284,0.6343085106382979,0.5023936170212766,0.5678191489361701,0.6019503546099292,0.5810283687943263,-0.03235815602836867,0.034131205673759046,0.01773049645390079,11,8.0,False,0.6931471805599453,2.302585092994046,1.6094379124341005,Stieger2021/51,0.12223369184387524
Stieger2021,51,ts_lr,3,6.660523347326104,0.5727190605239385,0.6246612466124661,0.6097560975609755,0.601174345076784,0.6996386630532971,0.6272809394760614,0.074977416440831,0.09846431797651312,0.12691960252935863,11,7.0,False,1.0986122886681098,2.302585092994046,1.2039728043259361,Stieger2021/51,-0.11946332481277817
Stieger2021,51,ts_lr,4,5.339224429536226,0.7568710359408035,0.6638477801268499,0.6494714587737844,0.5771670190274841,0.6828752642706132,0.6625792811839324,0.019027484143763318,0.10570824524312905,-0.07399577167019034,11,6.0,False,1.3862943611198906,2.302585092994046,0.9162907318741553,Stieger2021/51,-0.8450781441545427
Stieger2021,51,ts_lr,5,5.05947556282372,0.5725274725274725,0.6587912087912088,0.7027472527472527,0.6423076923076924,0.7835164835164835,0.713076923076923,0.12472527472527473,0.14120879120879115,0.21098901098901102,11,5.0,False,1.6094379124341003,2.302585092994046,0.6931471805599456,Stieger2021/51,-0.9987072137372206
Stieger2021,51,ts_lr,6,4.465444566416952,0.5666666666666667,0.7055555555555555,,0.7814814814814814,0.7388888888888889,0.7374074074074073,0.03333333333333344,-0.042592592592592515,0.17222222222222228,11,4.0,False,1.791759469228055,2.302585092994046,0.5108256237659909,Stieger2021/51,-1.3249299089484579
Stieger2021,51,ts_lr,7,4.349435525278632,0.623015873015873,0.6597222222222222,,0.576388888888889,0.7073412698412698,0.6968253968253968,0.04761904761904756,0.13095238095238082,0.08432539682539675,11,3.0,False,1.9459101490553132,2.302585092994046,0.35667494393873267,Stieger2021/51,-1.388638338808067
Stieger2021,51,ts_lr,8,3.562572559765294,0.498015873015873,0.7718253968253969,,0.7926587301587301,0.7941468253968254,0.7830357142857143,0.022321428571428492,0.0014880952380952328,0.29613095238095233,11,2.0,False,2.0794415416798357,2.302585092994046,0.22314355131421015,Stieger2021/51,-1.8207581421926962
Stieger2021,51,ts_lr,9,5.437541870981723,0.697339246119734,0.7161862527716186,,0.8104212860310421,0.746119733924612,0.7556541019955654,0.029933481152993324,-0.06430155210643018,0.04878048780487798,11,1.0,False,2.1972245773362196,2.302585092994046,0.10536051565782634,Stieger2021/51,-0.7910853711702514
Stieger2021,51,ts_lr,10,5.248526729952248,0.6799999999999999,0.7789473684210526,,0.7557894736842105,0.7789473684210526,0.7789473684210526,0.0,0.023157894736842155,0.09894736842105267,11,0.0,True,2.302585092994046,2.302585092994046,0.0,Stieger2021/51,-0.8948864002669628
Stieger2021,52,csp_lda,1,5.585012701616579,0.6216350947158524,0.6216350947158524,0.6529910269192423,0.6216350947158524,0.6694915254237288,0.6557826520438684,0.047856430707876374,0.047856430707876374,0.047856430707876374,7,5.0,False,0.0,1.791759469228055,1.791759469228055,Stieger2021/52,-0.7100991396002744
Stieger2021,52,csp_lda,2,3.620439107077218,0.6201034737620104,0.6829268292682926,0.7594974131559497,0.6940133037694014,0.7065779748706578,0.7151515151515151,0.023651145602365142,0.012564671101256364,0.0864745011086474,7,4.0,False,0.6931471805599453,1.791759469228055,1.0986122886681096,Stieger2021/52,-1.7889796977329766
Stieger2021,52,csp_lda,3,4.42514820182375,0.5538461538461539,0.635042735042735,0.9008547008547008,0.8700854700854701,0.7547008547008547,0.7789743589743591,0.11965811965811968,-0.11538461538461542,0.2008547008547008,7,3.0,False,1.0986122886681098,1.791759469228055,0.6931471805599452,Stieger2021/52,-1.3470593748253659
Stieger2021,52,csp_lda,4,4.8310872679744685,0.5348837209302326,0.627422480620155,,0.7112403100775194,0.6405038759689923,0.6482558139534884,0.013081395348837233,-0.07073643410852715,0.10562015503875966,7,2.0,False,1.3862943611198906,1.791759469228055,0.4054651081081644,Stieger2021/52,-1.124130711081799
Stieger2021,52,csp_lda,5,6.666634222976581,0.6593992248062016,0.7640503875968992,,0.7451550387596899,0.7703488372093024,0.7710271317829458,0.006298449612403112,0.025193798449612448,0.11094961240310075,7,1.0,False,1.6094379124341003,1.791759469228055,0.18232155679395468,Stieger2021/52,-0.11610742867796725
Stieger2021,52,csp_lda,6,8.23555240200194,0.8583333333333333,0.9895833333333334,,0.98125,0.9895833333333334,0.9895833333333334,0.0,0.008333333333333415,0.1312500000000001,7,0.0,True,1.791759469228055,1.791759469228055,0.0,Stieger2021/52,0.7454919155035407
Stieger2021,52,eegnet,1,5.585012701616579,0.7043868394815552,0.7043868394815552,,0.7043868394815552,0.8317547357926222,,0.12736789631106693,0.12736789631106693,0.12736789631106693,7,5.0,False,0.0,1.791759469228055,1.791759469228055,Stieger2021/52,-0.7100991396002744
Stieger2021,52,eegnet,2,3.620439107077218,0.6023651145602364,0.7169253510716925,,0.7827050997782705,0.9386548410938654,,0.2217294900221729,0.15594974131559491,0.336289726533629,7,4.0,False,0.6931471805599453,1.791759469228055,1.0986122886681096,Stieger2021/52,-1.7889796977329766
Stieger2021,52,eegnet,3,4.42514820182375,0.6085470085470086,0.7957264957264957,,0.4649572649572649,0.9256410256410256,,0.1299145299145299,0.46068376068376066,0.31709401709401697,7,3.0,False,1.0986122886681098,1.791759469228055,0.6931471805599452,Stieger2021/52,-1.3470593748253659
Stieger2021,52,eegnet,4,4.8310872679744685,0.5300387596899224,0.7688953488372093,,0.6468023255813953,0.7558139534883721,,-0.013081395348837233,0.10901162790697683,0.22577519379844968,7,2.0,False,1.3862943611198906,1.791759469228055,0.4054651081081644,Stieger2021/52,-1.124130711081799
Stieger2021,52,eegnet,5,6.666634222976581,0.7170542635658914,0.7771317829457364,,0.5106589147286822,0.8255813953488372,,0.04844961240310086,0.31492248062015504,0.10852713178294582,7,1.0,False,1.6094379124341003,1.791759469228055,0.18232155679395468,Stieger2021/52,-0.11610742867796725
Stieger2021,52,eegnet,6,8.23555240200194,0.7416666666666667,0.9041666666666668,,0.8416666666666666,0.9041666666666668,,0.0,0.06250000000000022,0.1625000000000001,7,0.0,True,1.791759469228055,1.791759469228055,0.0,Stieger2021/52,0.7454919155035407
Stieger2021,52,ts_lr,1,5.585012701616579,0.7829012961116649,0.7829012961116649,0.7580259222333001,0.7829012961116649,0.9042871385842473,0.7774675972083749,0.12138584247258233,0.12138584247258233,0.12138584247258233,7,5.0,False,0.0,1.791759469228055,1.791759469228055,Stieger2021/52,-0.7100991396002744
Stieger2021,52,ts_lr,2,3.620439107077218,0.8514412416851441,0.9453067257945308,0.842719881744272,0.9068736141906872,0.9416112342941612,0.8440502586844051,-0.00369549150036963,0.03473762010347392,0.09016999260901704,7,4.0,False,0.6931471805599453,1.791759469228055,1.0986122886681096,Stieger2021/52,-1.7889796977329766
Stieger2021,52,ts_lr,3,4.42514820182375,0.9282051282051282,0.9803418803418804,0.982051282051282,0.9495726495726496,0.9888888888888888,0.9774358974358976,0.008547008547008406,0.03931623931623918,0.06068376068376058,7,3.0,False,1.0986122886681098,1.791759469228055,0.6931471805599452,Stieger2021/52,-1.3470593748253659
Stieger2021,52,ts_lr,4,4.8310872679744685,0.7863372093023255,0.8294573643410853,,0.7456395348837209,0.8246124031007752,0.8031976744186047,-0.004844961240310086,0.07897286821705429,0.03827519379844968,7,2.0,False,1.3862943611198906,1.791759469228055,0.4054651081081644,Stieger2021/52,-1.124130711081799
Stieger2021,52,ts_lr,5,6.666634222976581,0.813953488372093,0.8982558139534884,,0.820736434108527,0.9156976744186046,0.9027131782945738,0.0174418604651162,0.09496124031007758,0.10174418604651159,7,1.0,False,1.6094379124341003,1.791759469228055,0.18232155679395468,Stieger2021/52,-0.11610742867796725
Stieger2021,52,ts_lr,6,8.23555240200194,0.9416666666666668,0.9416666666666668,,0.9375,0.9416666666666668,0.9416666666666668,0.0,0.004166666666666763,0.0,7,0.0,True,1.791759469228055,1.791759469228055,0.0,Stieger2021/52,0.7454919155035407
Stieger2021,53,csp_lda,1,7.491745111051377,0.5268056589724497,0.5268056589724497,0.5964631422189128,0.5268056589724497,0.7023454951600894,0.627661950856292,0.1755398361876397,0.1755398361876397,0.1755398361876397,11,9.0,False,0.0,2.302585092994046,2.302585092994046,Stieger2021/53,0.3370169021803184
Stieger2021,53,csp_lda,2,5.864307001203457,0.6437782076079949,0.7988394584139266,0.8804642166344294,0.9223081882656352,0.9345583494519664,0.8787878787878789,0.1357188910380398,0.012250161186331154,0.2907801418439715,11,8.0,False,0.6931471805599453,2.302585092994046,1.6094379124341005,Stieger2021/53,-0.5567197036457634
Stieger2021,53,csp_lda,3,10.833011182999927,0.4985200845665962,0.6989429175475687,0.6431289640591966,0.509090909090909,0.624524312896406,0.6427906976744187,-0.07441860465116268,0.11543340380549694,0.1260042283298098,11,7.0,False,1.0986122886681098,2.302585092994046,1.2039728043259361,Stieger2021/53,2.17193263890483
Stieger2021,53,csp_lda,4,11.47169970849077,0.5576148267526189,0.9170024174053184,0.9500402900886382,0.3529411764705882,0.9073327961321516,0.9173784582326082,-0.00966962127316684,0.5543916196615634,0.3497179693795327,11,6.0,False,1.3862943611198906,2.302585092994046,0.9162907318741553,Stieger2021/53,2.52267981110027
Stieger2021,53,csp_lda,5,7.313827376084014,0.6533713200379867,0.9373219373219372,0.9653371320037988,0.9715099715099716,0.9696106362773028,0.958119658119658,0.03228869895536557,-0.0018993352326688306,0.3162393162393161,11,5.0,False,1.6094379124341003,2.302585092994046,0.6931471805599456,Stieger2021/53,0.23931021115238435
Stieger2021,53,csp_lda,6,6.414010306948761,0.6034749034749035,0.8303088803088803,,0.8521235521235522,0.8494208494208495,0.859073359073359,0.019111969111969218,-0.002702702702702675,0.245945945945946,11,4.0,False,1.791759469228055,2.302585092994046,0.5108256237659909,Stieger2021/53,-0.2548403487779494
Stieger2021,53,csp_lda,7,6.794983674276064,0.5730994152046783,0.9138755980861244,,0.9074960127591708,0.9255715045188728,0.9113237639553428,0.011695906432748426,0.018075491759702023,0.3524720893141945,11,3.0,False,1.9459101490553132,2.302585092994046,0.35667494393873267,Stieger2021/53,-0.045622042923569056
Stieger2021,53,csp_lda,8,6.052328857009131,0.585679012345679,0.9550617283950618,,0.9046913580246914,0.9738271604938272,0.9513086419753084,0.018765432098765467,0.06913580246913587,0.38814814814814824,11,2.0,False,2.0794415416798357,2.302585092994046,0.22314355131421015,Stieger2021/53,-0.4534641548098157
Stieger2021,53,csp_lda,9,6.657647651579779,0.5273752012882448,0.8846618357487922,,0.914855072463768,0.8917069243156199,0.9174315619967794,0.0070450885668277285,-0.02314814814814803,0.36433172302737515,11,1.0,False,2.1972245773362196,2.302585092994046,0.10536051565782634,Stieger2021/53,-0.12104256431820498
Stieger2021,53,csp_lda,10,6.227336525457232,0.5095744680851064,0.9319148936170214,,0.8936170212765957,0.9319148936170214,0.9319148936170214,0.0,0.0382978723404257,0.422340425531915,11,0.0,True,2.302585092994046,2.302585092994046,0.0,Stieger2021/53,-0.3573555786090546
Stieger2021,53,eegnet,1,7.491745111051377,0.6478034251675353,0.6478034251675353,,0.6478034251675353,0.9009679821295606,,0.25316455696202533,0.25316455696202533,0.25316455696202533,11,9.0,False,0.0,2.302585092994046,2.302585092994046,Stieger2021/53,0.3370169021803184
Stieger2021,53,eegnet,2,5.864307001203457,0.5744680851063829,0.7701482914248872,,0.6985815602836879,0.967117988394584,,0.1969696969696968,0.26853642811089606,0.39264990328820104,11,8.0,False,0.6931471805599453,2.302585092994046,1.6094379124341005,Stieger2021/53,-0.5567197036457634
Stieger2021,53,eegnet,3,10.833011182999927,0.6126849894291755,0.7949260042283297,,0.6887949260042284,0.7866807610993657,,-0.00824524312896402,0.09788583509513726,0.1739957716701902,11,7.0,False,1.0986122886681098,2.302585092994046,1.2039728043259361,Stieger2021/53,2.17193263890483
Stieger2021,53,eegnet,4,11.47169970849077,0.6000537201181844,0.9272092398603278,,0.5471394037066882,0.995433789954338,,0.06822455009401018,0.4482943862476497,0.3953800698361536,11,6.0,False,1.3862943611198906,2.302585092994046,0.9162907318741553,Stieger2021/53,2.52267981110027
Stieger2021,53,eegnet,5,7.313827376084014,0.6225071225071226,0.9928774928774928,,0.9031339031339032,0.9976258309591642,,0.0047483380816714105,0.09449192782526106,0.37511870845204165,11,5.0,False,1.6094379124341003,2.302585092994046,0.6931471805599456,Stieger2021/53,0.23931021115238435
Stieger2021,53,eegnet,6,6.414010306948761,0.4835907335907335,0.9370656370656372,,0.8303088803088804,0.962934362934363,,0.025868725868725795,0.13262548262548257,0.47934362934362945,11,4.0,False,1.791759469228055,2.302585092994046,0.5108256237659909,Stieger2021/53,-0.2548403487779494
Stieger2021,53,eegnet,7,6.794983674276064,0.5183413078149921,0.9364699627857522,,0.6541733120680489,0.9813928761297182,,0.04492291334396592,0.3272195640616693,0.46305156831472605,11,3.0,False,1.9459101490553132,2.302585092994046,0.35667494393873267,Stieger2021/53,-0.045622042923569056
Stieger2021,53,eegnet,8,6.052328857009131,0.6676543209876543,0.991111111111111,,0.9224691358024693,0.9995061728395062,,0.008395061728395103,0.0770370370370369,0.33185185185185184,11,2.0,False,2.0794415416798357,2.302585092994046,0.22314355131421015,Stieger2021/53,-0.4534641548098157
Stieger2021,53,eegnet,9,6.657647651579779,0.4432367149758454,0.9313607085346216,,0.6653582930756844,0.9412238325281804,,0.00986312399355882,0.27586553945249603,0.49798711755233505,11,1.0,False,2.1972245773362196,2.302585092994046,0.10536051565782634,Stieger2021/53,-0.12104256431820498
Stieger2021,53,eegnet,10,6.227336525457232,0.573049645390071,0.9921985815602836,,0.6741134751773049,0.9921985815602836,,0.0,0.3180851063829787,0.41914893617021265,11,0.0,True,2.302585092994046,2.302585092994046,0.0,Stieger2021/53,-0.3573555786090546
Stieger2021,53,ts_lr,1,7.491745111051377,0.7453462397617275,0.7453462397617275,0.7702531645569621,0.7453462397617275,0.8410275502606106,0.7736038719285181,0.09568131049888307,0.09568131049888307,0.09568131049888307,11,9.0,False,0.0,2.302585092994046,2.302585092994046,Stieger2021/53,0.3370169021803184
Stieger2021,53,ts_lr,2,5.864307001203457,0.8684719535783366,0.9274661508704062,0.983236621534494,0.8597678916827853,0.9912959381044488,0.9499032882011604,0.06382978723404265,0.1315280464216635,0.1228239845261122,11,8.0,False,0.6931471805599453,2.302585092994046,1.6094379124341005,Stieger2021/53,-0.5567197036457634
Stieger2021,53,ts_lr,3,10.833011182999927,0.6701902748414376,0.7860465116279068,0.8026215644820296,0.8080338266384778,0.7687103594080338,0.7815644820295983,-0.017336152219873058,-0.039323467230444,0.09852008456659622,11,7.0,False,1.0986122886681098,2.302585092994046,1.2039728043259361,Stieger2021/53,2.17193263890483
Stieger2021,53,ts_lr,4,11.47169970849077,0.8828901423583132,0.9586355089981198,0.9736771420897125,0.8799355358581789,0.968573730862208,0.9640612409347302,0.009938221864088215,0.08863819500402914,0.08568358850389479,11,6.0,False,1.3862943611198906,2.302585092994046,0.9162907318741553,Stieger2021/53,2.52267981110027
Stieger2021,53,ts_lr,5,7.313827376084014,0.9306742640075972,0.99002849002849,0.9995251661918328,0.9719848053181388,0.9938271604938272,0.9953466286799622,0.003798670465337217,0.021842355175688444,0.06315289648623001,11,5.0,False,1.6094379124341003,2.302585092994046,0.6931471805599456,Stieger2021/53,0.23931021115238435
Stieger2021,53,ts_lr,6,6.414010306948761,0.8364864864864864,0.9555984555984556,,0.8777992277992277,0.9575289575289576,0.9506177606177608,0.0019305019305020377,0.07972972972972991,0.12104247104247123,11,4.0,False,1.791759469228055,2.302585092994046,0.5108256237659909,Stieger2021/53,-0.2548403487779494
Stieger2021,53,ts_lr,7,6.794983674276064,0.8740031897926634,0.9064327485380116,,0.8689526847421585,0.89792663476874,0.905103668261563,-0.008506113769271573,0.02897395002658154,0.02392344497607657,11,3.0,False,1.9459101490553132,2.302585092994046,0.35667494393873267,Stieger2021/53,-0.045622042923569056
Stieger2021,53,ts_lr,8,6.052328857009131,0.9446913580246912,0.9950617283950616,,0.9412345679012344,0.997037037037037,0.9946666666666666,0.0019753086419754817,0.05580246913580267,0.05234567901234588,11,2.0,False,2.0794415416798357,2.302585092994046,0.22314355131421015,Stieger2021/53,-0.4534641548098157
Stieger2021,53,ts_lr,9,6.657647651579779,0.7985104669887279,0.9206924315619968,,0.8707729468599034,0.9261272141706924,0.9285024154589372,0.005434782608695676,0.055354267310789074,0.12761674718196458,11,1.0,False,2.1972245773362196,2.302585092994046,0.10536051565782634,Stieger2021/53,-0.12104256431820498
Stieger2021,53,ts_lr,10,6.227336525457232,0.8468085106382979,0.9829787234042552,,0.9446808510638298,0.9829787234042552,0.9829787234042552,0.0,0.038297872340425365,0.1361702127659573,11,0.0,True,2.302585092994046,2.302585092994046,0.0,Stieger2021/53,-0.3573555786090546
Stieger2021,54,csp_lda,1,11.000014514097392,0.5295893719806763,0.5295893719806763,0.4855475040257649,0.5295893719806763,0.6260064412238324,0.538365539452496,0.09641706924315607,0.09641706924315607,0.09641706924315607,11,9.0,False,0.0,2.302585092994046,2.302585092994046,Stieger2021/54,2.263645490775213
Stieger2021,54,csp_lda,2,7.871183383886664,0.5347613219094247,0.6159118727050183,0.5649449204406365,0.5282741738066096,0.6418604651162791,0.530281517747858,0.025948592411260796,0.11358629130966957,0.10709914320685443,11,8.0,False,0.6931471805599453,2.302585092994046,1.6094379124341005,Stieger2021/54,0.5453921835702878
Stieger2021,54,csp_lda,3,7.329184654328879,0.5067587422862181,0.6259183073758449,0.6387599177196591,0.4816338524831031,0.6752865119012635,0.6573023802527181,0.04936820452541868,0.19365265941816046,0.16852776961504545,11,7.0,False,1.0986122886681098,2.302585092994046,1.2039728043259361,Stieger2021/54,0.2477439338544877
Stieger2021,54,csp_lda,4,12.424662448820015,0.5443873807776962,0.6625091709464417,0.7895084372707265,0.5101491807287845,0.743335778919051,0.6293714844705306,0.08082660797260932,0.23318659819026655,0.1989483981413548,11,6.0,False,1.3862943611198906,2.302585092994046,0.9162907318741553,Stieger2021/54,3.0460162623402938
Stieger2021,54,csp_lda,5,9.850790148718431,0.4709225482421359,0.6723499867829765,0.7985725614591594,0.5417657943431139,0.6449907480835315,0.6684906159132963,-0.02735923869944501,0.10322495374041762,0.1740681998413956,11,5.0,False,1.6094379124341003,2.302585092994046,0.6931471805599456,Stieger2021/54,1.6325284747539976
Stieger2021,54,csp_lda,6,6.4558474207684196,0.4660657476139979,0.6837221633085895,,0.7453605514316013,0.7185843054082715,0.7186373276776246,0.03486214209968197,-0.02677624602332984,0.25251855779427357,11,4.0,False,1.791759469228055,2.302585092994046,0.5108256237659909,Stieger2021/54,-0.23186475303856036
Stieger2021,54,csp_lda,7,4.139710794524942,0.5347442281575373,0.6610457220461747,,0.4784970574920778,0.6713444997736532,0.571842462652784,0.010298777727478448,0.19284744228157535,0.13660027161611588,11,3.0,False,1.9459101490553132,2.302585092994046,0.35667494393873267,Stieger2021/54,-1.5038124077249533
Stieger2021,54,csp_lda,8,5.750481135519329,0.5223110223110223,0.6058941058941059,,0.5279720279720279,0.6854811854811855,0.5756243756243756,0.07958707958707967,0.15750915750915762,0.1631701631701632,11,2.0,False,2.0794415416798357,2.302585092994046,0.22314355131421015,Stieger2021/54,-0.6192292038449783
Stieger2021,54,csp_lda,9,9.482621945894415,0.4860088365243004,0.6867565424266455,,0.5177296929874249,0.7045428798006118,0.6146822249915035,0.017786337373966288,0.18681318681318693,0.21853404327631143,11,1.0,False,2.1972245773362196,2.302585092994046,0.10536051565782634,Stieger2021/54,1.4303423529138417
Stieger2021,54,csp_lda,10,2.798419903697095,0.4868387426526961,0.6463071811909021,,0.6267569639662662,0.6463071811909021,0.6463071811909021,0.0,0.019550217224635902,0.15946843853820603,11,0.0,True,2.302585092994046,2.302585092994046,0.0,Stieger2021/54,-2.240406174910326
Stieger2021,54,eegnet,1,11.000014514097392,0.4716183574879227,0.4716183574879227,,0.4716183574879227,0.9072061191626408,,0.43558776167471813,0.43558776167471813,0.43558776167471813,11,9.0,False,0.0,2.302585092994046,2.302585092994046,Stieger2021/54,2.263645490775213
Stieger2021,54,eegnet,2,7.871183383886664,0.5156670746634027,0.5345165238678091,,0.5436964504283965,0.8676866585067321,,0.333170134638923,0.32399020807833556,0.35201958384332943,11,8.0,False,0.6931471805599453,2.302585092994046,1.6094379124341005,Stieger2021/54,0.5453921835702878
Stieger2021,54,eegnet,3,7.329184654328879,0.4613576256244489,0.5471642668233911,,0.4614310902145165,0.9266823391125478,,0.3795180722891567,0.4652512488980313,0.46532471348809895,11,7.0,False,1.0986122886681098,2.302585092994046,1.2039728043259361,Stieger2021/54,0.2477439338544877
Stieger2021,54,eegnet,4,12.424662448820015,0.5018341892883346,0.5438982636341404,,0.5228662264612375,0.979212521398875,,0.43531425776473465,0.45634629493763756,0.4773783321105405,11,6.0,False,1.3862943611198906,2.302585092994046,0.9162907318741553,Stieger2021/54,3.0460162623402938
Stieger2021,54,eegnet,5,9.850790148718431,0.5219402590536611,0.5861749933914883,,0.5173143008194554,0.9481892677768966,,0.36201427438540834,0.4308749669574412,0.42624900872323546,11,5.0,False,1.6094379124341003,2.302585092994046,0.6931471805599456,Stieger2021/54,1.6325284747539976
Stieger2021,54,eegnet,6,6.4558474207684196,0.5110021208907741,0.8331124072110285,,0.8537910922587487,0.9768027571580064,,0.14369034994697782,0.12301166489925763,0.4658006362672322,11,4.0,False,1.791759469228055,2.302585092994046,0.5108256237659909,Stieger2021/54,-0.23186475303856036
Stieger2021,54,eegnet,7,4.139710794524942,0.5161837935717519,0.8243549117247624,,0.5376867360796741,0.9449977365323676,,0.12064282480760524,0.40731100045269353,0.4288139429606157,11,3.0,False,1.9459101490553132,2.302585092994046,0.35667494393873267,Stieger2021/54,-1.5038124077249533
Stieger2021,54,eegnet,8,5.750481135519329,0.5013320013320014,0.933732933732934,,0.6293706293706293,0.9383949383949384,,0.004662004662004393,0.3090243090243091,0.437062937062937,11,2.0,False,2.0794415416798357,2.302585092994046,0.22314355131421015,Stieger2021/54,-0.6192292038449783
Stieger2021,54,eegnet,9,9.482621945894415,0.4349155998640535,0.9142403987764812,,0.4404667497451002,0.9281749178656395,,0.013934519089158326,0.48770816812053935,0.49325931800158607,11,1.0,False,2.1972245773362196,2.302585092994046,0.10536051565782634,Stieger2021/54,1.4303423529138417
Stieger2021,54,eegnet,10,2.798419903697095,0.4939943777153079,0.9863276258625095,,0.4887554306158957,0.9863276258625095,,0.0,0.49757219524661384,0.49233324814720164,11,0.0,True,2.302585092994046,2.302585092994046,0.0,Stieger2021/54,-2.240406174910326
Stieger2021,54,ts_lr,1,11.000014514097392,0.6572061191626408,0.6572061191626408,0.646256038647343,0.6572061191626408,0.7773752012882448,0.6617552334943639,0.12016908212560395,0.12016908212560395,0.12016908212560395,11,9.0,False,0.0,2.302585092994046,2.302585092994046,Stieger2021/54,2.263645490775213
Stieger2021,54,ts_lr,2,7.871183383886664,0.6130966952264382,0.6609547123623012,0.7003671970624235,0.672093023255814,0.7757649938800489,0.6937576499388005,0.11481028151774775,0.10367197062423494,0.16266829865361077,11,8.0,False,0.6931471805599453,2.302585092994046,1.6094379124341005,Stieger2021/54,0.5453921835702878
Stieger2021,54,ts_lr,3,7.329184654328879,0.6704378489568028,0.7430208639435792,0.7868057596238612,0.6219512195121951,0.8567440493682046,0.7612988539523948,0.11372318542462534,0.23479282985600947,0.18630620041140178,11,7.0,False,1.0986122886681098,2.302585092994046,1.2039728043259361,Stieger2021/54,0.2477439338544877
Stieger2021,54,ts_lr,4,12.424662448820015,0.6342626559060895,0.7662020053802885,0.8596967473709954,0.7050623624358033,0.8598679383712399,0.8292981168989971,0.09366593299095138,0.15480557593543653,0.22560528246515033,11,6.0,False,1.3862943611198906,2.302585092994046,0.9162907318741553,Stieger2021/54,3.0460162623402938
Stieger2021,54,ts_lr,5,9.850790148718431,0.6017710811525244,0.8946603224953741,0.8809146180280202,0.7848268569918054,0.9257203277821834,0.8971451229183188,0.0310600052868093,0.14089347079037795,0.32394924662965896,11,5.0,False,1.6094379124341003,2.302585092994046,0.6931471805599456,Stieger2021/54,1.6325284747539976
Stieger2021,54,ts_lr,6,6.4558474207684196,0.5216065747613998,0.8449098621420997,,0.7680275715800635,0.8698303287380701,0.8603128313891835,0.02492046659597036,0.10180275715800657,0.34822375397667027,11,4.0,False,1.791759469228055,2.302585092994046,0.5108256237659909,Stieger2021/54,-0.23186475303856036
Stieger2021,54,ts_lr,7,4.139710794524942,0.5437980986871888,0.7758035310095065,,0.6991851516523314,0.8000226346763241,0.7932775011317338,0.024219103666817565,0.10083748302399265,0.2562245359891353,11,3.0,False,1.9459101490553132,2.302585092994046,0.35667494393873267,Stieger2021/54,-1.5038124077249533
Stieger2021,54,ts_lr,8,5.750481135519329,0.5972360972360972,0.8473193473193473,,0.6583416583416584,0.8569763569763569,0.8390276390276391,0.009657009657009552,0.19863469863469851,0.2597402597402597,11,2.0,False,2.0794415416798357,2.302585092994046,0.22314355131421015,Stieger2021/54,-0.6192292038449783
Stieger2021,54,ts_lr,9,9.482621945894415,0.5470714852158151,0.7913220799818739,,0.6923076923076923,0.8133001019598958,0.8120765832106038,0.0219780219780219,0.12099240965220348,0.2662286167440807,11,1.0,False,2.1972245773362196,2.302585092994046,0.10536051565782634,Stieger2021/54,1.4303423529138417
Stieger2021,54,ts_lr,10,2.798419903697095,0.5334781497572195,0.817147968310759,,0.6569128545872732,0.817147968310759,0.817147968310759,0.0,0.16023511372348576,0.28366981855353945,11,0.0,True,2.302585092994046,2.302585092994046,0.0,Stieger2021/54,-2.240406174910326
Stieger2021,55,csp_lda,1,7.232245725874317,0.5379849137931034,0.5379849137931034,0.5844019396551724,0.5379849137931034,0.5398706896551724,0.554094827586207,0.0018857758620689502,0.0018857758620689502,0.0018857758620689502,11,9.0,False,0.0,2.302585092994046,2.302585092994046,Stieger2021/55,0.19450819581619536
Stieger2021,55,csp_lda,2,4.928199358938311,0.4594104308390023,0.5346938775510205,0.5976417233560091,0.4857142857142856,0.6448979591836734,0.5635374149659864,0.11020408163265294,0.15918367346938783,0.18548752834467114,11,8.0,False,0.6931471805599453,2.302585092994046,1.6094379124341005,Stieger2021/55,-1.070799877769306
Stieger2021,55,csp_lda,3,7.499996532094904,0.4666666666666667,0.5034722222222222,0.6422222222222222,0.525,0.6798611111111111,0.6006944444444444,0.17638888888888893,0.15486111111111112,0.21319444444444446,11,7.0,False,1.0986122886681098,2.302585092994046,1.2039728043259361,Stieger2021/55,0.34154831691864757
Stieger2021,55,csp_lda,4,8.62318931321497,0.4554042789663794,0.5871075298694082,0.5764378994165045,0.5484856904695748,0.6412892470130592,0.6145040288969158,0.054181717143651054,0.09280355654348438,0.1858849680466798,11,6.0,False,1.3862943611198906,2.302585092994046,0.9162907318741553,Stieger2021/55,0.9583696250914125
Stieger2021,55,csp_lda,5,5.788621307225263,0.5516089860352156,0.5983606557377049,0.7638129933211901,0.8199757134183363,0.7337583485124468,0.6255616272009714,0.1353976927747419,-0.0862173649058895,0.18214936247723124,11,5.0,False,1.6094379124341003,2.302585092994046,0.6931471805599456,Stieger2021/55,-0.5982838496715583
Stieger2021,55,csp_lda,6,6.478845082365775,0.5215311004784688,0.7575757575757576,,0.5430622009569378,0.634768740031898,0.6043062200956937,-0.12280701754385959,0.09170653907496018,0.11323763955342914,11,4.0,False,1.791759469228055,2.302585092994046,0.5108256237659909,Stieger2021/55,-0.21923517782240773
Stieger2021,55,csp_lda,7,6.774055106315447,0.4589827727645611,0.6394585726004922,,0.5933141919606235,0.776456111566858,0.7045939294503691,0.1369975389663658,0.1831419196062345,0.3174733388022969,11,3.0,False,1.9459101490553132,2.302585092994046,0.35667494393873267,Stieger2021/55,-0.05711533853999656
Stieger2021,55,csp_lda,8,6.1654613151977555,0.3938997821350762,0.7564270152505447,,0.6287581699346405,0.7969498910675381,0.7193028322440088,0.04052287581699343,0.1681917211328976,0.4030501089324619,11,2.0,False,2.0794415416798357,2.302585092994046,0.22314355131421015,Stieger2021/55,-0.3913354516791568
Stieger2021,55,csp_lda,9,6.453330513231164,0.6398237179487178,0.6955128205128205,,0.4435096153846153,0.7135416666666666,0.7177884615384615,0.018028846153846145,0.2700320512820513,0.07371794871794879,11,1.0,False,2.1972245773362196,2.302585092994046,0.10536051565782634,Stieger2021/55,-0.23324695761267802
Stieger2021,55,csp_lda,10,5.862673727635231,0.5146153846153846,0.8215384615384616,,0.5796153846153846,0.8215384615384616,0.8215384615384614,0.0,0.2419230769230769,0.30692307692307697,11,0.0,True,2.302585092994046,2.302585092994046,0.0,Stieger2021/55,-0.5576166448974268
Stieger2021,55,eegnet,1,7.232245725874317,0.4983836206896552,0.4983836206896552,,0.4983836206896552,0.794719827586207,,0.29633620689655177,0.29633620689655177,0.29633620689655177,11,9.0,False,0.0,2.302585092994046,2.302585092994046,Stieger2021/55,0.19450819581619536
Stieger2021,55,eegnet,2,4.928199358938311,0.5800453514739229,0.5315192743764173,,0.5646258503401362,0.7995464852607709,,0.26802721088435355,0.23492063492063464,0.219501133786848,11,8.0,False,0.6931471805599453,2.302585092994046,1.6094379124341005,Stieger2021/55,-1.070799877769306
Stieger2021,55,eegnet,3,7.499996532094904,0.5048611111111111,0.6743055555555555,,0.4625,0.7284722222222223,,0.05416666666666681,0.2659722222222223,0.2236111111111112,11,7.0,False,1.0986122886681098,2.302585092994046,1.2039728043259361,Stieger2021/55,0.34154831691864757
Stieger2021,55,eegnet,4,8.62318931321497,0.4504028896915809,0.5348707974437343,,0.5026396221172548,0.8757988330091692,,0.34092803556543483,0.3731592108919144,0.4253959433175883,11,6.0,False,1.3862943611198906,2.302585092994046,0.9162907318741553,Stieger2021/55,0.9583696250914125
Stieger2021,55,eegnet,5,5.788621307225263,0.5455373406193078,0.7422586520947176,,0.6496660595021251,0.8888888888888888,,0.1466302367941712,0.23922282938676376,0.34335154826958103,11,5.0,False,1.6094379124341003,2.302585092994046,0.6931471805599456,Stieger2021/55,-0.5982838496715583
Stieger2021,55,eegnet,6,6.478845082365775,0.4529505582137161,0.6618819776714513,,0.4577352472089314,0.7280701754385964,,0.06618819776714513,0.27033492822966504,0.2751196172248803,11,4.0,False,1.791759469228055,2.302585092994046,0.5108256237659909,Stieger2021/55,-0.21923517782240773
Stieger2021,55,eegnet,7,6.774055106315447,0.6168990976210008,0.8105004101722724,,0.6029532403609515,0.8941755537325677,,0.08367514356029537,0.2912223133716162,0.2772764561115669,11,3.0,False,1.9459101490553132,2.302585092994046,0.35667494393873267,Stieger2021/55,-0.05711533853999656
Stieger2021,55,eegnet,8,6.1654613151977555,0.4836601307189543,0.7163398692810458,,0.4601307189542484,0.7773420479302833,,0.061002178649237515,0.3172113289760349,0.29368191721132897,11,2.0,False,2.0794415416798357,2.302585092994046,0.22314355131421015,Stieger2021/55,-0.3913354516791568
Stieger2021,55,eegnet,9,6.453330513231164,0.4459134615384615,0.84375,,0.4471153846153846,0.875400641025641,,0.03165064102564097,0.4282852564102564,0.42948717948717946,11,1.0,False,2.1972245773362196,2.302585092994046,0.10536051565782634,Stieger2021/55,-0.23324695761267802
Stieger2021,55,eegnet,10,5.862673727635231,0.3815384615384615,0.8634615384615385,,0.625,0.8634615384615385,,0.0,0.2384615384615385,0.481923076923077,11,0.0,True,2.302585092994046,2.302585092994046,0.0,Stieger2021/55,-0.5576166448974268
Stieger2021,55,ts_lr,1,7.232245725874317,0.6417025862068966,0.6417025862068966,0.6644935344827585,0.6417025862068966,0.7863685344827586,0.7076508620689654,0.144665948275862,0.144665948275862,0.144665948275862,11,9.0,False,0.0,2.302585092994046,2.302585092994046,Stieger2021/55,0.19450819581619536
Stieger2021,55,ts_lr,2,4.928199358938311,0.528344671201814,0.7120181405895691,0.7329705215419502,0.7115646258503401,0.8331065759637187,0.739591836734694,0.1210884353741496,0.12154195011337865,0.3047619047619047,11,8.0,False,0.6931471805599453,2.302585092994046,1.6094379124341005,Stieger2021/55,-1.070799877769306
Stieger2021,55,ts_lr,3,7.499996532094904,0.5902777777777778,0.6097222222222223,0.65625,0.5569444444444445,0.7034722222222223,0.6597222222222223,0.09375,0.1465277777777778,0.11319444444444449,11,7.0,False,1.0986122886681098,2.302585092994046,1.2039728043259361,Stieger2021/55,0.34154831691864757
Stieger2021,55,ts_lr,4,8.62318931321497,0.5668241178105029,0.7154765212559043,0.8879133092525702,0.5254237288135594,0.873020283412059,0.8247290914142817,0.15754376215615462,0.3475965545984996,0.30619616560155605,11,6.0,False,1.3862943611198906,2.302585092994046,0.9162907318741553,Stieger2021/55,0.9583696250914125
Stieger2021,55,ts_lr,5,5.788621307225263,0.6193078324225866,0.815725561627201,0.870066788099575,0.7853673345476624,0.8579234972677595,0.8258044930176078,0.042197935640558515,0.07255616272009713,0.23861566484517294,11,5.0,False,1.6094379124341003,2.302585092994046,0.6931471805599456,Stieger2021/55,-0.5982838496715583
Stieger2021,55,ts_lr,6,6.478845082365775,0.6858054226475279,0.8349282296650717,,0.7161084529505581,0.8413078149920256,0.7974481658692184,0.006379585326953818,0.12519936204146742,0.1555023923444977,11,4.0,False,1.791759469228055,2.302585092994046,0.5108256237659909,Stieger2021/55,-0.21923517782240773
Stieger2021,55,ts_lr,7,6.774055106315447,0.6238720262510254,0.8310090237899918,,0.6472518457752257,0.867104183757178,0.8462674323215751,0.03609515996718626,0.21985233798195236,0.24323215750615257,11,3.0,False,1.9459101490553132,2.302585092994046,0.35667494393873267,Stieger2021/55,-0.05711533853999656
Stieger2021,55,ts_lr,8,6.1654613151977555,0.6013071895424836,0.8126361655773421,,0.7202614379084967,0.8230936819172113,0.815686274509804,0.010457516339869244,0.1028322440087146,0.2217864923747277,11,2.0,False,2.0794415416798357,2.302585092994046,0.22314355131421015,Stieger2021/55,-0.3913354516791568
Stieger2021,55,ts_lr,9,6.453330513231164,0.6542467948717949,0.8878205128205128,,0.735576923076923,0.8874198717948718,0.8852564102564102,-0.0004006410256409687,0.1518429487179488,0.23317307692307687,11,1.0,False,2.1972245773362196,2.302585092994046,0.10536051565782634,Stieger2021/55,-0.23324695761267802
Stieger2021,55,ts_lr,10,5.862673727635231,0.6842307692307692,0.9103846153846156,,0.8680769230769231,0.9103846153846156,0.9103846153846156,0.0,0.04230769230769249,0.22615384615384637,11,0.0,True,2.302585092994046,2.302585092994046,0.0,Stieger2021/55,-0.5576166448974268
Stieger2021,56,csp_lda,1,6.717362795753065,0.7135714285714286,0.7135714285714286,0.7203571428571429,0.7135714285714286,0.7539285714285715,0.7021428571428572,0.04035714285714287,0.04035714285714287,0.04035714285714287,7,5.0,False,0.0,1.791759469228055,1.791759469228055,Stieger2021/56,-0.08824892998772063
Stieger2021,56,csp_lda,2,5.994728715632545,0.6752941176470589,0.5864052287581699,0.5768366013071896,0.5704575163398693,0.5647058823529413,0.5707712418300653,-0.021699346405228637,-0.0057516339869280175,-0.11058823529411765,7,4.0,False,0.6931471805599453,1.791759469228055,1.0986122886681096,Stieger2021/56,-0.4850962977082168
Stieger2021,56,csp_lda,3,6.3104696585218685,0.7023060796645704,0.6757512229210343,0.7445842068483577,0.6439552760307476,0.7893081761006289,0.752690426275332,0.11355695317959458,0.14535290006988122,0.0870020964360585,7,3.0,False,1.0986122886681098,1.791759469228055,0.6931471805599452,Stieger2021/56,-0.3117015388472479
Stieger2021,56,csp_lda,4,7.2912139850996285,0.6358695652173914,0.5766304347826087,,0.4826086956521739,0.5842391304347825,0.5740217391304347,0.007608695652173814,0.10163043478260858,-0.05163043478260887,7,2.0,False,1.3862943611198906,1.791759469228055,0.4054651081081644,Stieger2021/56,0.22689166498322094
Stieger2021,56,csp_lda,5,9.16150743708637,0.6380832282471628,0.5494955863808323,,0.544766708701135,0.6610970996216898,0.6440100882723833,0.11160151324085754,0.11633039092055486,0.02301387137452704,7,1.0,False,1.6094379124341003,1.791759469228055,0.18232155679395468,Stieger2021/56,1.2539966046810986
Stieger2021,56,csp_lda,6,7.829013974668021,0.7192460317460319,0.8402777777777778,,0.8280423280423279,0.8402777777777778,0.8402777777777779,0.0,0.012235449735449877,0.12103174603174593,7,0.0,True,1.791759469228055,1.791759469228055,0.0,Stieger2021/56,0.5222341018978098
Stieger2021,56,eegnet,1,6.717362795753065,0.6732142857142858,0.6732142857142858,,0.6732142857142858,0.9110714285714284,,0.23785714285714266,0.23785714285714266,0.23785714285714266,7,5.0,False,0.0,1.791759469228055,1.791759469228055,Stieger2021/56,-0.08824892998772063
Stieger2021,56,eegnet,2,5.994728715632545,0.6941176470588236,0.5108496732026144,,0.4873202614379085,0.7058823529411765,,0.1950326797385621,0.218562091503268,0.0117647058823529,7,4.0,False,0.6931471805599453,1.791759469228055,1.0986122886681096,Stieger2021/56,-0.4850962977082168
Stieger2021,56,eegnet,3,6.3104696585218685,0.590146750524109,0.7962962962962963,,0.6687631027253669,0.8616352201257862,,0.06533892382948991,0.19287211740041932,0.27148846960167716,7,3.0,False,1.0986122886681098,1.791759469228055,0.6931471805599452,Stieger2021/56,-0.3117015388472479
Stieger2021,56,eegnet,4,7.2912139850996285,0.6391304347826087,0.7983695652173913,,0.6652173913043478,0.7994565217391304,,0.0010869565217390686,0.13423913043478264,0.16032608695652173,7,2.0,False,1.3862943611198906,1.791759469228055,0.4054651081081644,Stieger2021/56,0.22689166498322094
Stieger2021,56,eegnet,5,9.16150743708637,0.6295712484237075,0.6793820933165194,,0.6365069356872635,0.8496216897856241,,0.1702395964691047,0.21311475409836067,0.22005044136191665,7,1.0,False,1.6094379124341003,1.791759469228055,0.18232155679395468,Stieger2021/56,1.2539966046810986
Stieger2021,56,eegnet,6,7.829013974668021,0.4877645502645502,0.9289021164021164,,0.740079365079365,0.9289021164021164,,0.0,0.1888227513227514,0.4411375661375662,7,0.0,True,1.791759469228055,1.791759469228055,0.0,Stieger2021/56,0.5222341018978098
Stieger2021,56,ts_lr,1,6.717362795753065,0.8710714285714285,0.8710714285714285,0.8858571428571429,0.8710714285714285,0.9089285714285712,0.8937142857142858,0.0378571428571427,0.0378571428571427,0.0378571428571427,7,5.0,False,0.0,1.791759469228055,1.791759469228055,Stieger2021/56,-0.08824892998772063
Stieger2021,56,ts_lr,2,5.994728715632545,0.7045751633986927,0.7477124183006536,0.732078431372549,0.72,0.7830065359477123,0.7277908496732024,0.0352941176470587,0.06300653594771233,0.07843137254901955,7,4.0,False,0.6931471805599453,1.791759469228055,1.0986122886681096,Stieger2021/56,-0.4850962977082168
Stieger2021,56,ts_lr,3,6.3104696585218685,0.8392732354996505,0.8979734451432565,0.9409503843466108,0.8721174004192872,0.9465408805031448,0.9076170510132776,0.04856743535988828,0.07442348008385757,0.10726764500349428,7,3.0,False,1.0986122886681098,1.791759469228055,0.6931471805599452,Stieger2021/56,-0.3117015388472479
Stieger2021,56,ts_lr,4,7.2912139850996285,0.7646739130434783,0.8255434782608695,,0.8146739130434781,0.8554347826086957,0.8301086956521738,0.029891304347826164,0.04076086956521752,0.09076086956521734,7,2.0,False,1.3862943611198906,1.791759469228055,0.4054651081081644,Stieger2021/56,0.22689166498322094
Stieger2021,56,ts_lr,5,9.16150743708637,0.810529634300126,0.8360655737704918,,0.8401639344262295,0.8556116015132408,0.8547288776796973,0.01954602774274894,0.015447667087011285,0.04508196721311475,7,1.0,False,1.6094379124341003,1.791759469228055,0.18232155679395468,Stieger2021/56,1.2539966046810986
Stieger2021,56,ts_lr,6,7.829013974668021,0.8323412698412698,0.91765873015873,,0.8303571428571428,0.91765873015873,0.91765873015873,0.0,0.08730158730158721,0.08531746031746024,7,0.0,True,1.791759469228055,1.791759469228055,0.0,Stieger2021/56,0.5222341018978098
Stieger2021,57,csp_lda,1,5.7496992848126585,0.829594017094017,0.829594017094017,0.7287393162393163,0.829594017094017,0.9001068376068376,0.6871794871794872,0.0705128205128206,0.0705128205128206,0.0705128205128206,7,5.0,False,0.0,1.791759469228055,1.791759469228055,Stieger2021/57,-0.6196585710772028
Stieger2021,57,csp_lda,2,5.708186642524079,0.772929292929293,0.8743434343434344,0.7751111111111111,0.8092929292929294,0.850909090909091,0.7908686868686869,-0.023434343434343474,0.04161616161616155,0.07797979797979793,7,4.0,False,0.6931471805599453,1.791759469228055,1.0986122886681096,Stieger2021/57,-0.6424559774998253
Stieger2021,57,csp_lda,3,4.929527567611838,0.7634032634032635,0.8735431235431235,0.9224941724941724,0.6448135198135199,0.92511655011655,0.8853729603729603,0.05157342657342656,0.28030303030303017,0.16171328671328655,7,3.0,False,1.0986122886681098,1.791759469228055,0.6931471805599452,Stieger2021/57,-1.0700704683346103
Stieger2021,57,csp_lda,4,5.843048201823565,0.7601626016260162,0.8182346109175378,,0.5673635307781649,0.9250871080139372,0.8325203252032521,0.10685249709639943,0.3577235772357723,0.164924506387921,7,2.0,False,1.3862943611198906,1.791759469228055,0.4054651081081644,Stieger2021/57,-0.5683943517240841
Stieger2021,57,csp_lda,5,5.691040464415343,0.6725055432372505,0.6891352549889134,,0.7585365853658537,0.8454545454545453,0.8427937915742794,0.15631929046563198,0.08691796008869168,0.1729490022172948,7,1.0,False,1.6094379124341003,1.791759469228055,0.18232155679395468,Stieger2021/57,-0.6518721064039366
Stieger2021,57,csp_lda,6,6.642069489697387,0.8011764705882353,0.8501960784313725,,0.572156862745098,0.8501960784313725,0.8501960784313723,0.0,0.27803921568627443,0.04901960784313719,7,0.0,True,1.791759469228055,1.791759469228055,0.0,Stieger2021/57,-0.12959758920150438
Stieger2021,57,eegnet,1,5.7496992848126585,0.6466346153846154,0.6466346153846154,,0.6466346153846154,0.9887820512820512,,0.3421474358974358,0.3421474358974358,0.3421474358974358,7,5.0,False,0.0,1.791759469228055,1.791759469228055,Stieger2021/57,-0.6196585710772028
Stieger2021,57,eegnet,2,5.708186642524079,0.5971717171717171,0.8064646464646463,,0.4993939393939394,0.9886868686868688,,0.1822222222222225,0.48929292929292945,0.3915151515151517,7,4.0,False,0.6931471805599453,1.791759469228055,1.0986122886681096,Stieger2021/57,-0.6424559774998253
Stieger2021,57,eegnet,3,4.929527567611838,0.6156759906759907,0.9370629370629372,,0.7062937062937064,0.9871794871794872,,0.05011655011655003,0.28088578088578087,0.37150349650349657,7,3.0,False,1.0986122886681098,1.791759469228055,0.6931471805599452,Stieger2021/57,-1.0700704683346103
Stieger2021,57,eegnet,4,5.843048201823565,0.5760743321718931,0.8937282229965157,,0.7926829268292683,0.9883855981416956,,0.09465737514517991,0.19570267131242725,0.4123112659698025,7,2.0,False,1.3862943611198906,1.791759469228055,0.4054651081081644,Stieger2021/57,-0.5683943517240841
Stieger2021,57,eegnet,5,5.691040464415343,0.5490022172949002,0.9004434589800444,,0.7798226164079822,0.9181818181818182,,0.0177383592017738,0.13835920177383598,0.36917960088691804,7,1.0,False,1.6094379124341003,1.791759469228055,0.18232155679395468,Stieger2021/57,-0.6518721064039366
Stieger2021,57,eegnet,6,6.642069489697387,0.4749019607843137,0.928235294117647,,0.4274509803921569,0.928235294117647,,0.0,0.5007843137254901,0.45333333333333337,7,0.0,True,1.791759469228055,1.791759469228055,0.0,Stieger2021/57,-0.12959758920150438
Stieger2021,57,ts_lr,1,5.7496992848126585,0.9246794871794872,0.9246794871794872,0.885844017094017,0.9246794871794872,0.9842414529914528,0.9135149572649576,0.0595619658119656,0.0595619658119656,0.0595619658119656,7,5.0,False,0.0,1.791759469228055,1.791759469228055,Stieger2021/57,-0.6196585710772028
Stieger2021,57,ts_lr,2,5.708186642524079,0.9187878787878788,0.9490909090909092,0.949090909090909,0.9195959595959596,0.977777777777778,0.9486060606060608,0.02868686868686876,0.058181818181818334,0.05898989898989915,7,4.0,False,0.6931471805599453,1.791759469228055,1.0986122886681096,Stieger2021/57,-0.6424559774998253
Stieger2021,57,ts_lr,3,4.929527567611838,0.8948135198135198,0.9146270396270396,0.935897435897436,0.8152680652680653,0.94988344988345,0.926981351981352,0.03525641025641035,0.1346153846153847,0.05506993006993022,7,3.0,False,1.0986122886681098,1.791759469228055,0.6931471805599452,Stieger2021/57,-1.0700704683346103
Stieger2021,57,ts_lr,4,5.843048201823565,0.9605110336817654,0.9692218350754936,,0.9547038327526132,0.9802555168408826,0.97862950058072,0.011033681765388992,0.025551684088269466,0.019744483159117254,7,2.0,False,1.3862943611198906,1.791759469228055,0.4054651081081644,Stieger2021/57,-0.5683943517240841
Stieger2021,57,ts_lr,5,5.691040464415343,0.8476718403547672,0.9430155210643016,,0.8419068736141907,0.942350332594235,0.9233259423503328,-0.000665188470066691,0.10044345898004425,0.09467849223946778,7,1.0,False,1.6094379124341003,1.791759469228055,0.18232155679395468,Stieger2021/57,-0.6518721064039366
Stieger2021,57,ts_lr,6,6.642069489697387,0.8898039215686275,0.951372549019608,,0.871764705882353,0.951372549019608,0.951372549019608,0.0,0.079607843137255,0.06156862745098046,7,0.0,True,1.791759469228055,1.791759469228055,0.0,Stieger2021/57,-0.12959758920150438
Stieger2021,58,csp_lda,1,2.683033426282472,0.4688832054560954,0.4688832054560954,0.494927536231884,0.4688832054560954,0.5191815856777493,0.4988064791133844,0.05029838022165389,0.05029838022165389,0.05029838022165389,11,9.0,False,0.0,2.302585092994046,2.302585092994046,Stieger2021/58,-2.30377271281966
Stieger2021,58,csp_lda,2,3.1632847569036935,0.5032757593805837,0.5405995632320826,0.5830057573952749,0.5707762557077626,0.5606511812586856,0.5246773873337304,0.020051618026603046,-0.010125074449076954,0.05737542187810196,11,8.0,False,0.6931471805599453,2.302585092994046,1.6094379124341005,Stieger2021/58,-2.04003414631099
Stieger2021,58,csp_lda,3,3.027626554912191,0.5811965811965812,0.6860916860916861,0.5398601398601398,0.5462315462315462,0.6456876456876457,0.5406371406371406,-0.04040404040404044,0.09945609945609946,0.06449106449106445,11,7.0,False,1.0986122886681098,2.302585092994046,1.2039728043259361,Stieger2021/58,-2.114533262601
Stieger2021,58,csp_lda,4,4.591105497433533,0.5221778431784738,0.5125078831196132,0.5819213790203911,0.4998948917384906,0.575572840025226,0.5159554340971201,0.06306495690561287,0.07567794828673541,0.053394996846752196,11,6.0,False,1.3862943611198906,2.302585092994046,0.9162907318741553,Stieger2021/58,-1.2559209719620927
Stieger2021,58,csp_lda,5,4.716765547503197,0.4679487179487179,0.5442890442890443,0.5784770784770785,0.588966588966589,0.55011655011655,0.5472027972027973,0.005827505827505686,-0.038850038850039015,0.08216783216783213,11,5.0,False,1.6094379124341003,2.302585092994046,0.6931471805599456,Stieger2021/58,-1.1869125187634075
Stieger2021,58,csp_lda,6,2.8774269826209316,0.5123494590732802,0.5305164319248826,,0.5762400489895897,0.5521535007144315,0.5353337415799142,0.021637068789548852,-0.024086548275158215,0.039804041641151255,11,4.0,False,1.791759469228055,2.302585092994046,0.5108256237659909,Stieger2021/58,-2.1970180312221945
Stieger2021,58,csp_lda,7,3.280491312014121,0.4860298895386615,0.4530539311241065,,0.51137102014295,0.5066601689408707,0.4613060428849902,0.05360623781676421,-0.004710851202079258,0.02063027940220924,11,3.0,False,1.9459101490553132,2.302585092994046,0.35667494393873267,Stieger2021/58,-1.9756680803382878
Stieger2021,58,csp_lda,8,4.477490882221704,0.4453125,0.5772569444444444,,0.595486111111111,0.5657986111111111,0.5647569444444445,-0.011458333333333348,-0.029687499999999978,0.12048611111111107,11,2.0,False,2.0794415416798357,2.302585092994046,0.22314355131421015,Stieger2021/58,-1.3183144602042633
Stieger2021,58,csp_lda,9,3.0787824261173995,0.4238875878220141,0.4332552693208431,,0.5443292070926731,0.4754098360655737,0.4234192037470725,0.042154566744730615,-0.06891937102709939,0.05152224824355961,11,1.0,False,2.1972245773362196,2.302585092994046,0.10536051565782634,Stieger2021/58,-2.0864401053728634
Stieger2021,58,csp_lda,10,4.4950940598497375,0.4632728304027226,0.4785876347135565,,0.551332955190017,0.4785876347135565,0.4785876347135565,0.0,-0.07274532047646054,0.015314804310833874,11,0.0,True,2.302585092994046,2.302585092994046,0.0,Stieger2021/58,-1.3086473618797054
Stieger2021,58,eegnet,1,2.683033426282472,0.7382779198635976,0.7382779198635976,,0.7382779198635976,0.9294543904518328,,0.19117647058823517,0.19117647058823517,0.19117647058823517,11,9.0,False,0.0,2.302585092994046,2.302585092994046,Stieger2021/58,-2.30377271281966
Stieger2021,58,eegnet,2,3.1632847569036935,0.5507246376811594,0.7121302362517371,,0.5761365892396267,0.8983521937661306,,0.18622195751439352,0.3222156045265039,0.3476275560849712,11,8.0,False,0.6931471805599453,2.302585092994046,1.6094379124341005,Stieger2021/58,-2.04003414631099
Stieger2021,58,eegnet,3,3.027626554912191,0.6348096348096348,0.7731157731157731,,0.5765345765345766,0.951048951048951,,0.17793317793317798,0.3745143745143744,0.3162393162393162,11,7.0,False,1.0986122886681098,2.302585092994046,1.2039728043259361,Stieger2021/58,-2.114533262601
Stieger2021,58,eegnet,4,4.591105497433533,0.7704435568635695,0.866932940929157,,0.4984233760773597,0.9533319318898466,,0.08639899096068959,0.45490855581248685,0.18288837502627708,11,6.0,False,1.3862943611198906,2.302585092994046,0.9162907318741553,Stieger2021/58,-1.2559209719620927
Stieger2021,58,eegnet,5,4.716765547503197,0.5547785547785549,0.9108391608391608,,0.5897435897435896,0.9675602175602176,,0.05672105672105676,0.37781662781662795,0.41278166278166273,11,5.0,False,1.6094379124341003,2.302585092994046,0.6931471805599456,Stieger2021/58,-1.1869125187634075
Stieger2021,58,eegnet,6,2.8774269826209316,0.603184323331292,0.921616656460502,,0.6503368034292714,0.9477444376403348,,0.026127781179832832,0.2974076342110634,0.34456011430904276,11,4.0,False,1.791759469228055,2.302585092994046,0.5108256237659909,Stieger2021/58,-2.1970180312221945
Stieger2021,58,eegnet,7,3.280491312014121,0.5999025341130604,0.9096816114359974,,0.5199805068226121,0.9355100714749838,,0.025828460038986423,0.4155295646523717,0.3356075373619234,11,3.0,False,1.9459101490553132,2.302585092994046,0.35667494393873267,Stieger2021/58,-1.9756680803382878
Stieger2021,58,eegnet,8,4.477490882221704,0.51875,0.9048611111111112,,0.5723958333333334,0.95625,,0.05138888888888882,0.3838541666666666,0.4375,11,2.0,False,2.0794415416798357,2.302585092994046,0.22314355131421015,Stieger2021/58,-1.3183144602042633
Stieger2021,58,eegnet,9,3.0787824261173995,0.5092004014720641,0.9575108732017396,,0.7226497156239545,0.9772499163599866,,0.019739043158247038,0.25460020073603207,0.46804951488792246,11,1.0,False,2.1972245773362196,2.302585092994046,0.10536051565782634,Stieger2021/58,-2.0864401053728634
Stieger2021,58,eegnet,10,4.4950940598497375,0.8050198525241066,0.9329268292682928,,0.5585649461145774,0.9329268292682928,,0.0,0.37436188315371544,0.12790697674418627,11,0.0,True,2.302585092994046,2.302585092994046,0.0,Stieger2021/58,-1.3086473618797054
Stieger2021,58,ts_lr,1,2.683033426282472,0.662617220801364,0.662617220801364,0.6243819266837171,0.662617220801364,0.7589514066496164,0.6532821824381928,0.09633418584825237,0.09633418584825237,0.09633418584825237,11,9.0,False,0.0,2.302585092994046,2.302585092994046,Stieger2021/58,-2.30377271281966
Stieger2021,58,ts_lr,2,3.1632847569036935,0.630534048044471,0.695850704784594,0.7511216994242604,0.6418503077228509,0.821123684732976,0.7442128250943021,0.12527297994838205,0.17927337701012513,0.19058963668850504,11,8.0,False,0.6931471805599453,2.302585092994046,1.6094379124341005,Stieger2021/58,-2.04003414631099
Stieger2021,58,ts_lr,3,3.027626554912191,0.6674436674436675,0.853923853923854,0.7067599067599067,0.7327117327117327,0.8018648018648019,0.7595959595959596,-0.052059052059052036,0.06915306915306918,0.13442113442113446,11,7.0,False,1.0986122886681098,2.302585092994046,1.2039728043259361,Stieger2021/58,-2.114533262601
Stieger2021,58,ts_lr,4,4.591105497433533,0.5850325835610679,0.7580407820054655,0.7127180996426319,0.6531427370191296,0.7479503889005675,0.7528694555392054,-0.01009039310489801,0.09480765188143792,0.16291780533949962,11,6.0,False,1.3862943611198906,2.302585092994046,0.9162907318741553,Stieger2021/58,-1.2559209719620927
Stieger2021,58,ts_lr,5,4.716765547503197,0.5963480963480965,0.7628205128205129,0.8049728049728049,0.7066822066822066,0.7904040404040403,0.7775446775446776,0.027583527583527445,0.08372183372183373,0.19405594405594384,11,5.0,False,1.6094379124341003,2.302585092994046,0.6931471805599456,Stieger2021/58,-1.1869125187634075
Stieger2021,58,ts_lr,6,2.8774269826209316,0.5886915697081037,0.803429271279853,,0.7728107777097367,0.8518064911206369,0.8476015513370074,0.048377219840783914,0.07899571341090017,0.26311492141253323,11,4.0,False,1.791759469228055,2.302585092994046,0.5108256237659909,Stieger2021/58,-2.1970180312221945
Stieger2021,58,ts_lr,7,3.280491312014121,0.5683885640025991,0.73180636777128,,0.6819363222871995,0.7011046133853152,0.7287199480181937,-0.030701754385964897,0.019168291098115686,0.13271604938271608,11,3.0,False,1.9459101490553132,2.302585092994046,0.35667494393873267,Stieger2021/58,-1.9756680803382878
Stieger2021,58,ts_lr,8,4.477490882221704,0.5151041666666666,0.7494791666666667,,0.6281249999999999,0.7930555555555555,0.7903472222222223,0.04357638888888882,0.16493055555555558,0.27795138888888893,11,2.0,False,2.0794415416798357,2.302585092994046,0.22314355131421015,Stieger2021/58,-1.3183144602042633
Stieger2021,58,ts_lr,9,3.0787824261173995,0.5423218467714955,0.7985948477751756,,0.8303780528604885,0.8200066912010706,0.8109066577450653,0.021411843425894972,-0.010371361659417877,0.2776848444295751,11,1.0,False,2.1972245773362196,2.302585092994046,0.10536051565782634,Stieger2021/58,-2.0864401053728634
Stieger2021,58,ts_lr,10,4.4950940598497375,0.5604083947816223,0.7919739081111741,,0.65655133295519,0.7919739081111741,0.7919739081111741,0.0,0.1354225751559841,0.23156551332955178,11,0.0,True,2.302585092994046,2.302585092994046,0.0,Stieger2021/58,-1.3086473618797054
Stieger2021,59,csp_lda,1,8.586769608644968,0.5219638242894057,0.5219638242894057,0.5325064599483205,0.5219638242894057,0.5669250645994832,0.5120413436692506,0.04496124031007753,0.04496124031007753,0.04496124031007753,11,9.0,False,0.0,2.302585092994046,2.302585092994046,Stieger2021/59,0.9383690960693751
Stieger2021,59,csp_lda,2,9.010344544288005,0.5888615888615889,0.5962325962325962,0.6307944307944308,0.4963144963144963,0.7354627354627353,0.6283374283374284,0.13923013923013916,0.23914823914823902,0.14660114660114643,11,8.0,False,0.6931471805599453,2.302585092994046,1.6094379124341005,Stieger2021/59,1.170982811456675
Stieger2021,59,csp_lda,3,9.40594589198048,0.5450581395348837,0.5368217054263565,0.5198643410852714,0.4932170542635659,0.5474806201550387,0.5319767441860466,0.01065891472868219,0.054263565891472854,0.002422480620155043,11,7.0,False,1.0986122886681098,2.302585092994046,1.2039728043259361,Stieger2021/59,1.3882343331012896
Stieger2021,59,csp_lda,4,9.396133279972608,0.5550505050505051,0.5191919191919192,0.5313131313131313,0.4363636363636363,0.5565656565656566,0.4979797979797979,0.03737373737373739,0.12020202020202031,0.0015151515151514694,11,6.0,False,1.3862943611198906,2.302585092994046,0.9162907318741553,Stieger2021/59,1.3828455625562621
Stieger2021,59,csp_lda,5,6.046204543998917,0.6630188679245282,0.5377358490566037,0.6513207547169811,0.5562264150943396,0.5603773584905661,0.5892830188679247,0.02264150943396248,0.00415094339622657,-0.10264150943396211,11,5.0,False,1.6094379124341003,2.302585092994046,0.6931471805599456,Stieger2021/59,-0.45682743030990625
Stieger2021,59,csp_lda,6,7.555261407297739,0.7708333333333334,0.7644230769230769,,0.7772435897435898,0.5,0.7381410256410256,-0.26442307692307687,-0.27724358974358976,-0.27083333333333337,11,4.0,False,1.791759469228055,2.302585092994046,0.5108256237659909,Stieger2021/59,0.37189800683084956
Stieger2021,59,csp_lda,7,7.424239808790882,0.6468253968253969,0.6626984126984128,,0.7261904761904762,0.615079365079365,0.7948412698412699,-0.04761904761904778,-0.11111111111111116,-0.031746031746031855,11,3.0,False,1.9459101490553132,2.302585092994046,0.35667494393873267,Stieger2021/59,0.2999451638742786
Stieger2021,59,csp_lda,8,6.626165352478885,0.6071428571428572,0.8285714285714285,,0.9214285714285714,0.7214285714285714,0.7685714285714286,-0.1071428571428571,-0.19999999999999996,0.11428571428571421,11,2.0,False,2.0794415416798357,2.302585092994046,0.22314355131421015,Stieger2021/59,-0.1383316292428702
Stieger2021,59,csp_lda,9,7.834866607721777,0.6153846153846154,0.6230769230769231,,0.9846153846153848,0.9307692307692308,0.7723076923076924,0.3076923076923077,-0.05384615384615399,0.3153846153846154,11,1.0,False,2.1972245773362196,2.302585092994046,0.10536051565782634,Stieger2021/59,0.5254481795140077
Stieger2021,59,csp_lda,10,8.048725273386703,0.7070707070707071,0.7626262626262627,,0.8888888888888888,0.7626262626262627,0.7626262626262627,0.0,-0.1262626262626262,0.05555555555555558,11,0.0,True,2.302585092994046,2.302585092994046,0.0,Stieger2021/59,0.6428924723699287
Stieger2021,59,eegnet,1,8.586769608644968,0.6227390180878553,0.6227390180878553,,0.6227390180878553,0.6816537467700259,,0.058914728682170625,0.058914728682170625,0.058914728682170625,11,9.0,False,0.0,2.302585092994046,2.302585092994046,Stieger2021/59,0.9383690960693751
Stieger2021,59,eegnet,2,9.010344544288005,0.6568386568386568,0.6388206388206388,,0.4676494676494676,0.8927108927108928,,0.253890253890254,0.4250614250614252,0.23587223587223594,11,8.0,False,0.6931471805599453,2.302585092994046,1.6094379124341005,Stieger2021/59,1.170982811456675
Stieger2021,59,eegnet,3,9.40594589198048,0.6584302325581396,0.6337209302325582,,0.5179263565891472,0.7902131782945737,,0.15649224806201556,0.2722868217054265,0.13178294573643412,11,7.0,False,1.0986122886681098,2.302585092994046,1.2039728043259361,Stieger2021/59,1.3882343331012896
Stieger2021,59,eegnet,4,9.396133279972608,0.6090909090909091,0.6080808080808081,,0.405050505050505,0.748989898989899,,0.14090909090909087,0.343939393939394,0.13989898989898986,11,6.0,False,1.3862943611198906,2.302585092994046,0.9162907318741553,Stieger2021/59,1.3828455625562621
Stieger2021,59,eegnet,5,6.046204543998917,0.6754716981132075,0.890188679245283,,0.4815094339622641,0.8981132075471698,,0.007924528301886835,0.41660377358490575,0.22264150943396233,11,5.0,False,1.6094379124341003,2.302585092994046,0.6931471805599456,Stieger2021/59,-0.45682743030990625
Stieger2021,59,eegnet,6,7.555261407297739,0.8445512820512822,0.9791666666666666,,0.4407051282051282,0.971153846153846,,-0.008012820512820595,0.5304487179487178,0.12660256410256387,11,4.0,False,1.791759469228055,2.302585092994046,0.5108256237659909,Stieger2021/59,0.37189800683084956
Stieger2021,59,eegnet,7,7.424239808790882,0.5932539682539684,0.9265873015873016,,0.8531746031746033,0.9682539682539684,,0.04166666666666674,0.11507936507936511,0.375,11,3.0,False,1.9459101490553132,2.302585092994046,0.35667494393873267,Stieger2021/59,0.2999451638742786
Stieger2021,59,eegnet,8,6.626165352478885,0.8357142857142857,1.0,,0.9642857142857142,0.9857142857142858,,-0.014285714285714235,0.021428571428571574,0.15000000000000002,11,2.0,False,2.0794415416798357,2.302585092994046,0.22314355131421015,Stieger2021/59,-0.1383316292428702
Stieger2021,59,eegnet,9,7.834866607721777,0.7538461538461538,0.9692307692307692,,0.9692307692307692,0.976923076923077,,0.007692307692307776,0.007692307692307776,0.22307692307692317,11,1.0,False,2.1972245773362196,2.302585092994046,0.10536051565782634,Stieger2021/59,0.5254481795140077
Stieger2021,59,eegnet,10,8.048725273386703,0.9595959595959596,0.9949494949494948,,0.9848484848484848,0.9949494949494948,,0.0,0.010101010101010055,0.03535353535353525,11,0.0,True,2.302585092994046,2.302585092994046,0.0,Stieger2021/59,0.6428924723699287
Stieger2021,59,ts_lr,1,8.586769608644968,0.6816537467700258,0.6816537467700258,0.5795348837209302,0.6816537467700258,0.7643410852713178,0.6220155038759689,0.08268733850129206,0.08268733850129206,0.08268733850129206,11,9.0,False,0.0,2.302585092994046,2.302585092994046,Stieger2021/59,0.9383690960693751
Stieger2021,59,ts_lr,2,9.010344544288005,0.7133497133497134,0.6552006552006552,0.6666666666666666,0.6306306306306306,0.7330057330057331,0.6617526617526618,0.07780507780507795,0.1023751023751025,0.019656019656019708,11,8.0,False,0.6931471805599453,2.302585092994046,1.6094379124341005,Stieger2021/59,1.170982811456675
Stieger2021,59,ts_lr,3,9.40594589198048,0.7374031007751938,0.814437984496124,0.7121124031007751,0.5872093023255813,0.8498062015503877,0.6874031007751938,0.03536821705426363,0.26259689922480633,0.11240310077519389,11,7.0,False,1.0986122886681098,2.302585092994046,1.2039728043259361,Stieger2021/59,1.3882343331012896
Stieger2021,59,ts_lr,4,9.396133279972608,0.5782828282828283,0.6217171717171718,0.6137373737373737,0.547979797979798,0.7136363636363636,0.662929292929293,0.09191919191919184,0.1656565656565656,0.13535353535353534,11,6.0,False,1.3862943611198906,2.302585092994046,0.9162907318741553,Stieger2021/59,1.3828455625562621
Stieger2021,59,ts_lr,5,6.046204543998917,0.6769811320754717,0.770188679245283,0.710943396226415,0.7452830188679245,0.7883018867924528,0.7698867924528302,0.01811320754716983,0.04301886792452836,0.11132075471698111,11,5.0,False,1.6094379124341003,2.302585092994046,0.6931471805599456,Stieger2021/59,-0.45682743030990625
Stieger2021,59,ts_lr,6,7.555261407297739,0.8653846153846154,0.9310897435897436,,0.8782051282051282,0.9166666666666666,0.8663461538461539,-0.014423076923076983,0.038461538461538436,0.05128205128205121,11,4.0,False,1.791759469228055,2.302585092994046,0.5108256237659909,Stieger2021/59,0.37189800683084956
Stieger2021,59,ts_lr,7,7.424239808790882,0.8511904761904763,0.9067460317460316,,0.7757936507936508,0.9126984126984128,0.878968253968254,0.005952380952381153,0.13690476190476197,0.06150793650793651,11,3.0,False,1.9459101490553132,2.302585092994046,0.35667494393873267,Stieger2021/59,0.2999451638742786
Stieger2021,59,ts_lr,8,6.626165352478885,0.9071428571428573,0.8142857142857143,,0.8214285714285715,0.8142857142857143,0.9042857142857142,0.0,-0.0071428571428572285,-0.09285714285714297,11,2.0,False,2.0794415416798357,2.302585092994046,0.22314355131421015,Stieger2021/59,-0.1383316292428702
Stieger2021,59,ts_lr,9,7.834866607721777,0.9307692307692308,1.0,,0.976923076923077,1.0,1.0,0.0,0.023076923076922995,0.0692307692307692,11,1.0,False,2.1972245773362196,2.302585092994046,0.10536051565782634,Stieger2021/59,0.5254481795140077
Stieger2021,59,ts_lr,10,8.048725273386703,0.9898989898989898,0.8535353535353535,,1.0,0.8535353535353535,0.8535353535353535,0.0,-0.14646464646464652,-0.13636363636363635,11,0.0,True,2.302585092994046,2.302585092994046,0.0,Stieger2021/59,0.6428924723699287
Stieger2021,60,csp_lda,1,8.723651742555802,0.7400793650793651,0.7400793650793651,0.8214285714285714,0.7400793650793651,0.9623015873015872,0.6388888888888888,0.2222222222222221,0.2222222222222221,0.2222222222222221,7,5.0,False,0.0,1.791759469228055,1.791759469228055,Stieger2021/60,1.0135403563584269
Stieger2021,60,csp_lda,2,6.637582202897261,0.5750487329434698,0.5146198830409356,0.7586744639376218,0.4970760233918129,0.736842105263158,0.580896686159844,0.22222222222222232,0.23976608187134507,0.16179337231968816,7,4.0,False,0.6931471805599453,1.791759469228055,1.0986122886681096,Stieger2021/60,-0.13206186261985733
Stieger2021,60,csp_lda,3,8.812627501803322,0.6153846153846154,0.673076923076923,0.4903846153846154,0.7211538461538461,0.6057692307692307,0.6365384615384615,-0.06730769230769229,-0.11538461538461542,-0.009615384615384692,7,3.0,False,1.0986122886681098,1.791759469228055,0.6931471805599452,Stieger2021/60,1.0624029782851727
Stieger2021,60,csp_lda,4,8.461489050578912,0.5481481481481482,0.9481481481481482,,0.6481481481481481,0.9962962962962963,0.962962962962963,0.04814814814814816,0.3481481481481482,0.4481481481481482,7,2.0,False,1.3862943611198906,1.791759469228055,0.4054651081081644,Stieger2021/60,0.8695690476592902
Stieger2021,60,csp_lda,5,12.741610660731371,0.5470967741935484,0.8683870967741936,,0.5793548387096774,0.6038709677419355,0.6903225806451613,-0.2645161290322581,0.024516129032258083,0.056774193548387086,7,1.0,False,1.6094379124341003,1.791759469228055,0.18232155679395468,Stieger2021/60,3.2200740144736586
Stieger2021,60,csp_lda,6,12.648616410473794,0.4921602787456446,0.8318815331010452,,0.7508710801393729,0.8318815331010452,0.8318815331010452,0.0,0.08101045296167231,0.33972125435540057,7,0.0,True,1.791759469228055,1.791759469228055,0.0,Stieger2021/60,3.16900456668107
Stieger2021,60,eegnet,1,8.723651742555802,0.8373015873015873,0.8373015873015873,,0.8373015873015873,0.9861111111111112,,0.14880952380952384,0.14880952380952384,0.14880952380952384,7,5.0,False,0.0,1.791759469228055,1.791759469228055,Stieger2021/60,1.0135403563584269
Stieger2021,60,eegnet,2,6.637582202897261,0.5672514619883041,0.8284600389863548,,0.8206627680311891,0.8206627680311891,,-0.007797270955165692,0.0,0.253411306042885,7,4.0,False,0.6931471805599453,1.791759469228055,1.0986122886681096,Stieger2021/60,-0.13206186261985733
Stieger2021,60,eegnet,3,8.812627501803322,0.3846153846153846,0.8653846153846154,,0.5673076923076923,0.7884615384615384,,-0.07692307692307698,0.22115384615384615,0.40384615384615385,7,3.0,False,1.0986122886681098,1.791759469228055,0.6931471805599452,Stieger2021/60,1.0624029782851727
Stieger2021,60,eegnet,4,8.461489050578912,0.6555555555555554,0.8740740740740741,,0.7444444444444445,0.9037037037037036,,0.02962962962962945,0.1592592592592591,0.24814814814814812,7,2.0,False,1.3862943611198906,1.791759469228055,0.4054651081081644,Stieger2021/60,0.8695690476592902
Stieger2021,60,eegnet,5,12.741610660731371,0.6541935483870968,0.7083870967741935,,0.6387096774193548,0.7870967741935483,,0.07870967741935475,0.14838709677419348,0.13290322580645153,7,1.0,False,1.6094379124341003,1.791759469228055,0.18232155679395468,Stieger2021/60,3.2200740144736586
Stieger2021,60,eegnet,6,12.648616410473794,0.5714285714285715,0.886759581881533,,0.4642857142857143,0.886759581881533,,0.0,0.42247386759581873,0.3153310104529615,7,0.0,True,1.791759469228055,1.791759469228055,0.0,Stieger2021/60,3.16900456668107
Stieger2021,60,ts_lr,1,8.723651742555802,0.9365079365079364,0.9365079365079364,0.8777777777777779,0.9365079365079364,0.9484126984126984,0.7301587301587301,0.011904761904761973,0.011904761904761973,0.011904761904761973,7,5.0,False,0.0,1.791759469228055,1.791759469228055,Stieger2021/60,1.0135403563584269
Stieger2021,60,ts_lr,2,6.637582202897261,0.7309941520467836,0.760233918128655,0.7785575048732942,0.6939571150097466,0.8265107212475633,0.7411306042884991,0.06627680311890827,0.13255360623781676,0.09551656920077967,7,4.0,False,0.6931471805599453,1.791759469228055,1.0986122886681096,Stieger2021/60,-0.13206186261985733
Stieger2021,60,ts_lr,3,8.812627501803322,0.8653846153846154,0.9615384615384616,0.9230769230769232,0.8365384615384616,0.971153846153846,0.9403846153846154,0.00961538461538447,0.13461538461538447,0.10576923076923062,7,3.0,False,1.0986122886681098,1.791759469228055,0.6931471805599452,Stieger2021/60,1.0624029782851727
Stieger2021,60,ts_lr,4,8.461489050578912,0.9074074074074074,0.8999999999999999,,0.674074074074074,0.8777777777777778,0.882962962962963,-0.022222222222222143,0.20370370370370372,-0.029629629629629672,7,2.0,False,1.3862943611198906,1.791759469228055,0.4054651081081644,Stieger2021/60,0.8695690476592902
Stieger2021,60,ts_lr,5,12.741610660731371,0.6232258064516129,0.6748387096774194,,0.5948387096774194,0.6890322580645162,0.6779354838709677,0.014193548387096744,0.09419354838709681,0.06580645161290333,7,1.0,False,1.6094379124341003,1.791759469228055,0.18232155679395468,Stieger2021/60,3.2200740144736586
Stieger2021,60,ts_lr,6,12.648616410473794,0.8667247386759582,0.8684668989547039,,0.7351916376306621,0.8684668989547039,0.8684668989547039,0.0,0.13327526132404177,0.0017421602787456303,7,0.0,True,1.791759469228055,1.791759469228055,0.0,Stieger2021/60,3.16900456668107
Stieger2021,61,csp_lda,1,6.138809357037357,0.60625,0.60625,0.7278525641025642,0.60625,0.7541666666666667,0.7019871794871795,0.1479166666666667,0.1479166666666667,0.1479166666666667,7,5.0,False,0.0,1.791759469228055,1.791759469228055,Stieger2021/61,-0.4059718488980465
Stieger2021,61,csp_lda,2,6.845465421952736,0.7473344556677889,0.6797138047138045,0.6705948372615038,0.6527777777777777,0.7874579124579124,0.6920875420875421,0.10774410774410792,0.13468013468013473,0.040123456790123524,7,4.0,False,0.6931471805599453,1.791759469228055,1.0986122886681096,Stieger2021/61,-0.01789909263028033
Stieger2021,61,csp_lda,3,7.183414062801102,0.8376344086021505,0.773763440860215,0.8425806451612903,0.709247311827957,0.850752688172043,0.847010752688172,0.07698924731182799,0.141505376344086,0.013118279569892421,7,3.0,False,1.0986122886681098,1.791759469228055,0.6931471805599452,Stieger2021/61,0.1676914188537976
Stieger2021,61,csp_lda,4,3.865188945612072,0.7793843283582089,0.8868936567164178,,0.7157182835820896,0.8442164179104478,0.7955223880597015,-0.042677238805970075,0.12849813432835822,0.06483208955223885,7,2.0,False,1.3862943611198906,1.791759469228055,0.4054651081081644,Stieger2021/61,-1.6545709674439562
Stieger2021,61,csp_lda,5,4.665324440929549,0.8309859154929577,0.8569542253521126,,0.7893926056338029,0.8609154929577465,0.8408450704225352,0.003961267605633867,0.07152288732394363,0.029929577464788748,7,1.0,False,1.6094379124341003,1.791759469228055,0.18232155679395468,Stieger2021/61,-1.2151623180712081
Stieger2021,61,csp_lda,6,4.0657308020914185,0.7937356760886172,0.8464476699770818,,0.6878023936847466,0.8464476699770818,0.8464476699770817,0.0,0.15864527629233516,0.05271199388846459,7,0.0,True,1.791759469228055,1.791759469228055,0.0,Stieger2021/61,-1.5444398373866288
Stieger2021,61,eegnet,1,6.138809357037357,0.5498397435897436,0.5498397435897436,,0.5498397435897436,0.8709935897435898,,0.3211538461538461,0.3211538461538461,0.3211538461538461,7,5.0,False,0.0,1.791759469228055,1.791759469228055,Stieger2021/61,-0.4059718488980465
Stieger2021,61,eegnet,2,6.845465421952736,0.5608866442199775,0.7849326599326599,,0.6430976430976431,0.9002525252525252,,0.11531986531986527,0.25715488215488214,0.3393658810325477,7,4.0,False,0.6931471805599453,1.791759469228055,1.0986122886681096,Stieger2021/61,-0.01789909263028033
Stieger2021,61,eegnet,3,7.183414062801102,0.5311827956989248,0.764731182795699,,0.66,0.881505376344086,,0.11677419354838703,0.22150537634408596,0.3503225806451612,7,3.0,False,1.0986122886681098,1.791759469228055,0.6931471805599452,Stieger2021/61,0.1676914188537976
Stieger2021,61,eegnet,4,3.865188945612072,0.5797574626865671,0.8950559701492538,,0.7112873134328359,0.9333022388059702,,0.03824626865671643,0.22201492537313428,0.35354477611940305,7,2.0,False,1.3862943611198906,1.791759469228055,0.4054651081081644,Stieger2021/61,-1.6545709674439562
Stieger2021,61,eegnet,5,4.665324440929549,0.629181338028169,0.9245158450704224,,0.7497799295774649,0.9300176056338028,,0.0055017605633803646,0.1802376760563379,0.30083626760563376,7,1.0,False,1.6094379124341003,1.791759469228055,0.18232155679395468,Stieger2021/61,-1.2151623180712081
Stieger2021,61,eegnet,6,4.0657308020914185,0.6684491978609626,0.951107715813598,,0.5266106442577031,0.951107715813598,,0.0,0.4244970715558949,0.2826585179526354,7,0.0,True,1.791759469228055,1.791759469228055,0.0,Stieger2021/61,-1.5444398373866288
Stieger2021,61,ts_lr,1,6.138809357037357,0.7520833333333333,0.7520833333333333,0.7564102564102563,0.7520833333333333,0.8575320512820513,0.7524999999999998,0.10544871794871802,0.10544871794871802,0.10544871794871802,7,5.0,False,0.0,1.791759469228055,1.791759469228055,Stieger2021/61,-0.4059718488980465
Stieger2021,61,ts_lr,2,6.845465421952736,0.7034231200897867,0.7605218855218855,0.7792648709315376,0.7133838383838385,0.8193041526374859,0.7633838383838384,0.05878226711560042,0.10592031425364745,0.11588103254769921,7,4.0,False,0.6931471805599453,1.791759469228055,1.0986122886681096,Stieger2021/61,-0.01789909263028033
Stieger2021,61,ts_lr,3,7.183414062801102,0.7619354838709677,0.8683870967741936,0.8918279569892473,0.7765591397849462,0.9116129032258063,0.8866236559139786,0.04322580645161278,0.13505376344086018,0.1496774193548387,7,3.0,False,1.0986122886681098,1.791759469228055,0.6931471805599452,Stieger2021/61,0.1676914188537976
Stieger2021,61,ts_lr,4,3.865188945612072,0.7784514925373134,0.8973880597014925,,0.8512126865671642,0.8875932835820896,0.8869402985074627,-0.009794776119402937,0.03638059701492535,0.10914179104477617,7,2.0,False,1.3862943611198906,1.791759469228055,0.4054651081081644,Stieger2021/61,-1.6545709674439562
Stieger2021,61,ts_lr,5,4.665324440929549,0.7788292253521126,0.8747799295774648,,0.7726672535211268,0.9170334507042254,0.9202024647887324,0.04225352112676062,0.14436619718309862,0.13820422535211274,7,1.0,False,1.6094379124341003,1.791759469228055,0.18232155679395468,Stieger2021/61,-1.2151623180712081
Stieger2021,61,ts_lr,6,4.0657308020914185,0.7761650114591292,0.8905016552075375,,0.8405907817672523,0.8905016552075375,0.8905016552075375,0.0,0.04991087344028522,0.11433664374840835,7,0.0,True,1.791759469228055,1.791759469228055,0.0,Stieger2021/61,-1.5444398373866288
Stieger2021,62,csp_lda,1,7.893542831124597,0.6200980392156863,0.6200980392156863,0.7370588235294118,0.6200980392156863,0.7480392156862745,0.7569607843137255,0.12794117647058822,0.12794117647058822,0.12794117647058822,7,5.0,False,0.0,1.791759469228055,1.791759469228055,Stieger2021/62,0.5576712720109812
Stieger2021,62,csp_lda,2,6.659383968901205,0.5735294117647058,0.7196691176470588,0.7726102941176469,0.7729779411764706,0.8106617647058825,0.8086397058823529,0.0909926470588237,0.03768382352941191,0.23713235294117663,7,4.0,False,0.6931471805599453,1.791759469228055,1.0986122886681096,Stieger2021/62,-0.12008903475533103
Stieger2021,62,csp_lda,3,6.099115570688601,0.4742690058479533,0.6157894736842104,0.7380116959064327,0.6491228070175438,0.7093567251461989,0.675438596491228,0.09356725146198841,0.060233918128655084,0.23508771929824557,7,3.0,False,1.0986122886681098,1.791759469228055,0.6931471805599452,Stieger2021/62,-0.42777039820634455
Stieger2021,62,csp_lda,4,6.9961752709024125,0.6561320754716982,0.7075471698113207,,0.6839622641509433,0.7617924528301887,0.7384905660377359,0.054245283018867996,0.0778301886792454,0.10566037735849054,7,2.0,False,1.3862943611198906,1.791759469228055,0.4054651081081644,Stieger2021/62,0.0648659035006217
Stieger2021,62,csp_lda,5,7.408334668613765,0.5170068027210885,0.6811224489795918,,0.6296768707482994,0.6930272108843538,0.6889455782312925,0.011904761904761973,0.06335034013605445,0.17602040816326536,7,1.0,False,1.6094379124341003,1.791759469228055,0.18232155679395468,Stieger2021/62,0.29121057304033715
Stieger2021,62,csp_lda,6,6.127170683770165,0.4777777777777778,0.6581196581196581,,0.6487179487179486,0.6581196581196581,0.6581196581196581,0.0,0.00940170940170948,0.1803418803418803,7,0.0,True,1.791759469228055,1.791759469228055,0.0,Stieger2021/62,-0.412363433486852
Stieger2021,62,eegnet,1,7.893542831124597,0.4990196078431373,0.4990196078431373,,0.4990196078431373,0.7470588235294118,,0.24803921568627446,0.24803921568627446,0.24803921568627446,7,5.0,False,0.0,1.791759469228055,1.791759469228055,Stieger2021/62,0.5576712720109812
Stieger2021,62,eegnet,2,6.659383968901205,0.6479779411764707,0.785845588235294,,0.6507352941176471,0.7049632352941176,,-0.0808823529411764,0.05422794117647056,0.05698529411764697,7,4.0,False,0.6931471805599453,1.791759469228055,1.0986122886681096,Stieger2021/62,-0.12008903475533103
Stieger2021,62,eegnet,3,6.099115570688601,0.5818713450292398,0.601169590643275,,0.5333333333333332,0.7976608187134503,,0.19649122807017527,0.2643274853801171,0.21578947368421053,7,3.0,False,1.0986122886681098,1.791759469228055,0.6931471805599452,Stieger2021/62,-0.42777039820634455
Stieger2021,62,eegnet,4,6.9961752709024125,0.6278301886792453,0.694811320754717,,0.5160377358490567,0.7693396226415095,,0.07452830188679249,0.2533018867924528,0.14150943396226412,7,2.0,False,1.3862943611198906,1.791759469228055,0.4054651081081644,Stieger2021/62,0.0648659035006217
Stieger2021,62,eegnet,5,7.408334668613765,0.4817176870748299,0.7529761904761905,,0.659438775510204,0.7687074829931972,,0.01573129251700678,0.10926870748299322,0.2869897959183673,7,1.0,False,1.6094379124341003,1.791759469228055,0.18232155679395468,Stieger2021/62,0.29121057304033715
Stieger2021,62,eegnet,6,6.127170683770165,0.5205128205128206,0.5333333333333333,,0.6247863247863248,0.5333333333333333,,0.0,-0.09145299145299146,0.012820512820512775,7,0.0,True,1.791759469228055,1.791759469228055,0.0,Stieger2021/62,-0.412363433486852
Stieger2021,62,ts_lr,1,7.893542831124597,0.6651960784313725,0.6651960784313725,0.7208823529411765,0.6651960784313725,0.8004901960784314,0.7376470588235294,0.1352941176470589,0.1352941176470589,0.1352941176470589,7,5.0,False,0.0,1.791759469228055,1.791759469228055,Stieger2021/62,0.5576712720109812
Stieger2021,62,ts_lr,2,6.659383968901205,0.7352941176470588,0.8584558823529411,0.8145220588235293,0.8373161764705882,0.8180147058823529,0.8277573529411765,-0.0404411764705882,-0.01930147058823528,0.08272058823529416,7,4.0,False,0.6931471805599453,1.791759469228055,1.0986122886681096,Stieger2021/62,-0.12008903475533103
Stieger2021,62,ts_lr,3,6.099115570688601,0.6374269005847953,0.7421052631578948,0.7520467836257311,0.7865497076023392,0.7368421052631579,0.7529824561403509,-0.0052631578947369695,-0.04970760233918137,0.09941520467836251,7,3.0,False,1.0986122886681098,1.791759469228055,0.6931471805599452,Stieger2021/62,-0.42777039820634455
Stieger2021,62,ts_lr,4,6.9961752709024125,0.7018867924528301,0.8764150943396226,,0.8183962264150944,0.8966981132075471,0.8934905660377357,0.020283018867924496,0.07830188679245276,0.19481132075471697,7,2.0,False,1.3862943611198906,1.791759469228055,0.4054651081081644,Stieger2021/62,0.0648659035006217
Stieger2021,62,ts_lr,5,7.408334668613765,0.6428571428571428,0.7512755102040815,,0.6994047619047619,0.7980442176870749,0.79328231292517,0.046768707482993443,0.09863945578231303,0.1551870748299321,7,1.0,False,1.6094379124341003,1.791759469228055,0.18232155679395468,Stieger2021/62,0.29121057304033715
Stieger2021,62,ts_lr,6,6.127170683770165,0.611965811965812,0.7299145299145299,,0.7282051282051283,0.7299145299145299,0.7299145299145299,0.0,0.0017094017094015923,0.11794871794871786,7,0.0,True,1.791759469228055,1.791759469228055,0.0,Stieger2021/62,-0.412363433486852
Zhou2016,1,csp_lda,1,1.809975073865804,0.8243999999999999,0.8243999999999999,0.8568,0.8243999999999999,0.9024,0.8244,0.07800000000000007,0.07800000000000007,0.07800000000000007,3,1.0,False,0.0,0.6931471805599453,0.6931471805599453,Zhou2016/1,-0.13090605982476716
Zhou2016,1,csp_lda,2,1.7199356617562325,0.834,0.5896,,0.5376000000000001,0.5896,0.5896,0.0,0.051999999999999935,-0.24439999999999995,3,0.0,True,0.6931471805599453,0.6931471805599453,0.0,Zhou2016/1,-0.36862084390602856
Zhou2016,1,ts_lr,1,1.809975073865804,0.8412000000000001,0.8412000000000001,0.8772,0.8412000000000001,0.8668,0.8412000000000001,0.025599999999999956,0.025599999999999956,0.025599999999999956,3,1.0,False,0.0,0.6931471805599453,0.6931471805599453,Zhou2016/1,-0.13090605982476716
Zhou2016,1,ts_lr,2,1.7199356617562325,0.9296,0.9448,,0.9344,0.9448,0.9448,0.0,0.010399999999999965,0.015199999999999991,3,0.0,True,0.6931471805599453,0.6931471805599453,0.0,Zhou2016/1,-0.36862084390602856
Zhou2016,2,csp_lda,1,2.4313067037694434,0.6602469135802469,0.6602469135802469,0.7081481481481482,0.6602469135802469,0.7046913580246913,0.6889876543209876,0.0444444444444444,0.0444444444444444,0.0444444444444444,3,1.0,False,0.0,0.6931471805599453,0.6931471805599453,Zhou2016/2,1.5094835294104647
Zhou2016,2,csp_lda,2,1.9526499404114912,0.8364,0.8264,,0.798,0.8264,0.8263999999999999,0.0,0.02839999999999998,-0.010000000000000009,3,0.0,True,0.6931471805599453,0.6931471805599453,0.0,Zhou2016/2,0.2457726001098129
Zhou2016,2,ts_lr,1,2.4313067037694434,0.7353086419753087,0.7353086419753087,0.7530864197530864,0.7353086419753087,0.7362962962962963,0.7459753086419754,0.0009876543209876854,0.0009876543209876854,0.0009876543209876854,3,1.0,False,0.0,0.6931471805599453,0.6931471805599453,Zhou2016/2,1.5094835294104647
Zhou2016,2,ts_lr,2,1.9526499404114912,0.9164,0.8959999999999999,,0.8324,0.8959999999999999,0.8959999999999999,0.0,0.06359999999999988,-0.020400000000000085,3,0.0,True,0.6931471805599453,0.6931471805599453,0.0,Zhou2016/2,0.2457726001098129
Zhou2016,3,csp_lda,1,2.2528823628098724,0.9604,0.9604,0.9384,0.9604,0.9696,0.9428,0.009199999999999986,0.009199999999999986,0.009199999999999986,3,1.0,False,0.0,0.6931471805599453,0.6931471805599453,Zhou2016/3,1.0384219943303508
Zhou2016,3,csp_lda,2,1.9882553831346792,0.9692,0.97,,0.9336,0.97,0.97,0.0,0.03639999999999999,0.0008000000000000229,3,0.0,True,0.6931471805599453,0.6931471805599453,0.0,Zhou2016/3,0.339775214417871
Zhou2016,3,ts_lr,1,2.2528823628098724,0.966,0.966,0.9364,0.966,0.95,0.94232,-0.016000000000000014,-0.016000000000000014,-0.016000000000000014,3,1.0,False,0.0,0.6931471805599453,0.6931471805599453,Zhou2016/3,1.0384219943303508
Zhou2016,3,ts_lr,2,1.9882553831346792,0.968,0.9644,,0.946,0.9644,0.9643999999999998,0.0,0.018400000000000083,-0.0035999999999999366,3,0.0,True,0.6931471805599453,0.6931471805599453,0.0,Zhou2016/3,0.339775214417871
Zhou2016,4,csp_lda,1,1.6070030692615358,0.946,0.946,0.9148,0.946,0.9388,0.92728,-0.007199999999999984,-0.007199999999999984,-0.007199999999999984,3,1.0,False,0.0,0.6931471805599453,0.6931471805599453,Zhou2016/4,-0.6667763539391742
Zhou2016,4,csp_lda,2,1.114459509870984,0.976,0.8807999999999999,,0.862,0.8807999999999999,0.8808,0.0,0.018799999999999928,-0.09520000000000006,3,0.0,True,0.6931471805599453,0.6931471805599453,0.0,Zhou2016/4,-1.9671500805985287
Zhou2016,4,ts_lr,1,1.6070030692615358,0.98,0.98,0.9748,0.98,0.9792,0.97688,-0.0008000000000000229,-0.0008000000000000229,-0.0008000000000000229,3,1.0,False,0.0,0.6931471805599453,0.6931471805599453,Zhou2016/4,-0.6667763539391742
Zhou2016,4,ts_lr,2,1.114459509870984,0.9812,0.9732,,0.9648,0.9732,0.9732,0.0,0.008399999999999963,-0.008000000000000007,3,0.0,True,0.6931471805599453,0.6931471805599453,0.0,Zhou2016/4,-1.9671500805985287
Zhou2020,1,csp_lda,1,7.623861789706407,0.5144444444444444,0.5144444444444444,0.5558888888888889,0.5144444444444444,0.7588888888888888,0.5468333333333333,0.24444444444444446,0.24444444444444446,0.24444444444444446,7,5.0,False,0.0,1.791759469228055,1.791759469228055,Zhou2020/1,0.47801018751303703
Zhou2020,1,csp_lda,2,8.54568108129978,0.4657142857142857,0.787551020408163,0.6483673469387755,0.726938775510204,0.7173469387755103,0.6470612244897959,-0.07020408163265279,-0.00959183673469377,0.25163265306122456,7,4.0,False,0.6931471805599453,1.791759469228055,1.0986122886681096,Zhou2020/1,0.8507902512527941
Zhou2020,1,csp_lda,3,7.8180976267344064,0.4891666666666666,0.7227777777777777,0.6072222222222222,0.6816666666666665,0.6722222222222222,0.6890000000000001,-0.050555555555555576,-0.009444444444444366,0.18305555555555558,7,3.0,False,1.0986122886681098,1.791759469228055,0.6931471805599452,Zhou2020/1,0.5565583892790104
Zhou2020,1,csp_lda,4,5.07733119277666,0.5125,0.6461111111111111,,0.5966666666666667,0.6683333333333333,0.6621111111111111,0.022222222222222254,0.07166666666666666,0.15583333333333338,7,2.0,False,1.3862943611198906,1.791759469228055,0.4054651081081644,Zhou2020/1,-0.5517966812473752
Zhou2020,1,csp_lda,5,5.158497259740019,0.4777777777777777,0.6158333333333333,,0.4772222222222222,0.6188888888888889,0.5914444444444444,0.003055555555555589,0.14166666666666672,0.14111111111111124,7,1.0,False,1.6094379124341003,1.791759469228055,0.18232155679395468,Zhou2020/1,-0.5189734458344918
Zhou2020,1,csp_lda,6,7.1725305236650545,0.4378531073446328,0.6336158192090395,,0.4906779661016949,0.6336158192090395,0.6336158192090395,0.0,0.14293785310734464,0.19576271186440675,7,0.0,True,1.791759469228055,1.791759469228055,0.0,Zhou2020/1,0.2954936144091876
Zhou2020,1,ts_lr,1,7.623861789706407,0.6375000000000001,0.6375000000000001,0.6016666666666667,0.6375000000000001,0.741388888888889,0.647,0.10388888888888892,0.10388888888888892,0.10388888888888892,7,5.0,False,0.0,1.791759469228055,1.791759469228055,Zhou2020/1,0.47801018751303703
Zhou2020,1,ts_lr,2,8.54568108129978,0.6589795918367347,0.7104081632653061,0.6951836734693877,0.7089795918367348,0.7775510204081632,0.7080408163265306,0.06714285714285706,0.0685714285714284,0.11857142857142844,7,4.0,False,0.6931471805599453,1.791759469228055,1.0986122886681096,Zhou2020/1,0.8507902512527941
Zhou2020,1,ts_lr,3,7.8180976267344064,0.6086111111111112,0.7269444444444445,0.6727777777777778,0.725,0.7216666666666668,0.7101666666666666,-0.005277777777777715,-0.0033333333333331883,0.11305555555555558,7,3.0,False,1.0986122886681098,1.791759469228055,0.6931471805599452,Zhou2020/1,0.5565583892790104
Zhou2020,1,ts_lr,4,5.07733119277666,0.5983333333333333,0.6872222222222223,,0.6202777777777778,0.6730555555555555,0.6470555555555555,-0.014166666666666772,0.0527777777777777,0.07472222222222225,7,2.0,False,1.3862943611198906,1.791759469228055,0.4054651081081644,Zhou2020/1,-0.5517966812473752
Zhou2020,1,ts_lr,5,5.158497259740019,0.5688888888888889,0.6719444444444445,,0.5961111111111111,0.675,0.6562222222222223,0.003055555555555589,0.0788888888888889,0.10611111111111116,7,1.0,False,1.6094379124341003,1.791759469228055,0.18232155679395468,Zhou2020/1,-0.5189734458344918
Zhou2020,1,ts_lr,6,7.1725305236650545,0.5285310734463277,0.5923728813559322,,0.4700564971751412,0.5923728813559322,0.5923728813559322,0.0,0.12231638418079105,0.06384180790960459,7,0.0,True,1.791759469228055,1.791759469228055,0.0,Zhou2020/1,0.2954936144091876
Zhou2020,2,csp_lda,1,6.572431427388448,0.4955555555555555,0.4955555555555555,0.5084444444444445,0.4955555555555555,0.5169444444444444,0.5074444444444445,0.0213888888888889,0.0213888888888889,0.0213888888888889,7,5.0,False,0.0,1.791759469228055,1.791759469228055,Zhou2020/2,0.05281592106921868
Zhou2020,2,csp_lda,2,7.7648801026067025,0.5891666666666666,0.4738888888888889,0.52,0.4705555555555555,0.4969444444444444,0.5251666666666666,0.023055555555555496,0.026388888888888906,-0.0922222222222222,7,4.0,False,0.6931471805599453,1.791759469228055,1.0986122886681096,Zhou2020/2,0.535037433688998
Zhou2020,2,csp_lda,3,9.020529442348002,0.4875,0.5502777777777778,0.525,0.4472222222222222,0.5377777777777777,0.5572222222222223,-0.012500000000000067,0.0905555555555555,0.0502777777777777,7,3.0,False,1.0986122886681098,1.791759469228055,0.6931471805599452,Zhou2020/2,1.0428170442615465
Zhou2020,2,csp_lda,4,9.988773511332194,0.495,0.3647222222222222,,0.5108333333333334,0.4311111111111111,0.4182222222222222,0.06638888888888889,-0.07972222222222225,-0.06388888888888888,7,2.0,False,1.3862943611198906,1.791759469228055,0.4054651081081644,Zhou2020/2,1.4343711037645512
Zhou2020,2,csp_lda,5,3.5673728918508507,0.5652777777777779,0.4997222222222222,,0.5147222222222223,0.5141666666666667,0.5498888888888889,0.014444444444444482,-0.0005555555555556424,-0.05111111111111122,7,1.0,False,1.6094379124341003,1.791759469228055,0.18232155679395468,Zhou2020/2,-1.162417826624525
Zhou2020,2,csp_lda,6,4.0141376992399485,0.5307909604519774,0.6677966101694917,,0.5435028248587571,0.6677966101694917,0.6677966101694917,0.0,0.12429378531073454,0.13700564971751428,7,0.0,True,1.791759469228055,1.791759469228055,0.0,Zhou2020/2,-0.9817479112799313
Zhou2020,2,ts_lr,1,6.572431427388448,0.4977777777777778,0.4977777777777778,0.5078888888888888,0.4977777777777778,0.4908333333333333,0.4873888888888888,-0.006944444444444531,-0.006944444444444531,-0.006944444444444531,7,5.0,False,0.0,1.791759469228055,1.791759469228055,Zhou2020/2,0.05281592106921868
Zhou2020,2,ts_lr,2,7.7648801026067025,0.6133333333333334,0.6005555555555555,0.5802222222222222,0.5466666666666666,0.611111111111111,0.5740555555555555,0.01055555555555554,0.06444444444444442,-0.0022222222222223476,7,4.0,False,0.6931471805599453,1.791759469228055,1.0986122886681096,Zhou2020/2,0.535037433688998
Zhou2020,2,ts_lr,3,9.020529442348002,0.5497222222222222,0.565,0.6341666666666667,0.5580555555555555,0.6699999999999999,0.6391666666666667,0.10499999999999998,0.1119444444444444,0.1202777777777777,7,3.0,False,1.0986122886681098,1.791759469228055,0.6931471805599452,Zhou2020/2,1.0428170442615465
Zhou2020,2,ts_lr,4,9.988773511332194,0.543888888888889,0.5158333333333334,,0.7086111111111112,0.5786111111111111,0.5565,0.06277777777777771,-0.13000000000000012,0.0347222222222221,7,2.0,False,1.3862943611198906,1.791759469228055,0.4054651081081644,Zhou2020/2,1.4343711037645512
Zhou2020,2,ts_lr,5,3.5673728918508507,0.4791666666666667,0.5575,,0.5269444444444444,0.5361111111111111,0.5452777777777778,-0.0213888888888889,0.009166666666666656,0.05694444444444441,7,1.0,False,1.6094379124341003,1.791759469228055,0.18232155679395468,Zhou2020/2,-1.162417826624525
Zhou2020,2,ts_lr,6,4.0141376992399485,0.4822033898305085,0.5903954802259886,,0.5932203389830509,0.5903954802259886,0.5903954802259886,0.0,-0.0028248587570622874,0.10819209039548017,7,0.0,True,1.791759469228055,1.791759469228055,0.0,Zhou2020/2,-0.9817479112799313
Zhou2020,3,csp_lda,1,5.577554956354228,0.7122222222222223,0.7122222222222223,0.5498333333333333,0.7122222222222223,0.6297222222222222,0.5405,-0.08250000000000013,-0.08250000000000013,-0.08250000000000013,7,5.0,False,0.0,1.791759469228055,1.791759469228055,Zhou2020/3,-0.3495081761453979
Zhou2020,3,csp_lda,2,5.153218795459426,0.6519444444444444,0.6933333333333332,0.634,0.6202777777777778,0.6891666666666667,0.6356111111111111,-0.004166666666666541,0.06888888888888889,0.03722222222222227,7,4.0,False,0.6931471805599453,1.791759469228055,1.0986122886681096,Zhou2020/3,-0.521108035844608
Zhou2020,3,csp_lda,3,6.264671858800785,0.6019444444444445,0.5444444444444445,0.5172222222222222,0.5983333333333334,0.5194444444444444,0.5358888888888889,-0.025000000000000133,-0.07888888888888901,-0.08250000000000013,7,3.0,False,1.0986122886681098,1.791759469228055,0.6931471805599452,Zhou2020/3,-0.07164082727711193
Zhou2020,3,csp_lda,4,5.981727615286123,0.6697222222222222,0.5905555555555556,,0.4702777777777778,0.5866666666666667,0.6053888888888889,-0.0038888888888889417,0.11638888888888888,-0.08305555555555555,7,2.0,False,1.3862943611198906,1.791759469228055,0.4054651081081644,Zhou2020/3,-0.18606235663117546
Zhou2020,3,csp_lda,5,4.281539021054099,0.4502777777777778,0.4594444444444444,,0.4619444444444445,0.5069444444444444,0.5291111111111111,0.04750000000000004,0.04499999999999993,0.05666666666666664,7,1.0,False,1.6094379124341003,1.791759469228055,0.18232155679395468,Zhou2020/3,-0.8736118777872134
Zhou2020,3,csp_lda,6,3.4194935147729133,0.4755555555555555,0.6055555555555555,,0.4736111111111111,0.6055555555555555,0.6055555555555555,0.0,0.13194444444444442,0.13,7,0.0,True,1.791759469228055,1.791759469228055,0.0,Zhou2020/3,-1.2222196599292094
Zhou2020,3,ts_lr,1,5.577554956354228,0.7633333333333333,0.7633333333333333,0.6087777777777778,0.7633333333333333,0.7100000000000001,0.5686666666666668,-0.05333333333333323,-0.05333333333333323,-0.05333333333333323,7,5.0,False,0.0,1.791759469228055,1.791759469228055,Zhou2020/3,-0.3495081761453979
Zhou2020,3,ts_lr,2,5.153218795459426,0.6513888888888889,0.6538888888888889,0.6714444444444444,0.6444444444444444,0.6577777777777778,0.6614444444444445,0.0038888888888889417,0.01333333333333342,0.006388888888888888,7,4.0,False,0.6931471805599453,1.791759469228055,1.0986122886681096,Zhou2020/3,-0.521108035844608
Zhou2020,3,ts_lr,3,6.264671858800785,0.5738888888888889,0.5652777777777778,0.5027777777777778,0.5897222222222223,0.5780555555555555,0.5360555555555555,0.012777777777777777,-0.011666666666666714,0.004166666666666652,7,3.0,False,1.0986122886681098,1.791759469228055,0.6931471805599452,Zhou2020/3,-0.07164082727711193
Zhou2020,3,ts_lr,4,5.981727615286123,0.7302777777777777,0.7269444444444445,,0.5744444444444445,0.6358333333333334,0.6146111111111111,-0.09111111111111114,0.061388888888888826,-0.09444444444444433,7,2.0,False,1.3862943611198906,1.791759469228055,0.4054651081081644,Zhou2020/3,-0.18606235663117546
Zhou2020,3,ts_lr,5,4.281539021054099,0.5186111111111111,0.4275,,0.4388888888888888,0.4758333333333334,0.4871666666666666,0.048333333333333395,0.03694444444444461,-0.04277777777777775,7,1.0,False,1.6094379124341003,1.791759469228055,0.18232155679395468,Zhou2020/3,-0.8736118777872134
Zhou2020,3,ts_lr,6,3.4194935147729133,0.6063888888888889,0.5922222222222222,,0.6136111111111111,0.5922222222222222,0.5922222222222222,0.0,-0.0213888888888889,-0.01416666666666666,7,0.0,True,1.791759469228055,1.791759469228055,0.0,Zhou2020/3,-1.2222196599292094
Zhou2020,4,csp_lda,1,5.895762008457827,0.4963888888888889,0.4963888888888889,0.4826666666666667,0.4963888888888889,0.5577777777777777,0.4823333333333333,0.061388888888888826,0.061388888888888826,0.061388888888888826,7,5.0,False,0.0,1.791759469228055,1.791759469228055,Zhou2020/4,-0.22082650692085617
Zhou2020,4,csp_lda,2,5.216468962980549,0.4877777777777777,0.5244444444444445,0.5157222222222222,0.5111111111111111,0.59,0.5223333333333333,0.06555555555555548,0.0788888888888889,0.10222222222222227,7,4.0,False,0.6931471805599453,1.791759469228055,1.0986122886681096,Zhou2020/4,-0.495529919075844
Zhou2020,4,csp_lda,3,8.085606005093043,0.5469444444444445,0.4908333333333333,0.4824999999999999,0.5855555555555556,0.5650000000000001,0.5344444444444445,0.07416666666666677,-0.02055555555555555,0.018055555555555602,7,3.0,False,1.0986122886681098,1.791759469228055,0.6931471805599452,Zhou2020/4,0.6647377160135175
Zhou2020,4,csp_lda,4,9.572891078469686,0.3638888888888889,0.5297222222222222,,0.4966666666666666,0.4813888888888888,0.5259444444444445,-0.048333333333333395,-0.015277777777777779,0.11749999999999994,7,2.0,False,1.3862943611198906,1.791759469228055,0.4054651081081644,Zhou2020/4,1.2661898981371926
Zhou2020,4,csp_lda,5,4.681075274578629,0.4602777777777778,0.5236111111111111,,0.4977777777777777,0.5075,0.5450555555555556,-0.016111111111111187,0.009722222222222243,0.047222222222222165,7,1.0,False,1.6094379124341003,1.791759469228055,0.18232155679395468,Zhou2020/4,-0.7120410022224644
Zhou2020,4,csp_lda,6,4.99188219015419,0.5397222222222222,0.5544444444444445,,0.49,0.5544444444444445,0.5544444444444445,0.0,0.06444444444444453,0.014722222222222303,7,0.0,True,1.791759469228055,1.791759469228055,0.0,Zhou2020/4,-0.5863519188461064
Zhou2020,4,ts_lr,1,5.895762008457827,0.5188888888888888,0.5188888888888888,0.5135555555555555,0.5188888888888888,0.5186111111111111,0.5197222222222221,-0.0002777777777777102,-0.0002777777777777102,-0.0002777777777777102,7,5.0,False,0.0,1.791759469228055,1.791759469228055,Zhou2020/4,-0.22082650692085617
Zhou2020,4,ts_lr,2,5.216468962980549,0.4713888888888889,0.4894444444444444,0.4877777777777777,0.5347222222222222,0.4308333333333333,0.4897222222222222,-0.058611111111111114,-0.10388888888888892,-0.04055555555555562,7,4.0,False,0.6931471805599453,1.791759469228055,1.0986122886681096,Zhou2020/4,-0.495529919075844
Zhou2020,4,ts_lr,3,8.085606005093043,0.5816666666666667,0.5672222222222223,0.5741666666666667,0.5747222222222221,0.5824999999999999,0.582388888888889,0.015277777777777612,0.007777777777777772,0.0008333333333332416,7,3.0,False,1.0986122886681098,1.791759469228055,0.6931471805599452,Zhou2020/4,0.6647377160135175
Zhou2020,4,ts_lr,4,9.572891078469686,0.4505555555555556,0.4822222222222223,,0.5338888888888889,0.5286111111111111,0.5307222222222221,0.04638888888888887,-0.005277777777777715,0.07805555555555554,7,2.0,False,1.3862943611198906,1.791759469228055,0.4054651081081644,Zhou2020/4,1.2661898981371926
Zhou2020,4,ts_lr,5,4.681075274578629,0.4958333333333333,0.4908333333333333,,0.5491666666666667,0.5161111111111111,0.5017222222222222,0.025277777777777788,-0.033055555555555616,0.020277777777777783,7,1.0,False,1.6094379124341003,1.791759469228055,0.18232155679395468,Zhou2020/4,-0.7120410022224644
Zhou2020,4,ts_lr,6,4.99188219015419,0.5836111111111112,0.6091666666666666,,0.5577777777777777,0.6091666666666666,0.6091666666666666,0.0,0.05138888888888893,0.025555555555555443,7,0.0,True,1.791759469228055,1.791759469228055,0.0,Zhou2020/4,-0.5863519188461064
Zhou2020,5,csp_lda,1,17.84649963396096,0.4891666666666667,0.4891666666666667,0.5144444444444444,0.4891666666666667,0.5397222222222222,0.5158888888888888,0.05055555555555552,0.05055555555555552,0.05055555555555552,7,5.0,False,0.0,1.791759469228055,1.791759469228055,Zhou2020/5,4.612004368284271
Zhou2020,5,csp_lda,2,16.837237499965916,0.5033333333333333,0.5058333333333334,0.659111111111111,0.4655555555555555,0.5197222222222222,0.542888888888889,0.01388888888888884,0.054166666666666696,0.016388888888888897,7,4.0,False,0.6931471805599453,1.791759469228055,1.0986122886681096,Zhou2020/5,4.203862766050634
Zhou2020,5,csp_lda,3,4.486823747262248,0.5566666666666668,0.5041666666666667,0.7044444444444444,0.5708333333333333,0.5455555555555555,0.5913888888888889,0.04138888888888881,-0.025277777777777843,-0.011111111111111294,7,3.0,False,1.0986122886681098,1.791759469228055,0.6931471805599452,Zhou2020/5,-0.7905955490788
Zhou2020,5,csp_lda,4,7.558384323452389,0.407909604519774,0.5152542372881356,,0.7621468926553672,0.4505649717514124,0.5498870056497175,-0.06468926553672316,-0.31158192090395476,0.04265536723163843,7,2.0,False,1.3862943611198906,1.791759469228055,0.4054651081081644,Zhou2020/5,0.4515313599746157
Zhou2020,5,csp_lda,5,7.1655979635187,0.5047222222222223,0.5105555555555555,,0.6655555555555556,0.4847222222222222,0.7459444444444445,-0.02583333333333332,-0.18083333333333335,-0.020000000000000073,7,1.0,False,1.6094379124341003,1.791759469228055,0.18232155679395468,Zhou2020/5,0.29269011459441313
Zhou2020,5,csp_lda,6,6.822278650998228,0.6222222222222222,0.5111111111111111,,0.9038888888888889,0.5111111111111111,0.5111111111111111,0.0,-0.3927777777777778,-0.11111111111111116,7,0.0,True,1.791759469228055,1.791759469228055,0.0,Zhou2020/5,0.15385314690278196
Zhou2020,5,ts_lr,1,17.84649963396096,0.4983333333333333,0.4983333333333333,0.6014444444444444,0.4983333333333333,0.6299999999999999,0.6028888888888888,0.1316666666666666,0.1316666666666666,0.1316666666666666,7,5.0,False,0.0,1.791759469228055,1.791759469228055,Zhou2020/5,4.612004368284271
Zhou2020,5,ts_lr,2,16.837237499965916,0.4680555555555555,0.5880555555555556,0.7227222222222222,0.7155555555555555,0.7238888888888889,0.6796666666666666,0.13583333333333336,0.008333333333333415,0.2558333333333334,7,4.0,False,0.6931471805599453,1.791759469228055,1.0986122886681096,Zhou2020/5,4.203862766050634
Zhou2020,5,ts_lr,3,4.486823747262248,0.5122222222222222,0.7147222222222224,0.851388888888889,0.7016666666666667,0.8116666666666666,0.8005000000000001,0.09694444444444428,0.10999999999999999,0.2994444444444444,7,3.0,False,1.0986122886681098,1.791759469228055,0.6931471805599452,Zhou2020/5,-0.7905955490788
Zhou2020,5,ts_lr,4,7.558384323452389,0.6480225988700565,0.8531073446327684,,0.7994350282485877,0.8918079096045197,0.8564406779661018,0.03870056497175134,0.09237288135593202,0.2437853107344632,7,2.0,False,1.3862943611198906,1.791759469228055,0.4054651081081644,Zhou2020/5,0.4515313599746157
Zhou2020,5,ts_lr,5,7.1655979635187,0.5558333333333334,0.8911111111111112,,0.8780555555555556,0.9108333333333334,0.929111111111111,0.019722222222222197,0.032777777777777795,0.355,7,1.0,False,1.6094379124341003,1.791759469228055,0.18232155679395468,Zhou2020/5,0.29269011459441313
Zhou2020,5,ts_lr,6,6.822278650998228,0.6677777777777777,0.9402777777777778,,0.9216666666666667,0.9402777777777778,0.940277777777778,0.0,0.018611111111111023,0.2725000000000001,7,0.0,True,1.791759469228055,1.791759469228055,0.0,Zhou2020/5,0.15385314690278196
Zhou2020,6,csp_lda,1,6.831565674992277,0.6116666666666667,0.6116666666666667,0.6951666666666666,0.6116666666666667,0.7938888888888889,0.7316111111111112,0.18222222222222217,0.18222222222222217,0.18222222222222217,7,5.0,False,0.0,1.791759469228055,1.791759469228055,Zhou2020/6,0.1576087825550475
Zhou2020,6,csp_lda,2,5.599232812971004,0.7516666666666667,0.7911111111111111,0.7273333333333334,0.7972222222222222,0.7675,0.7417222222222222,-0.023611111111111138,-0.029722222222222205,0.015833333333333255,7,4.0,False,0.6931471805599453,1.791759469228055,1.0986122886681096,Zhou2020/6,-0.3407417369473476
Zhou2020,6,csp_lda,3,5.722520528853628,0.8388888888888888,0.8483333333333334,0.8288888888888888,0.7363888888888889,0.8586111111111111,0.8026111111111112,0.010277777777777719,0.12222222222222223,0.019722222222222308,7,3.0,False,1.0986122886681098,1.791759469228055,0.6931471805599452,Zhou2020/6,-0.2908846738502924
Zhou2020,6,csp_lda,4,5.559490011459301,0.8041666666666667,0.8619444444444444,,0.8536111111111111,0.8416666666666668,0.8467777777777779,-0.020277777777777617,-0.011944444444444313,0.03750000000000009,7,2.0,False,1.3862943611198906,1.791759469228055,0.4054651081081644,Zhou2020/6,-0.3568135681791725
Zhou2020,6,csp_lda,5,5.646405729074873,0.7344444444444445,0.8141666666666666,,0.7388888888888889,0.8255555555555555,0.7981111111111112,0.011388888888888893,0.08666666666666656,0.09111111111111103,7,1.0,False,1.6094379124341003,1.791759469228055,0.18232155679395468,Zhou2020/6,-0.3216651968571587
Zhou2020,6,csp_lda,6,5.32573623516983,0.7080555555555557,0.8258333333333333,,0.7158333333333333,0.8258333333333333,0.8258333333333333,0.0,0.10999999999999999,0.11777777777777765,7,0.0,True,1.791759469228055,1.791759469228055,0.0,Zhou2020/6,-0.45134266777523085
Zhou2020,6,ts_lr,1,6.831565674992277,0.7033333333333334,0.7033333333333334,0.7666111111111111,0.7033333333333334,0.7655555555555555,0.7543333333333333,0.06222222222222218,0.06222222222222218,0.06222222222222218,7,5.0,False,0.0,1.791759469228055,1.791759469228055,Zhou2020/6,0.1576087825550475
Zhou2020,6,ts_lr,2,5.599232812971004,0.8113888888888888,0.8280555555555555,0.7790555555555555,0.7897222222222222,0.8322222222222222,0.7919444444444443,0.004166666666666652,0.04249999999999998,0.02083333333333337,7,4.0,False,0.6931471805599453,1.791759469228055,1.0986122886681096,Zhou2020/6,-0.3407417369473476
Zhou2020,6,ts_lr,3,5.722520528853628,0.7891666666666667,0.831388888888889,0.8677777777777778,0.7791666666666668,0.8633333333333333,0.8562222222222221,0.03194444444444433,0.0841666666666665,0.0741666666666666,7,3.0,False,1.0986122886681098,1.791759469228055,0.6931471805599452,Zhou2020/6,-0.2908846738502924
Zhou2020,6,ts_lr,4,5.559490011459301,0.8152777777777779,0.8724999999999999,,0.9,0.8658333333333332,0.8665555555555555,-0.00666666666666671,-0.03416666666666679,0.050555555555555354,7,2.0,False,1.3862943611198906,1.791759469228055,0.4054651081081644,Zhou2020/6,-0.3568135681791725
Zhou2020,6,ts_lr,5,5.646405729074873,0.6602777777777777,0.7533333333333333,,0.8063888888888888,0.7908333333333333,0.795611111111111,0.03749999999999998,-0.015555555555555545,0.13055555555555554,7,1.0,False,1.6094379124341003,1.791759469228055,0.18232155679395468,Zhou2020/6,-0.3216651968571587
Zhou2020,6,ts_lr,6,5.32573623516983,0.7024999999999999,0.8175,,0.7150000000000001,0.8175,0.8175000000000001,0.0,0.10249999999999992,0.1150000000000001,7,0.0,True,1.791759469228055,1.791759469228055,0.0,Zhou2020/6,-0.45134266777523085
Zhou2020,7,csp_lda,1,7.869903173715787,0.8652777777777777,0.8652777777777777,0.5946111111111112,0.8652777777777777,0.7975,0.7295555555555555,-0.06777777777777771,-0.06777777777777771,-0.06777777777777771,7,5.0,False,0.0,1.791759469228055,1.791759469228055,Zhou2020/7,0.5775083469137774
Zhou2020,7,csp_lda,2,9.307785204879226,0.7808333333333334,0.7269444444444444,0.643,0.6858333333333333,0.7547222222222223,0.6855555555555555,0.0277777777777779,0.068888888888889,-0.026111111111111085,7,4.0,False,0.6931471805599453,1.791759469228055,1.0986122886681096,Zhou2020/7,1.1589821347977924
Zhou2020,7,csp_lda,3,8.797645187775155,0.67,0.7116666666666666,0.6691666666666666,0.6124999999999999,0.6905555555555555,0.5962777777777777,-0.02111111111111108,0.07805555555555554,0.020555555555555438,7,3.0,False,1.0986122886681098,1.791759469228055,0.6931471805599452,Zhou2020/7,0.9526835361174092
Zhou2020,7,csp_lda,4,7.347071627490544,0.6997222222222222,0.7752777777777778,,0.523611111111111,0.6836111111111111,0.7071666666666665,-0.09166666666666679,0.16000000000000003,-0.016111111111111187,7,2.0,False,1.3862943611198906,1.791759469228055,0.4054651081081644,Zhou2020/7,0.36607734421680227
Zhou2020,7,csp_lda,5,8.577170421246286,0.5247222222222222,0.6555555555555554,,0.6666666666666666,0.7111111111111111,0.6682777777777777,0.05555555555555569,0.04444444444444451,0.18638888888888894,7,1.0,False,1.6094379124341003,1.791759469228055,0.18232155679395468,Zhou2020/7,0.8635244153774041
Zhou2020,7,csp_lda,6,12.975441544112792,0.6952777777777778,0.6958333333333333,,0.6511111111111111,0.6958333333333333,0.6958333333333333,0.0,0.04472222222222222,0.0005555555555555314,7,0.0,True,1.791759469228055,1.791759469228055,0.0,Zhou2020/7,2.6421678051169124
Zhou2020,7,ts_lr,1,7.869903173715787,0.8563888888888889,0.8563888888888889,0.6956111111111111,0.8563888888888889,0.7741666666666667,0.8066666666666666,-0.0822222222222222,-0.0822222222222222,-0.0822222222222222,7,5.0,False,0.0,1.791759469228055,1.791759469228055,Zhou2020/7,0.5775083469137774
Zhou2020,7,ts_lr,2,9.307785204879226,0.7725,0.7816666666666665,0.7629444444444444,0.761388888888889,0.7897222222222221,0.7675,0.008055555555555594,0.0283333333333331,0.01722222222222214,7,4.0,False,0.6931471805599453,1.791759469228055,1.0986122886681096,Zhou2020/7,1.1589821347977924
Zhou2020,7,ts_lr,3,8.797645187775155,0.685,0.6475000000000001,0.6649999999999999,0.6102777777777778,0.6961111111111111,0.6642222222222223,0.04861111111111105,0.08583333333333332,0.011111111111111072,7,3.0,False,1.0986122886681098,1.791759469228055,0.6931471805599452,Zhou2020/7,0.9526835361174092
Zhou2020,7,ts_lr,4,7.347071627490544,0.6966666666666667,0.7922222222222223,,0.7516666666666667,0.8208333333333334,0.8143888888888888,0.028611111111111143,0.06916666666666671,0.12416666666666676,7,2.0,False,1.3862943611198906,1.791759469228055,0.4054651081081644,Zhou2020/7,0.36607734421680227
Zhou2020,7,ts_lr,5,8.577170421246286,0.5666666666666667,0.6594444444444444,,0.7036111111111111,0.6780555555555555,0.6496666666666666,0.018611111111111134,-0.025555555555555554,0.11138888888888887,7,1.0,False,1.6094379124341003,1.791759469228055,0.18232155679395468,Zhou2020/7,0.8635244153774041
Zhou2020,7,ts_lr,6,12.975441544112792,0.7019444444444445,0.7119444444444445,,0.6783333333333332,0.7119444444444445,0.7119444444444445,0.0,0.03361111111111126,0.010000000000000009,7,0.0,True,1.791759469228055,1.791759469228055,0.0,Zhou2020/7,2.6421678051169124
Zhou2020,8,csp_lda,1,6.599267778678232,0.3891666666666666,0.3891666666666666,0.488,0.3891666666666666,0.4483333333333333,0.473,0.0591666666666667,0.0591666666666667,0.0591666666666667,7,5.0,False,0.0,1.791759469228055,1.791759469228055,Zhou2020/8,0.06366843504411736
Zhou2020,8,csp_lda,2,8.277157240396024,0.5105555555555555,0.4972222222222222,0.5402222222222223,0.4024999999999999,0.5297222222222223,0.5006666666666667,0.03250000000000014,0.1272222222222224,0.019166666666666776,7,4.0,False,0.6931471805599453,1.791759469228055,1.0986122886681096,Zhou2020/8,0.7422002754943977
Zhou2020,8,csp_lda,3,8.481719668927777,0.4472222222222222,0.4813888888888889,0.5049999999999999,0.6183333333333333,0.5283333333333333,0.5234444444444445,0.0469444444444444,-0.08999999999999997,0.08111111111111113,7,3.0,False,1.0986122886681098,1.791759469228055,0.6931471805599452,Zhou2020/8,0.8249245098885554
Zhou2020,8,csp_lda,4,7.032978775122833,0.4866666666666667,0.46,,0.4619444444444444,0.4941666666666666,0.4845,0.03416666666666657,0.03222222222222221,0.007499999999999896,7,2.0,False,1.3862943611198906,1.791759469228055,0.4054651081081644,Zhou2020/8,0.239059441040302
Zhou2020,8,csp_lda,5,6.961242913370668,0.5191666666666667,0.4841666666666666,,0.485,0.5066666666666666,0.4807222222222222,0.02250000000000002,0.021666666666666612,-0.012500000000000067,7,1.0,False,1.6094379124341003,1.791759469228055,0.18232155679395468,Zhou2020/8,0.2100497431957546
Zhou2020,8,csp_lda,6,7.140452667063253,0.5372222222222223,0.5002777777777777,,0.5,0.5002777777777777,0.5002777777777777,0.0,0.0002777777777777102,-0.03694444444444456,7,0.0,True,1.791759469228055,1.791759469228055,0.0,Zhou2020/8,0.2825214564844118
Zhou2020,8,ts_lr,1,6.599267778678232,0.4166666666666666,0.4166666666666666,0.4836666666666667,0.4166666666666666,0.5611111111111111,0.4705,0.14444444444444454,0.14444444444444454,0.14444444444444454,7,5.0,False,0.0,1.791759469228055,1.791759469228055,Zhou2020/8,0.06366843504411736
Zhou2020,8,ts_lr,2,8.277157240396024,0.4652777777777778,0.5130555555555556,0.5983333333333334,0.5108333333333334,0.5483333333333333,0.5543333333333333,0.03527777777777774,0.03749999999999998,0.08305555555555555,7,4.0,False,0.6931471805599453,1.791759469228055,1.0986122886681096,Zhou2020/8,0.7422002754943977
Zhou2020,8,ts_lr,3,8.481719668927777,0.4397222222222222,0.6436111111111111,0.5116666666666667,0.5666666666666667,0.5686111111111111,0.5620555555555555,-0.07500000000000007,0.0019444444444444153,0.1288888888888889,7,3.0,False,1.0986122886681098,1.791759469228055,0.6931471805599452,Zhou2020/8,0.8249245098885554
Zhou2020,8,ts_lr,4,7.032978775122833,0.4802777777777778,0.5280555555555556,,0.4794444444444444,0.5338888888888889,0.5348333333333333,0.005833333333333246,0.05444444444444446,0.053611111111111054,7,2.0,False,1.3862943611198906,1.791759469228055,0.4054651081081644,Zhou2020/8,0.239059441040302
Zhou2020,8,ts_lr,5,6.961242913370668,0.4475,0.5638888888888889,,0.4497222222222222,0.5380555555555556,0.5567777777777778,-0.025833333333333264,0.08833333333333343,0.09055555555555561,7,1.0,False,1.6094379124341003,1.791759469228055,0.18232155679395468,Zhou2020/8,0.2100497431957546
Zhou2020,8,ts_lr,6,7.140452667063253,0.4794444444444444,0.5394444444444444,,0.5033333333333334,0.5394444444444444,0.5394444444444444,0.0,0.03611111111111098,0.06,7,0.0,True,1.791759469228055,1.791759469228055,0.0,Zhou2020/8,0.2825214564844118
Zhou2020,9,csp_lda,1,4.258447937066085,0.4830555555555555,0.4830555555555555,0.5622777777777779,0.4830555555555555,0.6366666666666667,0.6402777777777777,0.1536111111111112,0.1536111111111112,0.1536111111111112,7,5.0,False,0.0,1.791759469228055,1.791759469228055,Zhou2020/9,-0.8829498205265038
Zhou2020,9,csp_lda,2,5.7055951090838,0.4777777777777778,0.5061111111111112,0.6226666666666667,0.5116666666666667,0.5958333333333332,0.5923333333333334,0.08972222222222204,0.0841666666666665,0.11805555555555541,7,4.0,False,0.6931471805599453,1.791759469228055,1.0986122886681096,Zhou2020/9,-0.29772924644511456
Zhou2020,9,csp_lda,3,7.253963383704962,0.6583333333333333,0.6811111111111111,0.8244444444444443,0.7061111111111111,0.7769444444444444,0.7552777777777777,0.09583333333333333,0.0708333333333333,0.11861111111111111,7,3.0,False,1.0986122886681098,1.791759469228055,0.6931471805599452,Zhou2020/9,0.32842473988359133
Zhou2020,9,csp_lda,4,5.7396581970504075,0.6502927781392323,0.728366948601171,,0.7283669486011711,0.7364996746909565,0.7144437215354587,0.008132726089785436,0.008132726089785325,0.0862068965517242,7,2.0,False,1.3862943611198906,1.791759469228055,0.4054651081081644,Zhou2020/9,-0.28395426883381286
Zhou2020,9,csp_lda,5,4.2494619192233,0.6130555555555555,0.6822222222222223,,0.7219444444444444,0.6666666666666667,0.67,-0.015555555555555545,-0.05527777777777765,0.053611111111111276,7,1.0,False,1.6094379124341003,1.791759469228055,0.18232155679395468,Zhou2020/9,-0.8865837304855909
Zhou2020,9,csp_lda,6,5.846465409820374,0.5080555555555556,0.5672222222222222,,0.4688888888888889,0.5672222222222222,0.5672222222222222,0.0,0.09833333333333327,0.05916666666666659,7,0.0,True,1.791759469228055,1.791759469228055,0.0,Zhou2020/9,-0.24076185580085013
Zhou2020,9,ts_lr,1,4.258447937066085,0.5938888888888888,0.5938888888888888,0.5946111111111112,0.5938888888888888,0.6297222222222222,0.612111111111111,0.035833333333333384,0.035833333333333384,0.035833333333333384,7,5.0,False,0.0,1.791759469228055,1.791759469228055,Zhou2020/9,-0.8829498205265038
Zhou2020,9,ts_lr,2,5.7055951090838,0.5511111111111111,0.5422222222222223,0.6430555555555555,0.5583333333333333,0.6419444444444444,0.6239444444444444,0.09972222222222216,0.08361111111111108,0.09083333333333332,7,4.0,False,0.6931471805599453,1.791759469228055,1.0986122886681096,Zhou2020/9,-0.29772924644511456
Zhou2020,9,ts_lr,3,7.253963383704962,0.6663888888888888,0.6980555555555555,0.7922222222222222,0.6891666666666666,0.7541666666666667,0.7597222222222222,0.05611111111111111,0.06500000000000006,0.08777777777777784,7,3.0,False,1.0986122886681098,1.791759469228055,0.6931471805599452,Zhou2020/9,0.32842473988359133
Zhou2020,9,ts_lr,4,5.7396581970504075,0.6327260897852961,0.7293428757319453,,0.7475601821730645,0.736824983734548,0.7314248536109306,0.007482108002602628,-0.010735198438516558,0.10409889394925187,7,2.0,False,1.3862943611198906,1.791759469228055,0.4054651081081644,Zhou2020/9,-0.28395426883381286
Zhou2020,9,ts_lr,5,4.2494619192233,0.6283333333333334,0.7616666666666667,,0.7502777777777777,0.7366666666666666,0.7318333333333333,-0.025000000000000133,-0.01361111111111113,0.10833333333333317,7,1.0,False,1.6094379124341003,1.791759469228055,0.18232155679395468,Zhou2020/9,-0.8865837304855909
Zhou2020,9,ts_lr,6,5.846465409820374,0.5719444444444445,0.5977777777777777,,0.4608333333333334,0.5977777777777777,0.5977777777777777,0.0,0.13694444444444437,0.025833333333333264,7,0.0,True,1.791759469228055,1.791759469228055,0.0,Zhou2020/9,-0.24076185580085013
Zhou2020,10,csp_lda,1,6.6886110225122115,0.4588888888888889,0.4588888888888889,0.4821666666666667,0.4588888888888889,0.5669444444444444,0.4907222222222221,0.10805555555555546,0.10805555555555546,0.10805555555555546,7,5.0,False,0.0,1.791759469228055,1.791759469228055,Zhou2020/10,0.09979848833642671
Zhou2020,10,csp_lda,2,8.524097960451682,0.4786111111111111,0.4955555555555556,0.4802222222222222,0.4097222222222222,0.5163888888888888,0.5133888888888889,0.020833333333333204,0.10666666666666658,0.03777777777777769,7,4.0,False,0.6931471805599453,1.791759469228055,1.0986122886681096,Zhou2020/10,0.8420621228236856
Zhou2020,10,csp_lda,3,6.682929264589975,0.4741666666666667,0.5697222222222221,0.4847222222222223,0.5105555555555555,0.5344444444444444,0.5196666666666666,-0.03527777777777774,0.02388888888888885,0.06027777777777771,7,3.0,False,1.0986122886681098,1.791759469228055,0.6931471805599452,Zhou2020/10,0.09750080797790005
Zhou2020,10,csp_lda,4,5.6384941754133795,0.5175287356321838,0.5545977011494253,,0.6166666666666666,0.4669540229885057,0.5732183908045977,-0.08764367816091961,-0.1497126436781609,-0.05057471264367813,7,2.0,False,1.3862943611198906,1.791759469228055,0.4054651081081644,Zhou2020/10,-0.3248645977648076
Zhou2020,10,csp_lda,5,6.675955559449464,0.5158333333333334,0.4816666666666667,,0.4669444444444445,0.39,0.4405555555555556,-0.09166666666666667,-0.07694444444444448,-0.12583333333333335,7,1.0,False,1.6094379124341003,1.791759469228055,0.18232155679395468,Zhou2020/10,0.09468066929075164
Zhou2020,10,csp_lda,6,7.83056956007038,0.5277777777777778,0.5155555555555555,,0.4725,0.5155555555555555,0.5155555555555555,0.0,0.04305555555555557,-0.012222222222222245,7,0.0,True,1.791759469228055,1.791759469228055,0.0,Zhou2020/10,0.5616019896314242
Zhou2020,10,ts_lr,1,6.6886110225122115,0.495,0.495,0.4999444444444443,0.495,0.5183333333333333,0.5201111111111111,0.023333333333333317,0.023333333333333317,0.023333333333333317,7,5.0,False,0.0,1.791759469228055,1.791759469228055,Zhou2020/10,0.09979848833642671
Zhou2020,10,ts_lr,2,8.524097960451682,0.4902777777777777,0.4369444444444444,0.5652222222222221,0.4625,0.4861111111111111,0.5432777777777777,0.04916666666666669,0.023611111111111083,-0.004166666666666596,7,4.0,False,0.6931471805599453,1.791759469228055,1.0986122886681096,Zhou2020/10,0.8420621228236856
Zhou2020,10,ts_lr,3,6.682929264589975,0.5766666666666668,0.6047222222222222,0.4913888888888889,0.5805555555555556,0.5508333333333333,0.5407222222222222,-0.053888888888888875,-0.029722222222222316,-0.025833333333333486,7,3.0,False,1.0986122886681098,1.791759469228055,0.6931471805599452,Zhou2020/10,0.09750080797790005
Zhou2020,10,ts_lr,4,5.6384941754133795,0.3844827586206897,0.5545977011494253,,0.6063218390804598,0.5436781609195402,0.5191379310344828,-0.01091954022988506,-0.06264367816091954,0.15919540229885054,7,2.0,False,1.3862943611198906,1.791759469228055,0.4054651081081644,Zhou2020/10,-0.3248645977648076
Zhou2020,10,ts_lr,5,6.675955559449464,0.4852777777777777,0.5627777777777777,,0.5125,0.5925,0.5883888888888889,0.029722222222222316,0.08000000000000007,0.10722222222222233,7,1.0,False,1.6094379124341003,1.791759469228055,0.18232155679395468,Zhou2020/10,0.09468066929075164
Zhou2020,10,ts_lr,6,7.83056956007038,0.5344444444444445,0.4902777777777777,,0.5102777777777777,0.4902777777777777,0.4902777777777777,0.0,-0.020000000000000018,-0.0441666666666668,7,0.0,True,1.791759469228055,1.791759469228055,0.0,Zhou2020/10,0.5616019896314242
Zhou2020,11,csp_lda,1,6.415314949939237,0.5463888888888889,0.5463888888888889,0.6318888888888889,0.5463888888888889,0.6608333333333334,0.5359444444444444,0.11444444444444446,0.11444444444444446,0.11444444444444446,7,5.0,False,0.0,1.791759469228055,1.791759469228055,Zhou2020/11,-0.01072135897277787
Zhou2020,11,csp_lda,2,6.532452638019749,0.5975155279503106,0.7478260869565218,0.6761490683229814,0.717391304347826,0.7913043478260869,0.7024016563146998,0.04347826086956519,0.07391304347826089,0.19378881987577634,7,4.0,False,0.6931471805599453,1.791759469228055,1.0986122886681096,Zhou2020/11,0.036648657284424783
Zhou2020,11,csp_lda,3,5.760027527367466,0.6783333333333333,0.7938888888888889,0.7438888888888888,0.7302777777777778,0.7986111111111112,0.7650555555555555,0.004722222222222294,0.06833333333333336,0.12027777777777782,7,3.0,False,1.0986122886681098,1.791759469228055,0.6931471805599452,Zhou2020/11,-0.27571699247913356
Zhou2020,11,csp_lda,4,5.47157170997597,0.4847222222222221,0.6597222222222222,,0.4716666666666667,0.6225,0.6478333333333334,-0.03722222222222216,0.15083333333333337,0.13777777777777794,7,2.0,False,1.3862943611198906,1.791759469228055,0.4054651081081644,Zhou2020/11,-0.3923673804390535
Zhou2020,11,csp_lda,5,5.360733974142298,0.4733333333333333,0.6802777777777779,,0.5530555555555556,0.7561111111111112,0.7169444444444445,0.07583333333333331,0.20305555555555554,0.2827777777777779,7,1.0,False,1.6094379124341003,1.791759469228055,0.18232155679395468,Zhou2020/11,-0.4371897210058559
Zhou2020,11,csp_lda,6,6.290061052694803,0.5425,0.5730555555555555,,0.6352777777777777,0.5730555555555555,0.5730555555555555,0.0,-0.06222222222222218,0.030555555555555558,7,0.0,True,1.791759469228055,1.791759469228055,0.0,Zhou2020/11,-0.06137353801073805
Zhou2020,11,ts_lr,1,6.415314949939237,0.6461111111111111,0.6461111111111111,0.6546666666666667,0.6461111111111111,0.6963888888888888,0.6425555555555555,0.050277777777777755,0.050277777777777755,0.050277777777777755,7,5.0,False,0.0,1.791759469228055,1.791759469228055,Zhou2020/11,-0.01072135897277787
Zhou2020,11,ts_lr,2,6.532452638019749,0.7349896480331263,0.7358178053830227,0.7140372670807453,0.6469979296066253,0.7420289855072464,0.7076604554865423,0.006211180124223725,0.09503105590062111,0.007039337474120111,7,4.0,False,0.6931471805599453,1.791759469228055,1.0986122886681096,Zhou2020/11,0.036648657284424783
Zhou2020,11,ts_lr,3,5.760027527367466,0.7236111111111111,0.8019444444444445,0.8061111111111112,0.8205555555555555,0.7763888888888888,0.7985,-0.025555555555555665,-0.04416666666666669,0.0527777777777777,7,3.0,False,1.0986122886681098,1.791759469228055,0.6931471805599452,Zhou2020/11,-0.27571699247913356
Zhou2020,11,ts_lr,4,5.47157170997597,0.6108333333333333,0.6827777777777777,,0.6880555555555555,0.6961111111111111,0.6970555555555554,0.01333333333333342,0.008055555555555594,0.08527777777777779,7,2.0,False,1.3862943611198906,1.791759469228055,0.4054651081081644,Zhou2020/11,-0.3923673804390535
Zhou2020,11,ts_lr,5,5.360733974142298,0.6030555555555556,0.7005555555555556,,0.6275,0.7005555555555556,0.7054444444444445,0.0,0.07305555555555565,0.09750000000000003,7,1.0,False,1.6094379124341003,1.791759469228055,0.18232155679395468,Zhou2020/11,-0.4371897210058559
Zhou2020,11,ts_lr,6,6.290061052694803,0.5997222222222222,0.6297222222222223,,0.5975,0.6297222222222223,0.6297222222222223,0.0,0.03222222222222226,0.030000000000000138,7,0.0,True,1.791759469228055,1.791759469228055,0.0,Zhou2020/11,-0.06137353801073805
Zhou2020,12,csp_lda,1,6.011071863805231,0.6197222222222222,0.6197222222222222,0.4144444444444445,0.6197222222222222,0.5602777777777778,0.4601666666666666,-0.05944444444444441,-0.05944444444444441,-0.05944444444444441,7,5.0,False,0.0,1.791759469228055,1.791759469228055,Zhou2020/12,-0.17419565896807876
Zhou2020,12,csp_lda,2,5.421075594219836,0.5295149035651666,0.5818234950321449,0.5469316189362946,0.5075978959672707,0.5777323202805377,0.5329047340736411,-0.004091174751607252,0.070134424313267,0.04821741671537105,7,4.0,False,0.6931471805599453,1.791759469228055,1.0986122886681096,Zhou2020/12,-0.4127878092821563
Zhou2020,12,csp_lda,3,6.68300965277568,0.5094444444444444,0.5647222222222221,0.61,0.52,0.5544444444444445,0.5762222222222222,-0.010277777777777608,0.0344444444444445,0.04500000000000015,7,3.0,False,1.0986122886681098,1.791759469228055,0.6931471805599452,Zhou2020/12,0.0975333166412185
Zhou2020,12,csp_lda,4,5.574246449506917,0.4161111111111111,0.5508333333333333,,0.605,0.5711111111111111,0.5239444444444444,0.02027777777777784,-0.03388888888888886,0.15500000000000003,7,2.0,False,1.3862943611198906,1.791759469228055,0.4054651081081644,Zhou2020/12,-0.3508461231862895
Zhou2020,12,csp_lda,5,6.002901321653755,0.581111111111111,0.5816666666666667,,0.3641666666666667,0.5536111111111112,0.5699444444444445,-0.0280555555555555,0.18944444444444447,-0.027499999999999858,7,1.0,False,1.6094379124341003,1.791759469228055,0.18232155679395468,Zhou2020/12,-0.1774997937934099
Zhou2020,12,csp_lda,6,5.743107350238907,0.5111111111111111,0.5438888888888889,,0.4863888888888888,0.5438888888888889,0.5438888888888889,0.0,0.05750000000000005,0.032777777777777795,7,0.0,True,1.791759469228055,1.791759469228055,0.0,Zhou2020/12,-0.2825594449706295
Zhou2020,12,ts_lr,1,6.011071863805231,0.5891666666666665,0.5891666666666665,0.5152777777777778,0.5891666666666665,0.5663888888888889,0.5122777777777777,-0.022777777777777564,-0.022777777777777564,-0.022777777777777564,7,5.0,False,0.0,1.791759469228055,1.791759469228055,Zhou2020/12,-0.17419565896807876
Zhou2020,12,ts_lr,2,5.421075594219836,0.6092928112215079,0.6212741087083578,0.5755698421975453,0.5677966101694915,0.6519579193454121,0.6050847457627119,0.030683810637054387,0.08416130917592068,0.04266510812390423,7,4.0,False,0.6931471805599453,1.791759469228055,1.0986122886681096,Zhou2020/12,-0.4127878092821563
Zhou2020,12,ts_lr,3,6.68300965277568,0.5280555555555555,0.5922222222222222,0.6075000000000002,0.5580555555555555,0.6127777777777779,0.5900555555555556,0.02055555555555566,0.05472222222222234,0.08472222222222237,7,3.0,False,1.0986122886681098,1.791759469228055,0.6931471805599452,Zhou2020/12,0.0975333166412185
Zhou2020,12,ts_lr,4,5.574246449506917,0.5147222222222223,0.5377777777777777,,0.6280555555555556,0.49,0.5327222222222222,-0.0477777777777777,-0.1380555555555556,-0.024722222222222312,7,2.0,False,1.3862943611198906,1.791759469228055,0.4054651081081644,Zhou2020/12,-0.3508461231862895
Zhou2020,12,ts_lr,5,6.002901321653755,0.5175,0.5894444444444444,,0.5738888888888889,0.6097222222222223,0.6122777777777777,0.02027777777777784,0.035833333333333384,0.09222222222222232,7,1.0,False,1.6094379124341003,1.791759469228055,0.18232155679395468,Zhou2020/12,-0.1774997937934099
Zhou2020,12,ts_lr,6,5.743107350238907,0.4741666666666667,0.5452777777777778,,0.5316666666666665,0.5452777777777778,0.5452777777777778,0.0,0.01361111111111124,0.07111111111111107,7,0.0,True,1.791759469228055,1.791759469228055,0.0,Zhou2020/12,-0.2825594449706295
Zhou2020,13,csp_lda,1,3.4574784350497847,0.5172222222222222,0.5172222222222222,0.5765,0.5172222222222222,0.6944444444444444,0.5301111111111111,0.17722222222222217,0.17722222222222217,0.17722222222222217,7,5.0,False,0.0,1.791759469228055,1.791759469228055,Zhou2020/13,-1.2068587088934746
Zhou2020,13,csp_lda,2,3.713571546001354,0.496,0.632,0.548,0.6076,0.5740000000000001,0.58792,-0.05799999999999994,-0.03359999999999996,0.07800000000000007,7,4.0,False,0.6931471805599453,1.791759469228055,1.0986122886681096,Zhou2020/13,-1.1032956710025836
Zhou2020,13,csp_lda,3,9.895966243036163,0.4305555555555555,0.4791666666666666,0.5288888888888889,0.5638888888888889,0.4747222222222222,0.5025000000000001,-0.004444444444444362,-0.08916666666666667,0.04416666666666669,7,3.0,False,1.0986122886681098,1.791759469228055,0.6931471805599452,Zhou2020/13,1.3968402127250432
Zhou2020,13,csp_lda,4,10.666945641461664,0.514,0.5479999999999999,,0.47,0.5592,0.52752,0.011200000000000099,0.08920000000000006,0.04520000000000002,7,2.0,False,1.3862943611198906,1.791759469228055,0.4054651081081644,Zhou2020/13,1.7086212222006796
Zhou2020,13,csp_lda,5,4.057973705507542,0.5177777777777777,0.5130555555555556,,0.5194444444444445,0.5161111111111111,0.5060555555555555,0.003055555555555478,-0.0033333333333334103,-0.0016666666666665941,7,1.0,False,1.6094379124341003,1.791759469228055,0.18232155679395468,Zhou2020/13,-0.964020804286668
Zhou2020,13,csp_lda,6,5.999141578060879,0.5841666666666666,0.5783333333333334,,0.4852777777777777,0.5783333333333334,0.5783333333333334,0.0,0.09305555555555567,-0.005833333333333246,7,0.0,True,1.791759469228055,1.791759469228055,0.0,Zhou2020/13,-0.17902021918369956
Zhou2020,13,ts_lr,1,3.4574784350497847,0.6613888888888888,0.6613888888888888,0.6172777777777778,0.6613888888888888,0.7016666666666667,0.6192777777777777,0.04027777777777786,0.04027777777777786,0.04027777777777786,7,5.0,False,0.0,1.791759469228055,1.791759469228055,Zhou2020/13,-1.2068587088934746
Zhou2020,13,ts_lr,2,3.713571546001354,0.6008,0.6796000000000001,0.5913600000000001,0.6968,0.6628000000000001,0.61848,-0.016800000000000037,-0.03399999999999992,0.062000000000000055,7,4.0,False,0.6931471805599453,1.791759469228055,1.0986122886681096,Zhou2020/13,-1.1032956710025836
Zhou2020,13,ts_lr,3,9.895966243036163,0.58,0.5675,0.5616666666666666,0.6508333333333334,0.565,0.5447222222222222,-0.0025000000000000577,-0.08583333333333343,-0.015000000000000013,7,3.0,False,1.0986122886681098,1.791759469228055,0.6931471805599452,Zhou2020/13,1.3968402127250432
Zhou2020,13,ts_lr,4,10.666945641461664,0.598,0.5472,,0.5176000000000001,0.5524,0.5491199999999999,0.005199999999999982,0.03479999999999994,-0.045599999999999974,7,2.0,False,1.3862943611198906,1.791759469228055,0.4054651081081644,Zhou2020/13,1.7086212222006796
Zhou2020,13,ts_lr,5,4.057973705507542,0.4894444444444444,0.5575,,0.54,0.5869444444444445,0.5955555555555556,0.029444444444444495,0.046944444444444455,0.09750000000000009,7,1.0,False,1.6094379124341003,1.791759469228055,0.18232155679395468,Zhou2020/13,-0.964020804286668
Zhou2020,13,ts_lr,6,5.999141578060879,0.5658333333333332,0.5788888888888889,,0.601388888888889,0.5788888888888889,0.5788888888888889,0.0,-0.022500000000000075,0.013055555555555709,7,0.0,True,1.791759469228055,1.791759469228055,0.0,Zhou2020/13,-0.17902021918369956
Zhou2020,14,csp_lda,1,5.520304865963651,0.5847222222222223,0.5847222222222223,0.6033888888888888,0.5847222222222223,0.6983333333333334,0.6236111111111111,0.11361111111111111,0.11361111111111111,0.11361111111111111,7,5.0,False,0.0,1.791759469228055,1.791759469228055,Zhou2020/14,-0.3726598855308857
Zhou2020,14,csp_lda,2,3.7774737503034985,0.5772222222222223,0.5580555555555555,0.5761111111111111,0.4988888888888888,0.6044444444444445,0.5693888888888889,0.046388888888888924,0.10555555555555562,0.027222222222222148,7,4.0,False,0.6931471805599453,1.791759469228055,1.0986122886681096,Zhou2020/14,-1.0774538731468577
Zhou2020,14,csp_lda,3,2.5162552089572614,0.7127777777777777,0.8208333333333333,0.8258333333333334,0.5877777777777777,0.8697222222222222,0.8402777777777777,0.04888888888888887,0.28194444444444444,0.15694444444444444,7,3.0,False,1.0986122886681098,1.791759469228055,0.6931471805599452,Zhou2020/14,-1.587485646749841
Zhou2020,14,csp_lda,4,2.919019841988437,0.4808333333333333,0.6705555555555555,,0.6613888888888889,0.7247222222222222,0.6949444444444445,0.054166666666666696,0.06333333333333324,0.24388888888888888,7,2.0,False,1.3862943611198906,1.791759469228055,0.4054651081081644,Zhou2020/14,-1.4246092273228201
Zhou2020,14,csp_lda,5,5.491924357609494,0.6036111111111111,0.8591666666666666,,0.7975,0.8561111111111112,0.8572222222222221,-0.003055555555555478,0.05861111111111117,0.25250000000000006,7,1.0,False,1.6094379124341003,1.791759469228055,0.18232155679395468,Zhou2020/14,-0.38413685049539886
Zhou2020,14,csp_lda,6,5.646202512027022,0.6602777777777777,0.8649999999999999,,0.7636111111111111,0.8649999999999999,0.8649999999999999,0.0,0.10138888888888875,0.20472222222222214,7,0.0,True,1.791759469228055,1.791759469228055,0.0,Zhou2020/14,-0.32174737702494394
Zhou2020,14,ts_lr,1,5.520304865963651,0.6802777777777778,0.6802777777777778,0.6327222222222223,0.6802777777777778,0.7169444444444445,0.7157777777777777,0.036666666666666736,0.036666666666666736,0.036666666666666736,7,5.0,False,0.0,1.791759469228055,1.791759469228055,Zhou2020/14,-0.3726598855308857
Zhou2020,14,ts_lr,2,3.7774737503034985,0.6102777777777778,0.5725,0.6637777777777778,0.548611111111111,0.6588888888888889,0.6178333333333332,0.08638888888888885,0.11027777777777781,0.04861111111111105,7,4.0,False,0.6931471805599453,1.791759469228055,1.0986122886681096,Zhou2020/14,-1.0774538731468577
Zhou2020,14,ts_lr,3,2.5162552089572614,0.8072222222222223,0.8061111111111111,0.8452777777777778,0.685,0.8344444444444444,0.8455,0.02833333333333332,0.14944444444444438,0.027222222222222148,7,3.0,False,1.0986122886681098,1.791759469228055,0.6931471805599452,Zhou2020/14,-1.587485646749841
Zhou2020,14,ts_lr,4,2.919019841988437,0.6230555555555557,0.7116666666666668,,0.7058333333333333,0.7366666666666667,0.7282777777777778,0.02499999999999991,0.03083333333333338,0.113611111111111,7,2.0,False,1.3862943611198906,1.791759469228055,0.4054651081081644,Zhou2020/14,-1.4246092273228201
Zhou2020,14,ts_lr,5,5.491924357609494,0.7288888888888889,0.8652777777777778,,0.8847222222222223,0.8969444444444444,0.8916666666666666,0.03166666666666662,0.012222222222222134,0.1680555555555555,7,1.0,False,1.6094379124341003,1.791759469228055,0.18232155679395468,Zhou2020/14,-0.38413685049539886
Zhou2020,14,ts_lr,6,5.646202512027022,0.823888888888889,0.8994444444444445,,0.8533333333333333,0.8994444444444445,0.8994444444444445,0.0,0.046111111111111214,0.07555555555555549,7,0.0,True,1.791759469228055,1.791759469228055,0.0,Zhou2020/14,-0.32174737702494394
Zhou2020,15,csp_lda,1,4.236128883815572,0.7266666666666667,0.7266666666666667,0.7979999999999998,0.7266666666666667,0.8405555555555556,0.7434444444444444,0.11388888888888893,0.11388888888888893,0.11388888888888893,7,5.0,False,0.0,1.791759469228055,1.791759469228055,Zhou2020/15,-0.8919755570989679
Zhou2020,15,csp_lda,2,6.771624118123578,0.7744,0.8456,0.78008,0.7144,0.8440000000000001,0.7636800000000001,-0.0015999999999999348,0.12960000000000005,0.0696000000000001,7,4.0,False,0.6931471805599453,1.791759469228055,1.0986122886681096,Zhou2020/15,0.13336865480555085
Zhou2020,15,csp_lda,3,11.06873726289312,0.4866666666666666,0.5880555555555556,0.5577777777777778,0.5863888888888888,0.6172222222222222,0.6057777777777777,0.029166666666666674,0.03083333333333338,0.13055555555555565,7,3.0,False,1.0986122886681098,1.791759469228055,0.6931471805599452,Zhou2020/15,1.8711041595976854
Zhou2020,15,csp_lda,4,13.401877601336144,0.9477777777777776,0.9633333333333334,,0.9588888888888888,0.9663888888888889,0.964777777777778,0.003055555555555478,0.007500000000000062,0.018611111111111245,7,2.0,False,1.3862943611198906,1.791759469228055,0.4054651081081644,Zhou2020/15,2.8146168545589956
Zhou2020,15,csp_lda,5,6.976813933987843,0.675,0.9725,,0.9472222222222222,0.9616666666666668,0.9703333333333332,-0.01083333333333325,0.014444444444444593,0.28666666666666674,7,1.0,False,1.6094379124341003,1.791759469228055,0.18232155679395468,Zhou2020/15,0.21634660214750245
Zhou2020,15,csp_lda,6,6.866991019578311,0.7799999999999999,0.9169444444444445,,0.8613888888888889,0.9169444444444445,0.9169444444444445,0.0,0.05555555555555558,0.13694444444444454,7,0.0,True,1.791759469228055,1.791759469228055,0.0,Zhou2020/15,0.17193465133780897
Zhou2020,15,ts_lr,1,4.236128883815572,0.8119444444444444,0.8119444444444444,0.8668333333333333,0.8119444444444444,0.8866666666666666,0.8214444444444444,0.07472222222222225,0.07472222222222225,0.07472222222222225,7,5.0,False,0.0,1.791759469228055,1.791759469228055,Zhou2020/15,-0.8919755570989679
Zhou2020,15,ts_lr,2,6.771624118123578,0.8792,0.8767999999999999,0.8233599999999999,0.8211999999999999,0.8699999999999999,0.82584,-0.006800000000000028,0.048799999999999955,-0.009200000000000097,7,4.0,False,0.6931471805599453,1.791759469228055,1.0986122886681096,Zhou2020/15,0.13336865480555085
Zhou2020,15,ts_lr,3,11.06873726289312,0.9283333333333332,0.7180555555555556,0.8791666666666667,0.6491666666666667,0.783611111111111,0.8564999999999999,0.06555555555555548,0.13444444444444437,-0.1447222222222222,7,3.0,False,1.0986122886681098,1.791759469228055,0.6931471805599452,Zhou2020/15,1.8711041595976854
Zhou2020,15,ts_lr,4,13.401877601336144,0.9675,0.976111111111111,,0.9538888888888888,0.9841666666666666,0.9785,0.008055555555555594,0.030277777777777848,0.016666666666666607,7,2.0,False,1.3862943611198906,1.791759469228055,0.4054651081081644,Zhou2020/15,2.8146168545589956
Zhou2020,15,ts_lr,5,6.976813933987843,0.9366666666666666,0.9602777777777778,,0.9508333333333332,0.9597222222222224,0.9579444444444444,-0.0005555555555554204,0.008888888888889168,0.023055555555555718,7,1.0,False,1.6094379124341003,1.791759469228055,0.18232155679395468,Zhou2020/15,0.21634660214750245
Zhou2020,15,ts_lr,6,6.866991019578311,0.8869444444444444,0.9052777777777776,,0.8808333333333332,0.9052777777777776,0.9052777777777776,0.0,0.02444444444444438,0.0183333333333332,7,0.0,True,1.791759469228055,1.791759469228055,0.0,Zhou2020/15,0.17193465133780897
Zhou2020,16,csp_lda,1,5.854504328149381,0.4916666666666667,0.4916666666666667,0.4864444444444444,0.4916666666666667,0.5297222222222221,0.5225,0.0380555555555554,0.0380555555555554,0.0380555555555554,7,5.0,False,0.0,1.791759469228055,1.791759469228055,Zhou2020/16,-0.2375109491270422
Zhou2020,16,csp_lda,2,7.248926681790793,0.4372222222222223,0.4761111111111111,0.5076666666666666,0.4686111111111111,0.4841666666666666,0.5199444444444443,0.008055555555555483,0.01555555555555549,0.04694444444444429,7,4.0,False,0.6931471805599453,1.791759469228055,1.0986122886681096,Zhou2020/16,0.32638791761514363
Zhou2020,16,csp_lda,3,7.365333391072642,0.4811111111111111,0.4977777777777777,0.4458333333333334,0.3666666666666667,0.4358333333333333,0.4492222222222222,-0.06194444444444441,0.0691666666666666,-0.045277777777777806,7,3.0,False,1.0986122886681098,1.791759469228055,0.6931471805599452,Zhou2020/16,0.37346232894669235
Zhou2020,16,csp_lda,4,5.596211495393748,0.4563888888888889,0.4872222222222221,,0.4455555555555555,0.5136111111111111,0.5507222222222222,0.026388888888889017,0.06805555555555565,0.05722222222222223,7,2.0,False,1.3862943611198906,1.791759469228055,0.4054651081081644,Zhou2020/16,-0.34196354578699656
Zhou2020,16,csp_lda,5,7.545664205723512,0.4852777777777777,0.4386111111111111,,0.5166666666666666,0.4944444444444444,0.4587777777777777,0.05583333333333329,-0.0222222222222222,0.009166666666666712,7,1.0,False,1.6094379124341003,1.791759469228055,0.18232155679395468,Zhou2020/16,0.4463873948385081
Zhou2020,16,csp_lda,6,4.482282039964478,0.5413888888888888,0.49,,0.5008333333333334,0.49,0.49,0.0,-0.010833333333333361,-0.05138888888888882,7,0.0,True,1.791759469228055,1.791759469228055,0.0,Zhou2020/16,-0.7924321974885157
Zhou2020,16,ts_lr,1,5.854504328149381,0.5222222222222223,0.5222222222222223,0.5455555555555556,0.5222222222222223,0.5633333333333332,0.5502777777777778,0.04111111111111099,0.04111111111111099,0.04111111111111099,7,5.0,False,0.0,1.791759469228055,1.791759469228055,Zhou2020/16,-0.2375109491270422
Zhou2020,16,ts_lr,2,7.248926681790793,0.5247222222222222,0.4752777777777778,0.5398888888888889,0.5183333333333333,0.5280555555555556,0.5643333333333334,0.05277777777777781,0.009722222222222299,0.0033333333333334103,7,4.0,False,0.6931471805599453,1.791759469228055,1.0986122886681096,Zhou2020/16,0.32638791761514363
Zhou2020,16,ts_lr,3,7.365333391072642,0.5011111111111111,0.5258333333333333,0.4572222222222221,0.5383333333333333,0.4505555555555555,0.4687222222222222,-0.07527777777777778,-0.08777777777777784,-0.050555555555555576,7,3.0,False,1.0986122886681098,1.791759469228055,0.6931471805599452,Zhou2020/16,0.37346232894669235
Zhou2020,16,ts_lr,4,5.596211495393748,0.4638888888888888,0.5713888888888888,,0.5772222222222222,0.638611111111111,0.6428888888888888,0.06722222222222218,0.061388888888888826,0.17472222222222222,7,2.0,False,1.3862943611198906,1.791759469228055,0.4054651081081644,Zhou2020/16,-0.34196354578699656
Zhou2020,16,ts_lr,5,7.545664205723512,0.5161111111111111,0.5994444444444444,,0.6663888888888889,0.6336111111111111,0.6599999999999999,0.03416666666666668,-0.032777777777777795,0.11750000000000005,7,1.0,False,1.6094379124341003,1.791759469228055,0.18232155679395468,Zhou2020/16,0.4463873948385081
Zhou2020,16,ts_lr,6,4.482282039964478,0.5777777777777777,0.5152777777777777,,0.5838888888888888,0.5152777777777777,0.5152777777777777,0.0,-0.06861111111111107,-0.0625,7,0.0,True,1.791759469228055,1.791759469228055,0.0,Zhou2020/16,-0.7924321974885157
Zhou2020,17,csp_lda,1,8.96157007620204,0.4833333333333333,0.4833333333333333,0.5157222222222222,0.4833333333333333,0.6230555555555556,0.5491111111111111,0.1397222222222223,0.1397222222222223,0.1397222222222223,7,5.0,False,0.0,1.791759469228055,1.791759469228055,Zhou2020/17,1.0189741105429904
Zhou2020,17,csp_lda,2,6.0762845810387205,0.5361111111111111,0.4661111111111111,0.5528888888888889,0.486111111111111,0.4897222222222222,0.5043888888888889,0.023611111111111138,0.0036111111111112315,-0.04638888888888887,7,4.0,False,0.6931471805599453,1.791759469228055,1.0986122886681096,Zhou2020/17,-0.14782389488303468
Zhou2020,17,csp_lda,3,5.665673592046087,0.5551388888888888,0.5147222222222222,0.4911111111111111,0.4663888888888889,0.6047222222222222,0.5497222222222222,0.08999999999999997,0.13833333333333325,0.04958333333333331,7,3.0,False,1.0986122886681098,1.791759469228055,0.6931471805599452,Zhou2020/17,-0.31387334952651474
Zhou2020,17,csp_lda,4,4.555042979173722,0.3943055555555556,0.5508333333333333,,0.4830555555555556,0.4874999999999999,0.5158333333333334,-0.06333333333333341,0.004444444444444251,0.0931944444444443,7,2.0,False,1.3862943611198906,1.791759469228055,0.4054651081081644,Zhou2020/17,-0.7630079623878345
Zhou2020,17,csp_lda,5,5.101913693602018,0.48625,0.5166666666666666,,0.4330555555555556,0.5308333333333333,0.5092222222222221,0.01416666666666666,0.09777777777777769,0.04458333333333325,7,1.0,False,1.6094379124341003,1.791759469228055,0.18232155679395468,Zhou2020/17,-0.5418556154570076
Zhou2020,17,csp_lda,6,6.014568032243853,0.4831944444444445,0.5513888888888889,,0.53,0.5513888888888889,0.5513888888888889,0.0,0.0213888888888889,0.06819444444444445,7,0.0,True,1.791759469228055,1.791759469228055,0.0,Zhou2020/17,-0.1727818223243029
Zhou2020,17,ts_lr,1,8.96157007620204,0.4641666666666667,0.4641666666666667,0.4979444444444444,0.4641666666666667,0.608611111111111,0.5292777777777777,0.14444444444444426,0.14444444444444426,0.14444444444444426,7,5.0,False,0.0,1.791759469228055,1.791759469228055,Zhou2020/17,1.0189741105429904
Zhou2020,17,ts_lr,2,6.0762845810387205,0.5088888888888888,0.5105555555555555,0.5276111111111111,0.483611111111111,0.4755555555555555,0.5133888888888889,-0.03500000000000003,-0.008055555555555483,-0.033333333333333326,7,4.0,False,0.6931471805599453,1.791759469228055,1.0986122886681096,Zhou2020/17,-0.14782389488303468
Zhou2020,17,ts_lr,3,5.665673592046087,0.4974999999999999,0.5572222222222222,0.5263888888888889,0.5333333333333334,0.5452777777777778,0.5800555555555557,-0.011944444444444424,0.011944444444444313,0.04777777777777786,7,3.0,False,1.0986122886681098,1.791759469228055,0.6931471805599452,Zhou2020/17,-0.31387334952651474
Zhou2020,17,ts_lr,4,4.555042979173722,0.5372222222222223,0.55,,0.5155555555555555,0.5033333333333334,0.4846666666666667,-0.046666666666666634,-0.012222222222222134,-0.03388888888888886,7,2.0,False,1.3862943611198906,1.791759469228055,0.4054651081081644,Zhou2020/17,-0.7630079623878345
Zhou2020,17,ts_lr,5,5.101913693602018,0.5688888888888889,0.533611111111111,,0.4586111111111112,0.543888888888889,0.5465,0.010277777777777941,0.08527777777777779,-0.02499999999999991,7,1.0,False,1.6094379124341003,1.791759469228055,0.18232155679395468,Zhou2020/17,-0.5418556154570076
Zhou2020,17,ts_lr,6,6.014568032243853,0.4705555555555555,0.5105555555555557,,0.553611111111111,0.5105555555555557,0.5105555555555557,0.0,-0.0430555555555554,0.04000000000000015,7,0.0,True,1.791759469228055,1.791759469228055,0.0,Zhou2020/17,-0.1727818223243029
Zhou2020,18,csp_lda,1,3.43575553194075,0.6011111111111112,0.6011111111111112,0.614111111111111,0.6011111111111112,0.7136111111111111,0.6094999999999999,0.11249999999999993,0.11249999999999993,0.11249999999999993,7,5.0,False,0.0,1.791759469228055,1.791759469228055,Zhou2020/18,-1.2156433647142495
Zhou2020,18,csp_lda,2,2.5156187081229655,0.7441666666666666,0.7236111111111111,0.723111111111111,0.6525000000000001,0.7547222222222222,0.6825555555555557,0.03111111111111109,0.1022222222222221,0.01055555555555554,7,4.0,False,0.6931471805599453,1.791759469228055,1.0986122886681096,Zhou2020/18,-1.587743045161594
Zhou2020,18,csp_lda,3,3.3663851682550354,0.7958333333333333,0.8644444444444445,0.8141666666666666,0.7183333333333334,0.8194444444444445,0.806,-0.04499999999999993,0.10111111111111115,0.02361111111111125,7,3.0,False,1.0986122886681098,1.791759469228055,0.6931471805599452,Zhou2020/18,-1.243696464527025
Zhou2020,18,csp_lda,4,6.183005855524861,0.7502777777777778,0.8494444444444444,,0.6519444444444444,0.8533333333333333,0.8388888888888889,0.0038888888888888307,0.20138888888888884,0.10305555555555546,7,2.0,False,1.3862943611198906,1.791759469228055,0.4054651081081644,Zhou2020/18,-0.10466623495104799
Zhou2020,18,csp_lda,5,5.892821833179236,0.6727777777777778,0.7361111111111112,,0.553888888888889,0.7388888888888889,0.736,0.002777777777777768,0.18499999999999994,0.06611111111111112,7,1.0,False,1.6094379124341003,1.791759469228055,0.18232155679395468,Zhou2020/18,-0.22201550213689739
Zhou2020,18,csp_lda,6,4.800632742478172,0.7236111111111112,0.7813888888888889,,0.7038888888888889,0.7813888888888889,0.7813888888888889,0.0,0.07750000000000001,0.057777777777777706,7,0.0,True,1.791759469228055,1.791759469228055,0.0,Zhou2020/18,-0.6636924366081365
Zhou2020,18,ts_lr,1,3.43575553194075,0.6638888888888888,0.6638888888888888,0.6677777777777778,0.6638888888888888,0.7230555555555556,0.6654444444444445,0.05916666666666681,0.05916666666666681,0.05916666666666681,7,5.0,False,0.0,1.791759469228055,1.791759469228055,Zhou2020/18,-1.2156433647142495
Zhou2020,18,ts_lr,2,2.5156187081229655,0.7386111111111111,0.7405555555555556,0.7528333333333334,0.7308333333333333,0.7669444444444444,0.7447777777777776,0.026388888888888795,0.036111111111111094,0.02833333333333332,7,4.0,False,0.6931471805599453,1.791759469228055,1.0986122886681096,Zhou2020/18,-1.587743045161594
Zhou2020,18,ts_lr,3,3.3663851682550354,0.8033333333333333,0.8883333333333334,0.7605555555555555,0.8788888888888888,0.8450000000000001,0.8361666666666666,-0.043333333333333335,-0.033888888888888746,0.04166666666666674,7,3.0,False,1.0986122886681098,1.791759469228055,0.6931471805599452,Zhou2020/18,-1.243696464527025
Zhou2020,18,ts_lr,4,6.183005855524861,0.7897222222222222,0.8202777777777778,,0.8005555555555556,0.8558333333333333,0.8473333333333335,0.03555555555555556,0.05527777777777776,0.06611111111111112,7,2.0,False,1.3862943611198906,1.791759469228055,0.4054651081081644,Zhou2020/18,-0.10466623495104799
Zhou2020,18,ts_lr,5,5.892821833179236,0.7202777777777778,0.7527777777777779,,0.7652777777777778,0.7847222222222222,0.7767222222222221,0.03194444444444433,0.019444444444444375,0.06444444444444442,7,1.0,False,1.6094379124341003,1.791759469228055,0.18232155679395468,Zhou2020/18,-0.22201550213689739
Zhou2020,18,ts_lr,6,4.800632742478172,0.7247222222222223,0.7791666666666666,,0.7552777777777778,0.7791666666666666,0.7791666666666666,0.0,0.023888888888888737,0.054444444444444295,7,0.0,True,1.791759469228055,1.791759469228055,0.0,Zhou2020/18,-0.6636924366081365
Zhou2020,19,csp_lda,1,9.688391620206763,0.5538888888888889,0.5538888888888889,0.5599444444444445,0.5538888888888889,0.5886111111111111,0.583,0.03472222222222221,0.03472222222222221,0.03472222222222221,7,5.0,False,0.0,1.791759469228055,1.791759469228055,Zhou2020/19,1.3128978589093099
Zhou2020,19,csp_lda,2,10.428679287691711,0.8155555555555556,0.5741666666666666,0.8013333333333332,0.5227777777777778,0.52,0.6661666666666667,-0.054166666666666585,-0.002777777777777768,-0.29555555555555557,7,4.0,False,0.6931471805599453,1.791759469228055,1.0986122886681096,Zhou2020/19,1.6122672541774299
Zhou2020,19,csp_lda,3,2.7583437888022835,0.6394444444444445,0.5216666666666667,0.8130555555555556,0.8130555555555556,0.4511111111111111,0.598111111111111,-0.07055555555555565,-0.36194444444444457,-0.1883333333333334,7,3.0,False,1.0986122886681098,1.791759469228055,0.6931471805599452,Zhou2020/19,-1.4895859856684333
Zhou2020,19,csp_lda,4,2.312766539338511,0.7352777777777778,0.4419444444444443,,0.7708333333333334,0.4327777777777777,0.4985555555555555,-0.0091666666666666,-0.33805555555555566,-0.3025000000000001,7,2.0,False,1.3862943611198906,1.791759469228055,0.4054651081081644,Zhou2020/19,-1.6697756573002573
Zhou2020,19,csp_lda,5,4.02199937789283,0.7130555555555557,0.4455555555555555,,0.6388888888888888,0.4544444444444444,0.4639444444444444,0.00888888888888889,-0.18444444444444447,-0.2586111111111113,7,1.0,False,1.6094379124341003,1.791759469228055,0.18232155679395468,Zhou2020/19,-0.978568679627861
Zhou2020,19,csp_lda,6,5.509419394608672,0.7655555555555557,0.6266666666666668,,0.6855555555555556,0.6266666666666668,0.6266666666666668,0.0,-0.05888888888888877,-0.13888888888888884,7,0.0,True,1.791759469228055,1.791759469228055,0.0,Zhou2020/19,-0.3770619269532694
Zhou2020,19,ts_lr,1,9.688391620206763,0.5711111111111111,0.5711111111111111,0.7018333333333334,0.5711111111111111,0.7455555555555554,0.5968888888888888,0.1744444444444443,0.1744444444444443,0.1744444444444443,7,5.0,False,0.0,1.791759469228055,1.791759469228055,Zhou2020/19,1.3128978589093099
Zhou2020,19,ts_lr,2,10.428679287691711,0.8708333333333332,0.8908333333333334,0.8807222222222222,0.8966666666666666,0.9027777777777778,0.8524444444444447,0.011944444444444424,0.006111111111111178,0.03194444444444455,7,4.0,False,0.6931471805599453,1.791759469228055,1.0986122886681096,Zhou2020/19,1.6122672541774299
Zhou2020,19,ts_lr,3,2.7583437888022835,0.6911111111111111,0.8758333333333334,0.849722222222222,0.855,0.8858333333333334,0.8472777777777779,0.010000000000000009,0.03083333333333338,0.19472222222222224,7,3.0,False,1.0986122886681098,1.791759469228055,0.6931471805599452,Zhou2020/19,-1.4895859856684333
Zhou2020,19,ts_lr,4,2.312766539338511,0.7630555555555555,0.8797222222222222,,0.8272222222222222,0.8716666666666667,0.8674999999999999,-0.008055555555555483,0.04444444444444451,0.10861111111111121,7,2.0,False,1.3862943611198906,1.791759469228055,0.4054651081081644,Zhou2020/19,-1.6697756573002573
Zhou2020,19,ts_lr,5,4.02199937789283,0.7461111111111112,0.8072222222222223,,0.7766666666666667,0.8333333333333334,0.8340555555555556,0.026111111111111085,0.05666666666666664,0.0872222222222222,7,1.0,False,1.6094379124341003,1.791759469228055,0.18232155679395468,Zhou2020/19,-0.978568679627861
Zhou2020,19,ts_lr,6,5.509419394608672,0.8669444444444444,0.98,,0.8619444444444444,0.98,0.98,0.0,0.11805555555555558,0.11305555555555558,7,0.0,True,1.791759469228055,1.791759469228055,0.0,Zhou2020/19,-0.3770619269532694
Zhou2020,20,csp_lda,1,6.2554842650104785,0.3788888888888889,0.3788888888888889,0.6096666666666668,0.3788888888888889,0.7488888888888889,0.5866111111111112,0.37000000000000005,0.37000000000000005,0.37000000000000005,6,4.0,False,0.0,1.6094379124341003,1.6094379124341003,Zhou2020/20,-0.07535625374952326
Zhou2020,20,csp_lda,2,3.0684087942606464,0.5911111111111111,0.6283333333333334,0.6578888888888889,0.5316666666666666,0.7291666666666667,0.7097777777777778,0.10083333333333333,0.19750000000000012,0.1380555555555556,6,3.0,False,0.6931471805599453,1.6094379124341003,0.916290731874155,Zhou2020/20,-1.3641969277995694
Zhou2020,20,csp_lda,3,5.255102008050282,0.4427777777777777,0.5997222222222223,,0.5272222222222223,0.7,0.6431666666666667,0.10027777777777769,0.1727777777777777,0.25722222222222224,6,2.0,False,1.0986122886681098,1.6094379124341003,0.5108256237659905,Zhou2020/20,-0.47990686894563617
Zhou2020,20,csp_lda,4,5.1879020214342555,0.5317283950617284,0.741358024691358,,0.5550617283950617,0.7267901234567902,0.7085925925925926,-0.01456790123456786,0.17172839506172843,0.19506172839506175,6,1.0,False,1.3862943611198906,1.6094379124341003,0.2231435513142097,Zhou2020/20,-0.50708227688349
Zhou2020,20,csp_lda,5,5.868839423008523,0.569375,0.7371875,,0.5626562500000001,0.7371875,0.7371875,0.0,0.17453124999999992,0.16781250000000003,6,0.0,True,1.6094379124341003,1.6094379124341003,0.0,Zhou2020/20,-0.23171389364768738
Zhou2020,20,ts_lr,1,6.2554842650104785,0.4730555555555555,0.4730555555555555,0.6220555555555556,0.4730555555555555,0.6483333333333333,0.5958333333333333,0.1752777777777778,0.1752777777777778,0.1752777777777778,6,4.0,False,0.0,1.6094379124341003,1.6094379124341003,Zhou2020/20,-0.07535625374952326
Zhou2020,20,ts_lr,2,3.0684087942606464,0.5363888888888888,0.5947222222222223,0.6526666666666666,0.6116666666666667,0.6808333333333333,0.6938333333333333,0.08611111111111103,0.0691666666666666,0.1444444444444445,6,3.0,False,0.6931471805599453,1.6094379124341003,0.916290731874155,Zhou2020/20,-1.3641969277995694
Zhou2020,20,ts_lr,3,5.255102008050282,0.528888888888889,0.5938888888888889,,0.5533333333333333,0.6172222222222222,0.6251666666666665,0.023333333333333317,0.06388888888888888,0.08833333333333326,6,2.0,False,1.0986122886681098,1.6094379124341003,0.5108256237659905,Zhou2020/20,-0.47990686894563617
Zhou2020,20,ts_lr,4,5.1879020214342555,0.4960493827160494,0.7216049382716049,,0.6474074074074074,0.7362962962962963,0.7137530864197532,0.014691358024691459,0.0888888888888889,0.2402469135802469,6,1.0,False,1.3862943611198906,1.6094379124341003,0.2231435513142097,Zhou2020/20,-0.50708227688349
Zhou2020,20,ts_lr,5,5.868839423008523,0.5909375,0.7018750000000001,,0.65140625,0.7018750000000001,0.7018750000000001,0.0,0.05046875000000017,0.11093750000000013,6,0.0,True,1.6094379124341003,1.6094379124341003,0.0,Zhou2020/20,-0.23171389364768738
